ISO-10303-21;
HEADER;
FILE_DESCRIPTION (( 'STEP AP214' ),
    '1' );
FILE_NAME ('ACPL-C870-500E.STEP',
    '2023-12-15T10:43:38',
    ( '' ),
    ( '' ),
    'SwSTEP 2.0',
    'SolidWorks 2021',
    '' );
FILE_SCHEMA (( 'AUTOMOTIVE_DESIGN' ));
ENDSEC;

DATA;
#1 = ORIENTED_EDGE ( 'NONE', *, *, #3100, .F. ) ;
#2 = UNCERTAINTY_MEASURE_WITH_UNIT (LENGTH_MEASURE( 1.000000000000000082E-05 ), #1104, 'distance_accuracy_value', 'NONE');
#3 = LINE ( 'NONE', #296, #3998 ) ;
#4 = DIRECTION ( 'NONE',  ( -0.000000000000000000, -0.000000000000000000, -1.000000000000000000 ) ) ;
#5 = VECTOR ( 'NONE', #582, 1000.000000000000000 ) ;
#6 = DIRECTION ( 'NONE',  ( -3.910807474849149877E-15, 1.000000000000000000, 0.000000000000000000 ) ) ;
#7 = ORIENTED_EDGE ( 'NONE', *, *, #1900, .T. ) ;
#8 = VECTOR ( 'NONE', #1106, 1000.000000000000000 ) ;
#9 = ORIENTED_EDGE ( 'NONE', *, *, #606, .T. ) ;
#10 = LINE ( 'NONE', #3230, #2667 ) ;
#11 = FACE_OUTER_BOUND ( 'NONE', #950, .T. ) ;
#12 = VERTEX_POINT ( 'NONE', #1816 ) ;
#13 = ORIENTED_EDGE ( 'NONE', *, *, #451, .F. ) ;
#14 = LINE ( 'NONE', #3814, #1338 ) ;
#15 = DIRECTION ( 'NONE',  ( -1.000000000000000000, 0.000000000000000000, 0.000000000000000000 ) ) ;
#16 = ORIENTED_EDGE ( 'NONE', *, *, #2782, .F. ) ;
#17 = VECTOR ( 'NONE', #2663, 1000.000000000000000 ) ;
#18 = AXIS2_PLACEMENT_3D ( 'NONE', #2073, #2732, #2750 ) ;
#19 = ADVANCED_FACE ( 'NONE', ( #4027 ), #4046, .F. ) ;
#20 =( LENGTH_UNIT ( ) NAMED_UNIT ( * ) SI_UNIT ( .MILLI., .METRE. ) );
#21 = CARTESIAN_POINT ( 'NONE',  ( -3.874554418332485373, 1.624558990625769139, -1.714499999999999913 ) ) ;
#22 = CARTESIAN_POINT ( 'NONE',  ( 3.874554418332483596, 2.080499999999998906, -1.714499999999999913 ) ) ;
#23 = CYLINDRICAL_SURFACE ( 'NONE', #2488, 0.4559410093742276016 ) ;
#24 = DIRECTION ( 'NONE',  ( 1.000000000000000000, 0.000000000000000000, -1.911330405439408505E-16 ) ) ;
#25 = LINE ( 'NONE', #671, #1734 ) ;
#26 = EDGE_CURVE ( 'NONE', #1885, #710, #3095, .T. ) ;
#27 = ORIENTED_EDGE ( 'NONE', *, *, #249, .T. ) ;
#28 = LINE ( 'NONE', #2846, #1731 ) ;
#29 = ORIENTED_EDGE ( 'NONE', *, *, #323, .F. ) ;
#30 = EDGE_LOOP ( 'NONE', ( #784, #2036, #1139, #3811 ) ) ;
#31 = CARTESIAN_POINT ( 'NONE',  ( 3.403500000000000192, 1.826500000000000457, 0.8255000000000000115 ) ) ;
#32 = DIRECTION ( 'NONE',  ( -0.000000000000000000, -0.000000000000000000, -1.000000000000000000 ) ) ;
#33 = CARTESIAN_POINT ( 'NONE',  ( 5.750000000000000888, -2.710505431213761085E-17, -1.714499999999999913 ) ) ;
#34 = ORIENTED_EDGE ( 'NONE', *, *, #1900, .F. ) ;
#35 = EDGE_LOOP ( 'NONE', ( #2957, #1781, #78, #3422, #567, #1503, #3637, #1590, #257, #2122, #460, #2719 ) ) ;
#36 = PLANE ( 'NONE',  #2725 ) ;
#37 = DIRECTION ( 'NONE',  ( -1.000000000000000000, 0.000000000000000000, 0.000000000000000000 ) ) ;
#38 = ORIENTED_EDGE ( 'NONE', *, *, #3406, .T. ) ;
#39 = DIRECTION ( 'NONE',  ( -3.830847676115450841E-15, -1.000000000000000000, 0.000000000000000000 ) ) ;
#40 = PLANE ( 'NONE',  #3652 ) ;
#41 = CARTESIAN_POINT ( 'NONE',  ( 4.999999999999996447, 0.4559410093742238823, -0.8254999999999999005 ) ) ;
#42 = UNCERTAINTY_MEASURE_WITH_UNIT (LENGTH_MEASURE( 1.000000000000000082E-05 ), #2057, 'distance_accuracy_value', 'NONE');
#43 = DIRECTION ( 'NONE',  ( -0.000000000000000000, -1.000000000000000000, -0.000000000000000000 ) ) ;
#44 = LINE ( 'NONE', #2551, #1531 ) ;
#45 = DIRECTION ( 'NONE',  ( -0.000000000000000000, -0.000000000000000000, -1.000000000000000000 ) ) ;
#46 = ORIENTED_EDGE ( 'NONE', *, *, #2241, .F. ) ;
#47 = EDGE_CURVE ( 'NONE', #1051, #3465, #2442, .T. ) ;
#48 = EDGE_CURVE ( 'NONE', #2347, #3121, #2697, .T. ) ;
#49 = AXIS2_PLACEMENT_3D ( 'NONE', #2139, #1271, #2820 ) ;
#50 = EDGE_CURVE ( 'NONE', #144, #1885, #2800, .T. ) ;
#51 = ORIENTED_EDGE ( 'NONE', *, *, #503, .F. ) ;
#52 = DIRECTION ( 'NONE',  ( 0.1378445374916289490, 0.9808148484639890308, 0.1378445374916288657 ) ) ;
#53 = CARTESIAN_POINT ( 'NONE',  ( -4.302998820355126597, 1.780499999999992422, 2.095500000000000362 ) ) ;
#54 = CARTESIAN_POINT ( 'NONE',  ( -5.750000000000000888, 0.2539999999999990044, -2.095499999999999918 ) ) ;
#55 = ORIENTED_EDGE ( 'NONE', *, *, #3052, .F. ) ;
#56 = VERTEX_POINT ( 'NONE', #1585 ) ;
#57 = LINE ( 'NONE', #371, #3444 ) ;
#58 = EDGE_CURVE ( 'NONE', #3171, #3699, #236, .T. ) ;
#59 = ORIENTED_EDGE ( 'NONE', *, *, #2765, .F. ) ;
#60 = CARTESIAN_POINT ( 'NONE',  ( -3.403500000000000636, 1.826500000000000457, 2.095500000000000362 ) ) ;
#61 = AXIS2_PLACEMENT_3D ( 'NONE', #1640, #1924, #1946 ) ;
#62 = DIRECTION ( 'NONE',  ( 1.000000000000000000, -3.910807474849149088E-15, -0.000000000000000000 ) ) ;
#63 = CARTESIAN_POINT ( 'NONE',  ( 3.403499999999999304, 2.080500000000000238, -2.925000000000001599 ) ) ;
#64 = STYLED_ITEM ( 'NONE', ( #1119 ), #3359 ) ;
#65 = DIRECTION ( 'NONE',  ( -1.000000000000000000, 0.000000000000000000, 0.000000000000000000 ) ) ;
#66 = CARTESIAN_POINT ( 'NONE',  ( 4.302998820355126597, 1.780499999999993532, -2.095499999999999918 ) ) ;
#68 = LINE ( 'NONE', #2889, #1000 ) ;
#67 = VECTOR ( 'NONE', #944, 1000.000000000000000 ) ;
#69 = CARTESIAN_POINT ( 'NONE',  ( 5.000000000000001776, -2.960210660448999032E-15, 0.8255000000000000115 ) ) ;
#70 = ORIENTED_EDGE ( 'NONE', *, *, #3356, .T. ) ;
#71 = ORIENTED_EDGE ( 'NONE', *, *, #1032, .T. ) ;
#72 = AXIS2_PLACEMENT_3D ( 'NONE', #1644, #979, #2284 ) ;
#73 = CARTESIAN_POINT ( 'NONE',  ( -3.403499999999998860, 1.826500000000000457, 2.925000000000001599 ) ) ;
#74 = EDGE_CURVE ( 'NONE', #2268, #1580, #3432, .T. ) ;
#75 = EDGE_CURVE ( 'NONE', #2310, #486, #3452, .T. ) ;
#76 = CARTESIAN_POINT ( 'NONE',  ( -5.750000000000001776, -2.710505431213761085E-17, 0.4445000000000002283 ) ) ;
#77 = DIRECTION ( 'NONE',  ( -1.000000000000000000, 0.000000000000000000, 0.000000000000000000 ) ) ;
#78 = ORIENTED_EDGE ( 'NONE', *, *, #3527, .T. ) ;
#79 =( GEOMETRIC_REPRESENTATION_CONTEXT ( 3 ) GLOBAL_UNCERTAINTY_ASSIGNED_CONTEXT ( ( #2742 ) ) GLOBAL_UNIT_ASSIGNED_CONTEXT ( ( #708, #1326, #662 ) ) REPRESENTATION_CONTEXT ( 'NONE', 'WORKASPACE' ) );
#80 = ORIENTED_EDGE ( 'NONE', *, *, #355, .T. ) ;
#81 = AXIS2_PLACEMENT_3D ( 'NONE', #2043, #145, #3362 ) ;
#82 = CARTESIAN_POINT ( 'NONE',  ( -4.810237523656976322, 0.3868731164047179427, 1.714500000000000357 ) ) ;
#83 = VERTEX_POINT ( 'NONE', #1851 ) ;
#84 = CIRCLE ( 'NONE', #946, 0.3012640406271755444 ) ;
#85 = AXIS2_PLACEMENT_3D ( 'NONE', #726, #1982, #1278 ) ;
#86 = PRESENTATION_STYLE_ASSIGNMENT (( #713 ) ) ;
#87 = LINE ( 'NONE', #1026, #824 ) ;
#88 = ADVANCED_BREP_SHAPE_REPRESENTATION ( 'ACPL-C870-500E', ( #3359, #3306, #3346, #2032, #1979, #644, #562, #2050, #558, #694, #2924 ), #2511 ) ;
#89 = CARTESIAN_POINT ( 'NONE',  ( 4.999999999999996447, 0.4559410093742238823, -1.714499999999999913 ) ) ;
#90 = CIRCLE ( 'NONE', #3600, 0.2019410093742298740 ) ;
#91 = VECTOR ( 'NONE', #2658, 1000.000000000000000 ) ;
#92 = PLANE ( 'NONE',  #185 ) ;
#93 = VECTOR ( 'NONE', #3078, 1000.000000000000000 ) ;
#94 = CYLINDRICAL_SURFACE ( 'NONE', #1419, 0.2019410093742303181 ) ;
#95 = DIRECTION ( 'NONE',  ( -1.000000000000000000, 0.000000000000000000, 0.000000000000000000 ) ) ;
#96 = ORIENTED_EDGE ( 'NONE', *, *, #455, .T. ) ;
#97 = ORIENTED_EDGE ( 'NONE', *, *, #712, .F. ) ;
#98 = ORIENTED_EDGE ( 'NONE', *, *, #2512, .F. ) ;
#99 = DIRECTION ( 'NONE',  ( -1.000000000000000000, 0.000000000000000000, 0.000000000000000000 ) ) ;
#100 = PLANE ( 'NONE',  #613 ) ;
#101 = DIRECTION ( 'NONE',  ( 1.000000000000000000, 4.603299025719963228E-15, 0.000000000000000000 ) ) ;
#102 = ORIENTED_EDGE ( 'NONE', *, *, #376, .T. ) ;
#103 = ORIENTED_EDGE ( 'NONE', *, *, #2078, .T. ) ;
#104 = FILL_AREA_STYLE ('',( #1945 ) ) ;
#105 = DIRECTION ( 'NONE',  ( 0.000000000000000000, 0.000000000000000000, 1.000000000000000000 ) ) ;
#106 = VERTEX_POINT ( 'NONE', #1872 ) ;
#107 = ADVANCED_FACE ( 'NONE', ( #2841 ), #1565, .F. ) ;
#108 = EDGE_CURVE ( 'NONE', #3084, #834, #577, .T. ) ;
#109 =( NAMED_UNIT ( * ) SI_UNIT ( $, .STERADIAN. ) SOLID_ANGLE_UNIT ( ) );
#110 = CARTESIAN_POINT ( 'NONE',  ( 3.874554418332484040, 2.080499999999998906, -0.4445000000000000062 ) ) ;
#111 = DIRECTION ( 'NONE',  ( 1.000000000000000000, 0.000000000000000000, 0.000000000000000000 ) ) ;
#112 = DIRECTION ( 'NONE',  ( 1.000000000000000000, -3.910807474849149088E-15, -0.000000000000000000 ) ) ;
#113 = CARTESIAN_POINT ( 'NONE',  ( 3.403499999999999748, 2.080500000000000682, -2.095499999999999918 ) ) ;
#114 = ORIENTED_EDGE ( 'NONE', *, *, #1846, .T. ) ;
#115 = FILL_AREA_STYLE_COLOUR ( '', #3050 ) ;
#116 = EDGE_CURVE ( 'NONE', #1723, #3277, #940, .T. ) ;
#117 = ORIENTED_EDGE ( 'NONE', *, *, #1494, .T. ) ;
#118 = VERTEX_POINT ( 'NONE', #2598 ) ;
#119 = CARTESIAN_POINT ( 'NONE',  ( 3.403500000000000636, 1.826500000000000457, 2.925000000000000266 ) ) ;
#120 = LINE ( 'NONE', #1170, #1146 ) ;
#121 = DIRECTION ( 'NONE',  ( 0.1378445374916289490, -0.9808148484639890308, 0.1378445374916288657 ) ) ;
#122 = AXIS2_PLACEMENT_3D ( 'NONE', #717, #2906, #1994 ) ;
#123 = ORIENTED_EDGE ( 'NONE', *, *, #48, .T. ) ;
#124 = ORIENTED_EDGE ( 'NONE', *, *, #2147, .F. ) ;
#125 = DIRECTION ( 'NONE',  ( -0.000000000000000000, -0.000000000000000000, -1.000000000000000000 ) ) ;
#126 = SURFACE_SIDE_STYLE ('',( #1372 ) ) ;
#127 = ORIENTED_EDGE ( 'NONE', *, *, #2881, .T. ) ;
#128 = DIRECTION ( 'NONE',  ( -1.000000000000000000, 0.000000000000000000, 0.000000000000000000 ) ) ;
#129 = DIRECTION ( 'NONE',  ( -0.3420201433256689905, -0.9396926207859083169, 0.000000000000000000 ) ) ;
#130 = EDGE_CURVE ( 'NONE', #607, #2948, #3842, .T. ) ;
#131 = ADVANCED_FACE ( 'NONE', ( #1909 ), #3507, .T. ) ;
#132 = PLANE ( 'NONE',  #176 ) ;
#133 = LINE ( 'NONE', #3223, #691 ) ;
#134 = EDGE_LOOP ( 'NONE', ( #4082, #1053, #1947, #1617 ) ) ;
#135 = VECTOR ( 'NONE', #3675, 1000.000000000000000 ) ;
#136 = VERTEX_POINT ( 'NONE', #2865 ) ;
#137 = VECTOR ( 'NONE', #2943, 1000.000000000000000 ) ;
#138 = FACE_OUTER_BOUND ( 'NONE', #4076, .T. ) ;
#139 = PLANE ( 'NONE',  #472 ) ;
#140 = DIRECTION ( 'NONE',  ( -1.000000000000000000, 0.000000000000000000, 0.000000000000000000 ) ) ;
#141 = ORIENTED_EDGE ( 'NONE', *, *, #1575, .T. ) ;
#142 = CIRCLE ( 'NONE', #467, 0.3012640406271755444 ) ;
#143 = EDGE_CURVE ( 'NONE', #805, #701, #1292, .T. ) ;
#144 = VERTEX_POINT ( 'NONE', #1974 ) ;
#145 = DIRECTION ( 'NONE',  ( 0.000000000000000000, 0.000000000000000000, 1.000000000000000000 ) ) ;
#146 = CARTESIAN_POINT ( 'NONE',  ( -3.874554418332484484, 1.624558990625769139, 1.714500000000000357 ) ) ;
#147 = ORIENTED_EDGE ( 'NONE', *, *, #1238, .T. ) ;
#148 = AXIS2_PLACEMENT_3D ( 'NONE', #89, #2954, #3530 ) ;
#149 = CIRCLE ( 'NONE', #2454, 0.4559410093742276016 ) ;
#150 = LINE ( 'NONE', #778, #1011 ) ;
#151 = AXIS2_PLACEMENT_3D ( 'NONE', #1689, #3837, #3260 ) ;
#152 = CARTESIAN_POINT ( 'NONE',  ( -4.571555597977357444, 0.2999999999999999334, 2.095500000000000362 ) ) ;
#153 = PRESENTATION_LAYER_ASSIGNMENT (  '', '', ( #1999 ) ) ;
#154 = EDGE_CURVE ( 'NONE', #1557, #1059, #3820, .T. ) ;
#155 = DIRECTION ( 'NONE',  ( 0.000000000000000000, 0.000000000000000000, 1.000000000000000000 ) ) ;
#156 = FACE_OUTER_BOUND ( 'NONE', #1452, .T. ) ;
#157 = EDGE_CURVE ( 'NONE', #3294, #3203, #3754, .T. ) ;
#158 = VECTOR ( 'NONE', #602, 1000.000000000000000 ) ;
#159 = VERTEX_POINT ( 'NONE', #2571 ) ;
#160 = AXIS2_PLACEMENT_3D ( 'NONE', #4048, #315, #1294 ) ;
#161 = ORIENTED_EDGE ( 'NONE', *, *, #1760, .F. ) ;
#162 = EDGE_CURVE ( 'NONE', #552, #3465, #3575, .T. ) ;
#163 = FACE_OUTER_BOUND ( 'NONE', #1715, .T. ) ;
#164 = CARTESIAN_POINT ( 'NONE',  ( 3.403499999999999748, 1.826500000000000457, -1.714499999999999913 ) ) ;
#165 = CARTESIAN_POINT ( 'NONE',  ( -5.000000000000000000, 0.2539999999999951741, 2.095500000000000362 ) ) ;
#166 = ORIENTED_EDGE ( 'NONE', *, *, #3052, .T. ) ;
#167 = EDGE_LOOP ( 'NONE', ( #2044, #3990, #1283, #372, #3457, #3006, #2740, #4009, #1683, #1408, #867, #243 ) ) ;
#168 = CARTESIAN_POINT ( 'NONE',  ( 4.999999999999999112, 0.2539999999999954516, -1.714499999999999913 ) ) ;
#169 = ORIENTED_EDGE ( 'NONE', *, *, #4050, .T. ) ;
#170 = FACE_OUTER_BOUND ( 'NONE', #2762, .T. ) ;
#171 = CARTESIAN_POINT ( 'NONE',  ( -4.302998820355127485, 1.780499999999992422, -1.714499999999999913 ) ) ;
#172 = LINE ( 'NONE', #3325, #3841 ) ;
#173 = CARTESIAN_POINT ( 'NONE',  ( -4.999999999999998224, 0.4559410093742238823, -0.8254999999999999005 ) ) ;
#174 = CARTESIAN_POINT ( 'NONE',  ( 3.874554418332483596, 1.826499999999998902, -2.095499999999999918 ) ) ;
#175 = ORIENTED_EDGE ( 'NONE', *, *, #2375, .T. ) ;
#176 = AXIS2_PLACEMENT_3D ( 'NONE', #2015, #3930, #1090 ) ;
#177 = EDGE_LOOP ( 'NONE', ( #1486, #2365, #3520, #207 ) ) ;
#178 = CARTESIAN_POINT ( 'NONE',  ( 5.750000000000001776, -2.710505431213761085E-17, 2.095500000000000362 ) ) ;
#179 = ADVANCED_FACE ( 'NONE', ( #378 ), #3176, .T. ) ;
#180 = PLANE ( 'NONE',  #2986 ) ;
#181 = ADVANCED_FACE ( 'NONE', ( #1670 ), #23, .T. ) ;
#182 = ORIENTED_EDGE ( 'NONE', *, *, #3016, .T. ) ;
#183 = ADVANCED_FACE ( 'NONE', ( #3533 ), #92, .F. ) ;
#184 = VERTEX_POINT ( 'NONE', #3265 ) ;
#185 = AXIS2_PLACEMENT_3D ( 'NONE', #1360, #2263, #1048 ) ;
#186 = CARTESIAN_POINT ( 'NONE',  ( 3.403500000000000192, 2.080500000000000682, -0.8254999999999999005 ) ) ;
#187 = PLANE ( 'NONE',  #2656 ) ;
#188 = VERTEX_POINT ( 'NONE', #1954 ) ;
#189 = AXIS2_PLACEMENT_3D ( 'NONE', #3678, #780, #516 ) ;
#190 = DIRECTION ( 'NONE',  ( -1.000000000000000000, 0.000000000000000000, 0.000000000000000000 ) ) ;
#191 = EDGE_CURVE ( 'NONE', #3494, #542, #3909, .T. ) ;
#192 = CARTESIAN_POINT ( 'NONE',  ( -4.999999999999998224, 0.4559410093742238823, -1.714499999999999913 ) ) ;
#193 = LINE ( 'NONE', #2049, #3506 ) ;
#194 = DIRECTION ( 'NONE',  ( 0.000000000000000000, 0.000000000000000000, 1.000000000000000000 ) ) ;
#195 = DIRECTION ( 'NONE',  ( -0.000000000000000000, -0.000000000000000000, -1.000000000000000000 ) ) ;
#196 = ORIENTED_EDGE ( 'NONE', *, *, #4102, .F. ) ;
#197 = EDGE_LOOP ( 'NONE', ( #3248, #2082, #990, #3589 ) ) ;
#198 = PLANE ( 'NONE',  #1153 ) ;
#199 = COLOUR_RGB ( '',0.7921568627450980005, 0.8196078431372548767, 0.9333333333333333481 ) ;
#200 = CARTESIAN_POINT ( 'NONE',  ( -2.128980829383888551, 3.507000000000000117, -1.632313148946297865 ) ) ;
#201 = ORIENTED_EDGE ( 'NONE', *, *, #3220, .F. ) ;
#202 = VECTOR ( 'NONE', #1555, 1000.000000000000000 ) ;
#203 = EDGE_CURVE ( 'NONE', #3559, #3570, #1335, .T. ) ;
#204 = EDGE_CURVE ( 'NONE', #782, #2347, #1028, .T. ) ;
#205 = VERTEX_POINT ( 'NONE', #3221 ) ;
#206 = FACE_OUTER_BOUND ( 'NONE', #2912, .T. ) ;
#207 = ORIENTED_EDGE ( 'NONE', *, *, #2147, .T. ) ;
#208 = CARTESIAN_POINT ( 'NONE',  ( -2.128980829383888551, 3.507000000000000117, -1.933577189573473465 ) ) ;
#209 = AXIS2_PLACEMENT_3D ( 'NONE', #2351, #2440, #3714 ) ;
#210 = DIRECTION ( 'NONE',  ( -1.000000000000000000, 0.000000000000000000, 0.000000000000000000 ) ) ;
#211 = CARTESIAN_POINT ( 'NONE',  ( -3.403500000000001524, 1.826500000000000457, -2.095499999999999918 ) ) ;
#212 =( GEOMETRIC_REPRESENTATION_CONTEXT ( 3 ) GLOBAL_UNCERTAINTY_ASSIGNED_CONTEXT ( ( #2 ) ) GLOBAL_UNIT_ASSIGNED_CONTEXT ( ( #1104, #3673, #109 ) ) REPRESENTATION_CONTEXT ( 'NONE', 'WORKASPACE' ) );
#213 = DIRECTION ( 'NONE',  ( -0.000000000000000000, -0.000000000000000000, -1.000000000000000000 ) ) ;
#214 = FACE_OUTER_BOUND ( 'NONE', #2165, .T. ) ;
#215 = CIRCLE ( 'NONE', #3860, 0.2019410093742285695 ) ;
#216 = ORIENTED_EDGE ( 'NONE', *, *, #1547, .T. ) ;
#217 = ORIENTED_EDGE ( 'NONE', *, *, #230, .T. ) ;
#218 = UNCERTAINTY_MEASURE_WITH_UNIT (LENGTH_MEASURE( 1.000000000000000082E-05 ), #3829, 'distance_accuracy_value', 'NONE');
#219 = LINE ( 'NONE', #3336, #2868 ) ;
#220 = DIRECTION ( 'NONE',  ( 1.000000000000000000, 0.000000000000000000, 0.000000000000000000 ) ) ;
#221 = ORIENTED_EDGE ( 'NONE', *, *, #2385, .T. ) ;
#222 = VECTOR ( 'NONE', #1376, 1000.000000000000000 ) ;
#223 = EDGE_LOOP ( 'NONE', ( #3405, #2804, #324, #350, #1744, #2327, #2294, #3785, #2872, #3854, #484, #1411 ) ) ;
#224 = CYLINDRICAL_SURFACE ( 'NONE', #755, 0.4559410093742302106 ) ;
#225 = LINE ( 'NONE', #1489, #2915 ) ;
#226 = ORIENTED_EDGE ( 'NONE', *, *, #2885, .T. ) ;
#227 = DIRECTION ( 'NONE',  ( -1.000000000000000000, 0.000000000000000000, 0.000000000000000000 ) ) ;
#228 = CARTESIAN_POINT ( 'NONE',  ( -4.064316894675507719, 1.693626883595273247, -0.4445000000000000062 ) ) ;
#229 = DIRECTION ( 'NONE',  ( -0.000000000000000000, -0.000000000000000000, -1.000000000000000000 ) ) ;
#230 = EDGE_CURVE ( 'NONE', #2709, #144, #2324, .T. ) ;
#231 = EDGE_CURVE ( 'NONE', #3565, #3364, #669, .T. ) ;
#232 = EDGE_CURVE ( 'NONE', #12, #2674, #3198, .T. ) ;
#233 = DIRECTION ( 'NONE',  ( 0.000000000000000000, 0.000000000000000000, 1.000000000000000000 ) ) ;
#234 = LINE ( 'NONE', #3449, #158 ) ;
#235 = DIRECTION ( 'NONE',  ( -0.000000000000000000, -0.000000000000000000, -1.000000000000000000 ) ) ;
#236 = LINE ( 'NONE', #295, #3826 ) ;
#237 = CARTESIAN_POINT ( 'NONE',  ( -4.571555597977357444, 0.2999999999999999334, 2.095500000000000362 ) ) ;
#238 = CARTESIAN_POINT ( 'NONE',  ( -3.403499999999998860, 1.826500000000000457, 2.925000000000001599 ) ) ;
#239 = EDGE_LOOP ( 'NONE', ( #3944, #2371, #1093, #2103 ) ) ;
#240 = VERTEX_POINT ( 'NONE', #2887 ) ;
#241 = CARTESIAN_POINT ( 'NONE',  ( -3.403500000000000192, 2.080500000000000238, -2.925000000000000711 ) ) ;
#242 = CARTESIAN_POINT ( 'NONE',  ( 5.750000000000001776, -2.710505431213761085E-17, 0.8255000000000000115 ) ) ;
#243 = ORIENTED_EDGE ( 'NONE', *, *, #2148, .F. ) ;
#244 = DIRECTION ( 'NONE',  ( 0.7071067811865474617, 0.7071067811865474617, 0.000000000000000000 ) ) ;
#245 = SURFACE_STYLE_USAGE ( .BOTH. , #4019 ) ;
#246 = LINE ( 'NONE', #3170, #1516 ) ;
#247 = CLOSED_SHELL ( 'NONE', ( #2705, #3017, #2373, #3166, #354, #2809, #1707, #2819, #1396, #2226, #19, #2100, #1448, #179 ) ) ;
#248 = EDGE_CURVE ( 'NONE', #664, #4071, #3554, .T. ) ;
#249 = EDGE_CURVE ( 'NONE', #710, #3997, #4079, .T. ) ;
#250 = LINE ( 'NONE', #601, #512 ) ;
#251 = DIRECTION ( 'NONE',  ( -1.000000000000000000, 0.000000000000000000, 0.000000000000000000 ) ) ;
#252 = CARTESIAN_POINT ( 'NONE',  ( -3.403500000000001524, 2.080500000000000238, -2.095499999999999918 ) ) ;
#253 = ORIENTED_EDGE ( 'NONE', *, *, #3824, .F. ) ;
#254 = DIRECTION ( 'NONE',  ( -1.000000000000000000, 3.830847676115450052E-15, 0.000000000000000000 ) ) ;
#255 = CARTESIAN_POINT ( 'NONE',  ( 5.000000000000001776, -2.960210660448999032E-15, 0.8255000000000000115 ) ) ;
#256 = ORIENTED_EDGE ( 'NONE', *, *, #401, .T. ) ;
#257 = ORIENTED_EDGE ( 'NONE', *, *, #3656, .T. ) ;
#258 = FACE_OUTER_BOUND ( 'NONE', #1783, .T. ) ;
#259 = CARTESIAN_POINT ( 'NONE',  ( -4.302998820355127485, 1.780499999999992422, -0.4445000000000000062 ) ) ;
#260 = ORIENTED_EDGE ( 'NONE', *, *, #2169, .T. ) ;
#261 = AXIS2_PLACEMENT_3D ( 'NONE', #1656, #2918, #77 ) ;
#262 = VERTEX_POINT ( 'NONE', #1398 ) ;
#263 = FILL_AREA_STYLE ('',( #3105 ) ) ;
#264 = LINE ( 'NONE', #3169, #1739 ) ;
#265 = LINE ( 'NONE', #1261, #521 ) ;
#266 = ADVANCED_FACE ( 'NONE', ( #2973 ), #2381, .T. ) ;
#267 = AXIS2_PLACEMENT_3D ( 'NONE', #3683, #2101, #2352 ) ;
#268 = CARTESIAN_POINT ( 'NONE',  ( 5.000000000000001776, -2.960210660448999032E-15, 1.714500000000000357 ) ) ;
#269 = DIRECTION ( 'NONE',  ( -1.000000000000000000, -3.222309318003976232E-15, 0.000000000000000000 ) ) ;
#270 = CARTESIAN_POINT ( 'NONE',  ( -3.874554418332485373, 1.624558990625769139, -2.095499999999999918 ) ) ;
#271 = VECTOR ( 'NONE', #3235, 1000.000000000000000 ) ;
#272 = ADVANCED_FACE ( 'NONE', ( #2698 ), #132, .F. ) ;
#273 = ADVANCED_FACE ( 'NONE', ( #4006 ), #3013, .T. ) ;
#274 = DIRECTION ( 'NONE',  ( 0.000000000000000000, 0.000000000000000000, 1.000000000000000000 ) ) ;
#275 = CARTESIAN_POINT ( 'NONE',  ( -3.403499999999998860, 2.080500000000000238, 2.925000000000001599 ) ) ;
#276 = VECTOR ( 'NONE', #1642, 1000.000000000000000 ) ;
#277 = DIRECTION ( 'NONE',  ( 1.000000000000000000, 0.000000000000000000, -0.000000000000000000 ) ) ;
#278 = ORIENTED_EDGE ( 'NONE', *, *, #2173, .F. ) ;
#279 = ADVANCED_FACE ( 'NONE', ( #3965 ), #1125, .T. ) ;
#280 = VECTOR ( 'NONE', #769, 1000.000000000000000 ) ;
#281 = EDGE_CURVE ( 'NONE', #2192, #3863, #822, .T. ) ;
#282 = ORIENTED_EDGE ( 'NONE', *, *, #3833, .F. ) ;
#283 = FACE_OUTER_BOUND ( 'NONE', #2706, .T. ) ;
#284 = DIRECTION ( 'NONE',  ( 0.3420201433256681023, -0.9396926207859086499, 0.000000000000000000 ) ) ;
#285 = ORIENTED_EDGE ( 'NONE', *, *, #3746, .T. ) ;
#286 = AXIS2_PLACEMENT_3D ( 'NONE', #645, #2502, #251 ) ;
#287 = AXIS2_PLACEMENT_3D ( 'NONE', #573, #2242, #596 ) ;
#288 = ORIENTED_EDGE ( 'NONE', *, *, #154, .T. ) ;
#289 = VECTOR ( 'NONE', #24, 1000.000000000000000 ) ;
#290 = LINE ( 'NONE', #325, #1324 ) ;
#291 = ORIENTED_EDGE ( 'NONE', *, *, #689, .F. ) ;
#292 = DIRECTION ( 'NONE',  ( -0.000000000000000000, -0.000000000000000000, -1.000000000000000000 ) ) ;
#293 = DIRECTION ( 'NONE',  ( 3.222309318003976232E-15, 1.000000000000000000, -0.000000000000000000 ) ) ;
#294 = DIRECTION ( 'NONE',  ( -1.000000000000000000, -3.222309318003976232E-15, 0.000000000000000000 ) ) ;
#295 = CARTESIAN_POINT ( 'NONE',  ( -5.000000000000002665, -2.960210660448999032E-15, -1.714499999999999913 ) ) ;
#296 = CARTESIAN_POINT ( 'NONE',  ( 3.403500000000000636, 2.080500000000000682, 1.714500000000000357 ) ) ;
#297 = CARTESIAN_POINT ( 'NONE',  ( -5.000000000000002665, -2.960210660448999032E-15, -0.4445000000000000062 ) ) ;
#298 = VERTEX_POINT ( 'NONE', #2345 ) ;
#299 = ORIENTED_EDGE ( 'NONE', *, *, #2661, .T. ) ;
#300 = EDGE_CURVE ( 'NONE', #3587, #2537, #2053, .T. ) ;
#301 = EDGE_CURVE ( 'NONE', #2977, #1557, #3756, .T. ) ;
#302 = DIRECTION ( 'NONE',  ( -0.000000000000000000, -0.000000000000000000, -1.000000000000000000 ) ) ;
#303 = DIRECTION ( 'NONE',  ( -0.000000000000000000, -0.000000000000000000, -1.000000000000000000 ) ) ;
#304 = ORIENTED_EDGE ( 'NONE', *, *, #3143, .T. ) ;
#305 = ORIENTED_EDGE ( 'NONE', *, *, #968, .F. ) ;
#306 = CARTESIAN_POINT ( 'NONE',  ( -4.302998820355127485, 1.780499999999992422, -2.095499999999999918 ) ) ;
#307 = LINE ( 'NONE', #955, #4099 ) ;
#308 = ORIENTED_EDGE ( 'NONE', *, *, #3933, .F. ) ;
#309 = DIRECTION ( 'NONE',  ( -0.000000000000000000, -0.000000000000000000, -1.000000000000000000 ) ) ;
#310 = DIRECTION ( 'NONE',  ( 1.000000000000000000, 0.000000000000000000, 0.000000000000000000 ) ) ;
#311 = CLOSED_SHELL ( 'NONE', ( #1100, #876, #2220, #2581, #967, #1024, #3980, #2753, #553, #3964, #279, #2556, #431, #1022, #2736, #3401, #2077, #720 ) ) ;
#312 = DIRECTION ( 'NONE',  ( 3.222309318003976232E-15, 1.000000000000000000, -0.000000000000000000 ) ) ;
#313 = VECTOR ( 'NONE', #936, 1000.000000000000000 ) ;
#314 = CARTESIAN_POINT ( 'NONE',  ( 3.874554418332484040, 1.826499999999998902, 0.8255000000000000115 ) ) ;
#315 = DIRECTION ( 'NONE',  ( -0.000000000000000000, -0.000000000000000000, -1.000000000000000000 ) ) ;
#316 = CARTESIAN_POINT ( 'NONE',  ( 4.999999999999999112, 0.2539999999999954516, -0.4445000000000000062 ) ) ;
#317 = CARTESIAN_POINT ( 'NONE',  ( 3.403500000000000192, 1.826500000000000457, -0.4445000000000000062 ) ) ;
#318 = EDGE_LOOP ( 'NONE', ( #1589, #1986, #2522, #1120 ) ) ;
#319 = ORIENTED_EDGE ( 'NONE', *, *, #3934, .T. ) ;
#320 = CARTESIAN_POINT ( 'NONE',  ( -3.874554418332485373, 1.826499999999998902, -2.095499999999999918 ) ) ;
#321 = DIRECTION ( 'NONE',  ( 1.000000000000000000, 0.000000000000000000, -0.000000000000000000 ) ) ;
#322 = ORIENTED_EDGE ( 'NONE', *, *, #3066, .F. ) ;
#323 = EDGE_CURVE ( 'NONE', #674, #3807, #1052, .T. ) ;
#324 = ORIENTED_EDGE ( 'NONE', *, *, #716, .F. ) ;
#325 = CARTESIAN_POINT ( 'NONE',  ( 3.403500000000000192, 1.826500000000000457, 0.8255000000000000115 ) ) ;
#326 = VECTOR ( 'NONE', #2191, 1000.000000000000000 ) ;
#327 = EDGE_LOOP ( 'NONE', ( #707, #2390, #790, #2673 ) ) ;
#328 = AXIS2_PLACEMENT_3D ( 'NONE', #3853, #3186, #101 ) ;
#329 = CARTESIAN_POINT ( 'NONE',  ( -3.874554418332484929, 1.624558990625769139, -0.4445000000000000062 ) ) ;
#330 = CARTESIAN_POINT ( 'NONE',  ( 5.750000000000000000, 0.2539999999999982272, 2.095500000000000362 ) ) ;
#331 = VECTOR ( 'NONE', #1213, 1000.000000000000114 ) ;
#332 = CARTESIAN_POINT ( 'NONE',  ( -4.571555597977358332, 0.2999999999999999334, -1.714499999999999913 ) ) ;
#333 = UNCERTAINTY_MEASURE_WITH_UNIT (LENGTH_MEASURE( 1.000000000000000082E-05 ), #3281, 'distance_accuracy_value', 'NONE');
#334 = LINE ( 'NONE', #648, #1552 ) ;
#335 = CARTESIAN_POINT ( 'NONE',  ( -3.403500000000001080, 1.826500000000000457, -0.8254999999999999005 ) ) ;
#336 = AXIS2_PLACEMENT_3D ( 'NONE', #1435, #2752, #2696 ) ;
#337 = EDGE_LOOP ( 'NONE', ( #1441, #2958, #3681, #2209 ) ) ;
#338 = DIRECTION ( 'NONE',  ( -0.000000000000000000, -0.000000000000000000, -1.000000000000000000 ) ) ;
#339 = EDGE_LOOP ( 'NONE', ( #2837, #2159, #3974, #3703 ) ) ;
#340 = EDGE_LOOP ( 'NONE', ( #1464, #51, #3227, #733 ) ) ;
#341 = COLOUR_RGB ( '',1.000000000000000000, 1.000000000000000000, 1.000000000000000000 ) ;
#342 = DIRECTION ( 'NONE',  ( -0.000000000000000000, -0.000000000000000000, -1.000000000000000000 ) ) ;
#343 = FACE_OUTER_BOUND ( 'NONE', #3702, .T. ) ;
#344 = DIRECTION ( 'NONE',  ( -2.224004456380521410E-16, 0.000000000000000000, -1.000000000000000000 ) ) ;
#345 = ORIENTED_EDGE ( 'NONE', *, *, #2815, .F. ) ;
#346 = VECTOR ( 'NONE', #3101, 1000.000000000000000 ) ;
#347 = VERTEX_POINT ( 'NONE', #1477 ) ;
#348 = LINE ( 'NONE', #1621, #2067 ) ;
#349 = PRESENTATION_STYLE_ASSIGNMENT (( #2655 ) ) ;
#350 = ORIENTED_EDGE ( 'NONE', *, *, #2881, .F. ) ;
#351 = AXIS2_PLACEMENT_3D ( 'NONE', #3430, #3111, #269 ) ;
#352 = PRESENTATION_STYLE_ASSIGNMENT (( #1603 ) ) ;
#353 = CARTESIAN_POINT ( 'NONE',  ( -5.000000000000000888, 0.2539999999999951741, -1.714499999999999913 ) ) ;
#354 = ADVANCED_FACE ( 'NONE', ( #2033 ), #3369, .F. ) ;
#355 = EDGE_CURVE ( 'NONE', #730, #991, #2640, .T. ) ;
#356 = CARTESIAN_POINT ( 'NONE',  ( -5.750000000000000888, 0.2539999999999990044, -0.4445000000000000062 ) ) ;
#357 = EDGE_CURVE ( 'NONE', #1101, #1015, #723, .T. ) ;
#358 = CARTESIAN_POINT ( 'NONE',  ( 3.403500000000000636, 2.080500000000000238, 2.925000000000000266 ) ) ;
#359 = LINE ( 'NONE', #2974, #2938 ) ;
#360 = CARTESIAN_POINT ( 'NONE',  ( -3.874554418332484929, 2.080499999999998018, 2.095500000000000362 ) ) ;
#361 = ORIENTED_EDGE ( 'NONE', *, *, #1494, .F. ) ;
#362 = DIRECTION ( 'NONE',  ( 1.000000000000000000, 3.222309318003977021E-15, -0.000000000000000000 ) ) ;
#363 = EDGE_LOOP ( 'NONE', ( #507, #595, #2450, #2528 ) ) ;
#364 = ORIENTED_EDGE ( 'NONE', *, *, #3857, .F. ) ;
#365 = DIRECTION ( 'NONE',  ( -0.000000000000000000, -0.000000000000000000, -1.000000000000000000 ) ) ;
#366 = FACE_OUTER_BOUND ( 'NONE', #3492, .T. ) ;
#367 = DIRECTION ( 'NONE',  ( -1.000000000000000000, 0.000000000000000000, 0.000000000000000000 ) ) ;
#368 = ORIENTED_EDGE ( 'NONE', *, *, #768, .T. ) ;
#369 = ORIENTED_EDGE ( 'NONE', *, *, #744, .T. ) ;
#370 = SURFACE_STYLE_USAGE ( .BOTH. , #2856 ) ;
#371 = CARTESIAN_POINT ( 'NONE',  ( 5.000000000000001776, -2.960210660448999032E-15, 2.095500000000000362 ) ) ;
#372 = ORIENTED_EDGE ( 'NONE', *, *, #1105, .F. ) ;
#373 = DIRECTION ( 'NONE',  ( 1.000000000000000000, -3.682639220575972949E-15, 0.000000000000000000 ) ) ;
#374 = PLANE ( 'NONE',  #1404 ) ;
#375 = ADVANCED_FACE ( 'NONE', ( #1168 ), #3053, .T. ) ;
#376 = EDGE_CURVE ( 'NONE', #2540, #2678, #1108, .T. ) ;
#377 = AXIS2_PLACEMENT_3D ( 'NONE', #1248, #2505, #3415 ) ;
#378 = FACE_OUTER_BOUND ( 'NONE', #2411, .T. ) ;
#379 = CARTESIAN_POINT ( 'NONE',  ( 3.403500000000000636, 1.826500000000000457, 1.714500000000000357 ) ) ;
#380 = LINE ( 'NONE', #1647, #2323 ) ;
#381 = ORIENTED_EDGE ( 'NONE', *, *, #2498, .T. ) ;
#382 = VECTOR ( 'NONE', #3890, 1000.000000000000000 ) ;
#383 = EDGE_LOOP ( 'NONE', ( #2470, #16, #3994, #388 ) ) ;
#384 = CARTESIAN_POINT ( 'NONE',  ( 3.874554418332483596, 1.624558990625769139, -1.714499999999999913 ) ) ;
#385 = FACE_OUTER_BOUND ( 'NONE', #177, .T. ) ;
#386 = CYLINDRICAL_SURFACE ( 'NONE', #261, 0.2019410093742298740 ) ;
#387 = ORIENTED_EDGE ( 'NONE', *, *, #2124, .F. ) ;
#388 = ORIENTED_EDGE ( 'NONE', *, *, #1920, .T. ) ;
#389 = DIRECTION ( 'NONE',  ( 0.000000000000000000, 0.000000000000000000, 1.000000000000000000 ) ) ;
#390 = ORIENTED_EDGE ( 'NONE', *, *, #1624, .F. ) ;
#391 =( LENGTH_UNIT ( ) NAMED_UNIT ( * ) SI_UNIT ( .MILLI., .METRE. ) );
#392 = CIRCLE ( 'NONE', #2911, 0.4559410093742276016 ) ;
#393 = PLANE ( 'NONE',  #2338 ) ;
#394 = CARTESIAN_POINT ( 'NONE',  ( 3.874554418332484040, 1.624558990625769139, 0.8255000000000000115 ) ) ;
#395 = VECTOR ( 'NONE', #1941, 1000.000000000000000 ) ;
#396 = CARTESIAN_POINT ( 'NONE',  ( 3.874554418332484484, 1.624558990625769139, 1.714500000000000357 ) ) ;
#397 = DIRECTION ( 'NONE',  ( 1.000000000000000000, -3.910807474849149088E-15, -0.000000000000000000 ) ) ;
#399 = FACE_OUTER_BOUND ( 'NONE', #134, .T. ) ;
#398 = VECTOR ( 'NONE', #362, 1000.000000000000000 ) ;
#400 = VERTEX_POINT ( 'NONE', #799 ) ;
#401 = EDGE_CURVE ( 'NONE', #3214, #2623, #480, .T. ) ;
#402 = ORIENTED_EDGE ( 'NONE', *, *, #1401, .F. ) ;
#403 = ORIENTED_EDGE ( 'NONE', *, *, #1601, .T. ) ;
#404 = AXIS2_PLACEMENT_3D ( 'NONE', #3263, #1311, #111 ) ;
#405 = CARTESIAN_POINT ( 'NONE',  ( -3.403500000000001080, 2.080500000000000238, 0.4445000000000002283 ) ) ;
#406 = DIRECTION ( 'NONE',  ( -1.000000000000000000, 3.910807474849149877E-15, 0.000000000000000000 ) ) ;
#407 = DIRECTION ( 'NONE',  ( 1.000000000000000000, 0.000000000000000000, 0.000000000000000000 ) ) ;
#408 = EDGE_CURVE ( 'NONE', #640, #2896, #1772, .T. ) ;
#409 = ORIENTED_EDGE ( 'NONE', *, *, #3698, .F. ) ;
#410 = EDGE_CURVE ( 'NONE', #2824, #3827, #250, .T. ) ;
#411 = VECTOR ( 'NONE', #3690, 1000.000000000000000 ) ;
#412 = CIRCLE ( 'NONE', #3532, 0.2019410093742298740 ) ;
#413 = VERTEX_POINT ( 'NONE', #2418 ) ;
#414 = AXIS2_PLACEMENT_3D ( 'NONE', #2223, #1916, #2829 ) ;
#415 = DIRECTION ( 'NONE',  ( -0.000000000000000000, 0.000000000000000000, -1.000000000000000000 ) ) ;
#416 = ORIENTED_EDGE ( 'NONE', *, *, #1752, .F. ) ;
#417 = DIRECTION ( 'NONE',  ( -0.9902680687415702510, 0.1391731009600657432, 2.202360597892584219E-16 ) ) ;
#418 = FACE_OUTER_BOUND ( 'NONE', #765, .T. ) ;
#419 = LINE ( 'NONE', #3218, #2384 ) ;
#420 = AXIS2_PLACEMENT_3D ( 'NONE', #2907, #2934, #3201 ) ;
#421 = CARTESIAN_POINT ( 'NONE',  ( -4.064316894675506830, 1.693626883595273247, 0.8255000000000000115 ) ) ;
#422 = VECTOR ( 'NONE', #1249, 1000.000000000000000 ) ;
#423 = FACE_OUTER_BOUND ( 'NONE', #2587, .T. ) ;
#424 = VERTEX_POINT ( 'NONE', #3693 ) ;
#425 = ORIENTED_EDGE ( 'NONE', *, *, #2919, .F. ) ;
#426 = ORIENTED_EDGE ( 'NONE', *, *, #2555, .T. ) ;
#427 = CARTESIAN_POINT ( 'NONE',  ( -5.750000000000000000, 0.2539999999999990044, 1.714500000000000357 ) ) ;
#428 = DIRECTION ( 'NONE',  ( -3.830847676115450841E-15, -1.000000000000000000, 0.000000000000000000 ) ) ;
#429 = DIRECTION ( 'NONE',  ( -0.9396926207859086499, -0.3420201433256681023, 0.000000000000000000 ) ) ;
#430 = EDGE_LOOP ( 'NONE', ( #147, #1958, #1837, #965 ) ) ;
#431 = ADVANCED_FACE ( 'NONE', ( #2480 ), #3773, .T. ) ;
#432 = ADVANCED_FACE ( 'NONE', ( #1226 ), #1810, .F. ) ;
#433 = EDGE_LOOP ( 'NONE', ( #1077, #3761, #545, #2341 ) ) ;
#434 = CARTESIAN_POINT ( 'NONE',  ( 5.000000000000001776, -2.960210660448999032E-15, 0.8255000000000000115 ) ) ;
#435 = FACE_OUTER_BOUND ( 'NONE', #442, .T. ) ;
#436 = VERTEX_POINT ( 'NONE', #3135 ) ;
#437 = CARTESIAN_POINT ( 'NONE',  ( 3.874554418332484040, 1.624558990625769139, 0.4445000000000002283 ) ) ;
#438 = CARTESIAN_POINT ( 'NONE',  ( 4.302998820355127485, 1.780499999999993532, 0.8255000000000000115 ) ) ;
#439 = DIRECTION ( 'NONE',  ( -1.000000000000000000, 0.000000000000000000, 0.000000000000000000 ) ) ;
#440 = DIRECTION ( 'NONE',  ( -0.000000000000000000, -0.000000000000000000, -1.000000000000000000 ) ) ;
#441 = ORIENTED_EDGE ( 'NONE', *, *, #3089, .T. ) ;
#442 = EDGE_LOOP ( 'NONE', ( #3687, #2996, #409, #2964 ) ) ;
#443 = CARTESIAN_POINT ( 'NONE',  ( 5.000000000000000888, -2.960210660448999032E-15, -1.714499999999999913 ) ) ;
#444 = PLANE ( 'NONE',  #209 ) ;
#445 = CARTESIAN_POINT ( 'NONE',  ( -4.999999999999997335, 0.4559410093742238823, 0.8255000000000000115 ) ) ;
#446 = ORIENTED_EDGE ( 'NONE', *, *, #2035, .F. ) ;
#447 = ORIENTED_EDGE ( 'NONE', *, *, #3195, .T. ) ;
#448 = LINE ( 'NONE', #168, #3400 ) ;
#449 = CARTESIAN_POINT ( 'NONE',  ( -4.571555597977358332, 0.2999999999999999334, -2.095499999999999918 ) ) ;
#450 = ORIENTED_EDGE ( 'NONE', *, *, #986, .T. ) ;
#451 = EDGE_CURVE ( 'NONE', #2704, #1329, #3752, .T. ) ;
#452 = DIRECTION ( 'NONE',  ( -0.000000000000000000, -0.000000000000000000, -1.000000000000000000 ) ) ;
#453 = EDGE_CURVE ( 'NONE', #1033, #1355, #1830, .T. ) ;
#454 = LINE ( 'NONE', #171, #752 ) ;
#455 = EDGE_CURVE ( 'NONE', #424, #1439, #2438, .T. ) ;
#456 = DIRECTION ( 'NONE',  ( -1.000000000000000000, -3.910807474849149877E-15, 0.000000000000000000 ) ) ;
#457 = CARTESIAN_POINT ( 'NONE',  ( 4.064316894675506830, 1.693626883595273247, 2.095500000000000362 ) ) ;
#458 = VERTEX_POINT ( 'NONE', #2771 ) ;
#459 = AXIS2_PLACEMENT_3D ( 'NONE', #3751, #2857, #1285 ) ;
#460 = ORIENTED_EDGE ( 'NONE', *, *, #1828, .T. ) ;
#461 = AXIS2_PLACEMENT_3D ( 'NONE', #680, #3563, #3498 ) ;
#462 = CARTESIAN_POINT ( 'NONE',  ( 4.064316894675505942, 1.693626883595273247, -1.714499999999999913 ) ) ;
#463 = ADVANCED_FACE ( 'NONE', ( #3153 ), #2194, .F. ) ;
#464 = DIRECTION ( 'NONE',  ( -1.000000000000000000, 0.000000000000000000, 0.000000000000000000 ) ) ;
#465 = DIRECTION ( 'NONE',  ( 1.000000000000000000, -0.000000000000000000, -1.911330405439408998E-16 ) ) ;
#466 = ORIENTED_EDGE ( 'NONE', *, *, #986, .F. ) ;
#467 = AXIS2_PLACEMENT_3D ( 'NONE', #1407, #1157, #2723 ) ;
#468 = EDGE_LOOP ( 'NONE', ( #1159, #34, #2657, #984 ) ) ;
#469 = CARTESIAN_POINT ( 'NONE',  ( -4.571555597977357444, 0.2999999999999999334, 0.8255000000000000115 ) ) ;
#470 = DIRECTION ( 'NONE',  ( -1.000000000000000000, 3.682639220575973738E-15, -0.000000000000000000 ) ) ;
#471 = VERTEX_POINT ( 'NONE', #579 ) ;
#472 = AXIS2_PLACEMENT_3D ( 'NONE', #1055, #3583, #2757 ) ;
#473 = CYLINDRICAL_SURFACE ( 'NONE', #1282, 0.2019410093742298740 ) ;
#474 = AXIS2_PLACEMENT_3D ( 'NONE', #1768, #128, #1392 ) ;
#475 = CARTESIAN_POINT ( 'NONE',  ( -3.403500000000001080, 2.080500000000000238, 0.8255000000000000115 ) ) ;
#476 = DIRECTION ( 'NONE',  ( -6.829619984160684276E-15, -1.000000000000000000, 0.000000000000000000 ) ) ;
#477 = AXIS2_PLACEMENT_3D ( 'NONE', #3645, #813, #2068 ) ;
#478 = EDGE_CURVE ( 'NONE', #805, #1487, #4056, .T. ) ;
#479 = EDGE_CURVE ( 'NONE', #2827, #2854, #84, .T. ) ;
#480 = LINE ( 'NONE', #1753, #1581 ) ;
#481 = FACE_OUTER_BOUND ( 'NONE', #327, .T. ) ;
#482 = EDGE_CURVE ( 'NONE', #2827, #1877, #559, .T. ) ;
#483 = VECTOR ( 'NONE', #692, 1000.000000000000000 ) ;
#484 = ORIENTED_EDGE ( 'NONE', *, *, #2686, .F. ) ;
#485 = CIRCLE ( 'NONE', #2945, 0.4559410093742276016 ) ;
#486 = VERTEX_POINT ( 'NONE', #1245 ) ;
#487 = CARTESIAN_POINT ( 'NONE',  ( -3.874554418332484484, 1.624558990625769139, 2.095500000000000362 ) ) ;
#488 = DIRECTION ( 'NONE',  ( -1.000000000000000000, 0.000000000000000000, 0.000000000000000000 ) ) ;
#489 = VERTEX_POINT ( 'NONE', #3389 ) ;
#490 = ADVANCED_FACE ( 'NONE', ( #3412 ), #2501, .F. ) ;
#491 = ADVANCED_FACE ( 'NONE', ( #4022 ), #1890, .T. ) ;
#492 = EDGE_LOOP ( 'NONE', ( #4035, #3779, #4078, #2037 ) ) ;
#493 = PLANE ( 'NONE',  #477 ) ;
#494 = PLANE ( 'NONE',  #4038 ) ;
#495 = ORIENTED_EDGE ( 'NONE', *, *, #2330, .F. ) ;
#496 = DIRECTION ( 'NONE',  ( -0.000000000000000000, -0.000000000000000000, -1.000000000000000000 ) ) ;
#497 = LINE ( 'NONE', #475, #1009 ) ;
#498 = DIRECTION ( 'NONE',  ( 0.000000000000000000, -1.000000000000000000, 0.000000000000000000 ) ) ;
#499 = DIRECTION ( 'NONE',  ( -0.000000000000000000, -0.000000000000000000, -1.000000000000000000 ) ) ;
#500 = LINE ( 'NONE', #2994, #3935 ) ;
#501 = ORIENTED_EDGE ( 'NONE', *, *, #162, .F. ) ;
#502 = EDGE_CURVE ( 'NONE', #3915, #1355, #1582, .T. ) ;
#503 = EDGE_CURVE ( 'NONE', #1732, #2429, #2171, .T. ) ;
#504 = VERTEX_POINT ( 'NONE', #3110 ) ;
#505 = DIRECTION ( 'NONE',  ( -1.000000000000000000, 0.000000000000000000, 0.000000000000000000 ) ) ;
#506 = CARTESIAN_POINT ( 'NONE',  ( -3.403500000000000192, 1.826500000000000457, -2.925000000000000711 ) ) ;
#507 = ORIENTED_EDGE ( 'NONE', *, *, #2035, .T. ) ;
#508 = ORIENTED_EDGE ( 'NONE', *, *, #795, .T. ) ;
#509 = DIRECTION ( 'NONE',  ( -1.000000000000000000, 3.682639220575973738E-15, -0.000000000000000000 ) ) ;
#510 =( LENGTH_UNIT ( ) NAMED_UNIT ( * ) SI_UNIT ( .MILLI., .METRE. ) );
#511 = ORIENTED_EDGE ( 'NONE', *, *, #712, .T. ) ;
#512 = VECTOR ( 'NONE', #1539, 1000.000000000000000 ) ;
#513 = CYLINDRICAL_SURFACE ( 'NONE', #1152, 0.2019410093742285695 ) ;
#514 = DIRECTION ( 'NONE',  ( -0.9396926207859086499, -0.3420201433256681023, 0.000000000000000000 ) ) ;
#515 = CYLINDRICAL_SURFACE ( 'NONE', #2592, 0.4559410093742293224 ) ;
#516 = DIRECTION ( 'NONE',  ( 1.000000000000000000, 0.000000000000000000, 0.000000000000000000 ) ) ;
#517 = CARTESIAN_POINT ( 'NONE',  ( -3.252207791442874196, 3.157000000000000028, -2.925000000000001599 ) ) ;
#518 = ORIENTED_EDGE ( 'NONE', *, *, #4028, .F. ) ;
#519 = VERTEX_POINT ( 'NONE', #268 ) ;
#520 = LINE ( 'NONE', #845, #3069 ) ;
#521 = VECTOR ( 'NONE', #1536, 1000.000000000000000 ) ;
#522 = PLANE ( 'NONE',  #1989 ) ;
#523 = ORIENTED_EDGE ( 'NONE', *, *, #1316, .T. ) ;
#524 = VECTOR ( 'NONE', #3612, 1000.000000000000000 ) ;
#525 = ORIENTED_EDGE ( 'NONE', *, *, #1316, .F. ) ;
#526 = EDGE_CURVE ( 'NONE', #3863, #746, #3448, .T. ) ;
#527 = ADVANCED_FACE ( 'NONE', ( #1666 ), #2525, .F. ) ;
#528 = CARTESIAN_POINT ( 'NONE',  ( 4.302998820355126597, 1.780499999999993532, -1.714499999999999913 ) ) ;
#529 = DIRECTION ( 'NONE',  ( 1.000000000000000000, 0.000000000000000000, 0.000000000000000000 ) ) ;
#530 = CIRCLE ( 'NONE', #267, 0.2019410093742298740 ) ;
#531 = EDGE_CURVE ( 'NONE', #504, #927, #1990, .T. ) ;
#532 = ORIENTED_EDGE ( 'NONE', *, *, #3114, .T. ) ;
#533 = VECTOR ( 'NONE', #1605, 1000.000000000000000 ) ;
#534 = SURFACE_STYLE_FILL_AREA ( #4063 ) ;
#535 = DIRECTION ( 'NONE',  ( -1.000000000000000000, 3.682639220575973738E-15, -0.000000000000000000 ) ) ;
#536 = AXIS2_PLACEMENT_3D ( 'NONE', #1241, #1578, #3766 ) ;
#537 = DIRECTION ( 'NONE',  ( 0.000000000000000000, 0.000000000000000000, 1.000000000000000000 ) ) ;
#538 = DIRECTION ( 'NONE',  ( 0.000000000000000000, 1.000000000000000000, 0.000000000000000000 ) ) ;
#539 = FACE_OUTER_BOUND ( 'NONE', #1364, .T. ) ;
#540 = AXIS2_PLACEMENT_3D ( 'NONE', #1572, #679, #1940 ) ;
#541 = ORIENTED_EDGE ( 'NONE', *, *, #1397, .F. ) ;
#542 = VERTEX_POINT ( 'NONE', #2545 ) ;
#543 = DIRECTION ( 'NONE',  ( -1.000000000000000000, -1.662443331144440592E-15, -0.000000000000000000 ) ) ;
#544 = DIRECTION ( 'NONE',  ( -0.1378445374916288935, 0.9808148484639890308, 0.1378445374916289212 ) ) ;
#545 = ORIENTED_EDGE ( 'NONE', *, *, #3527, .F. ) ;
#546 = VECTOR ( 'NONE', #3555, 1000.000000000000000 ) ;
#547 = VECTOR ( 'NONE', #365, 1000.000000000000000 ) ;
#548 = EDGE_CURVE ( 'NONE', #262, #3648, #3817, .T. ) ;
#549 = VERTEX_POINT ( 'NONE', #2929 ) ;
#550 = LINE ( 'NONE', #868, #1474 ) ;
#551 = LINE ( 'NONE', #2452, #1853 ) ;
#552 = VERTEX_POINT ( 'NONE', #2594 ) ;
#553 = ADVANCED_FACE ( 'NONE', ( #3172 ), #2952, .T. ) ;
#554 = EDGE_CURVE ( 'NONE', #674, #1101, #3503, .T. ) ;
#555 = PLANE ( 'NONE',  #3667 ) ;
#556 = CARTESIAN_POINT ( 'NONE',  ( 3.874554418332484484, 1.624558990625769139, 1.714500000000000357 ) ) ;
#557 = FACE_OUTER_BOUND ( 'NONE', #2944, .T. ) ;
#558 = MANIFOLD_SOLID_BREP ( 'Boss-Extrude5', #1310 ) ;
#559 = LINE ( 'NONE', #855, #3285 ) ;
#560 = CARTESIAN_POINT ( 'NONE',  ( -4.064316894675507719, 1.693626883595273247, -0.4445000000000000062 ) ) ;
#561 = DIRECTION ( 'NONE',  ( -6.829619984160684276E-15, -1.000000000000000000, 0.000000000000000000 ) ) ;
#562 = MANIFOLD_SOLID_BREP ( 'LPattern1[5]', #2635 ) ;
#563 = CARTESIAN_POINT ( 'NONE',  ( -3.403500000000000636, 2.080500000000000238, 2.095500000000000362 ) ) ;
#564 = ADVANCED_FACE ( 'NONE', ( #1308 ), #2230, .F. ) ;
#565 = DIRECTION ( 'NONE',  ( 1.000000000000000000, 0.000000000000000000, 0.000000000000000000 ) ) ;
#566 = FACE_OUTER_BOUND ( 'NONE', #339, .T. ) ;
#567 = ORIENTED_EDGE ( 'NONE', *, *, #2170, .T. ) ;
#568 = ORIENTED_EDGE ( 'NONE', *, *, #1290, .T. ) ;
#569 = LINE ( 'NONE', #1839, #346 ) ;
#570 = CARTESIAN_POINT ( 'NONE',  ( 4.999999999999997335, 0.4559410093742238823, 2.095500000000000362 ) ) ;
#571 = EDGE_LOOP ( 'NONE', ( #2786, #282, #3253, #3668 ) ) ;
#572 = EDGE_LOOP ( 'NONE', ( #1964, #387, #3353, #96 ) ) ;
#573 = CARTESIAN_POINT ( 'NONE',  ( -4.999999999999997335, 0.4559410093742238823, 2.095500000000000362 ) ) ;
#574 = DIRECTION ( 'NONE',  ( 0.000000000000000000, -1.000000000000000000, 0.000000000000000000 ) ) ;
#575 = DIRECTION ( 'NONE',  ( -0.000000000000000000, -0.000000000000000000, -1.000000000000000000 ) ) ;
#576 = ADVANCED_FACE ( 'NONE', ( #3010 ), #3614, .F. ) ;
#577 = CIRCLE ( 'NONE', #377, 0.4559410093742288783 ) ;
#578 = EDGE_CURVE ( 'NONE', #3465, #106, #3719, .T. ) ;
#579 = CARTESIAN_POINT ( 'NONE',  ( -4.302998820355127485, 1.780499999999992422, -1.714499999999999913 ) ) ;
#580 = CARTESIAN_POINT ( 'NONE',  ( 4.810237523656974545, 0.3868731164047196636, -0.4445000000000000062 ) ) ;
#581 = ADVANCED_FACE ( 'NONE', ( #170 ), #3926, .T. ) ;
#582 = DIRECTION ( 'NONE',  ( 0.000000000000000000, -1.000000000000000000, 0.000000000000000000 ) ) ;
#583 = ADVANCED_FACE ( 'NONE', ( #2321 ), #1086, .F. ) ;
#584 = ORIENTED_EDGE ( 'NONE', *, *, #1304, .T. ) ;
#585 = CARTESIAN_POINT ( 'NONE',  ( -5.000000000000000000, 0.2539999999999961178, 0.4445000000000002283 ) ) ;
#586 = DIRECTION ( 'NONE',  ( 0.9902680687415702510, 0.1391731009600657432, -2.202360597892584219E-16 ) ) ;
#587 = ORIENTED_EDGE ( 'NONE', *, *, #2304, .F. ) ;
#588 = ORIENTED_EDGE ( 'NONE', *, *, #1550, .T. ) ;
#589 = STYLED_ITEM ( 'NONE', ( #2879 ), #3306 ) ;
#590 = EDGE_CURVE ( 'NONE', #3989, #2007, #1375, .T. ) ;
#591 = PLANE ( 'NONE',  #2932 ) ;
#592 = LINE ( 'NONE', #1840, #1460 ) ;
#593 = ORIENTED_EDGE ( 'NONE', *, *, #1755, .T. ) ;
#594 =( GEOMETRIC_REPRESENTATION_CONTEXT ( 3 ) GLOBAL_UNCERTAINTY_ASSIGNED_CONTEXT ( ( #2234 ) ) GLOBAL_UNIT_ASSIGNED_CONTEXT ( ( #3646, #850, #1803 ) ) REPRESENTATION_CONTEXT ( 'NONE', 'WORKASPACE' ) );
#595 = ORIENTED_EDGE ( 'NONE', *, *, #116, .F. ) ;
#596 = DIRECTION ( 'NONE',  ( -1.000000000000000000, 0.000000000000000000, 0.000000000000000000 ) ) ;
#597 = VECTOR ( 'NONE', #45, 1000.000000000000000 ) ;
#598 = CARTESIAN_POINT ( 'NONE',  ( 5.749999999999999112, 0.2539999999999982272, -0.4445000000000000062 ) ) ;
#599 = LINE ( 'NONE', #3794, #2315 ) ;
#600 = CIRCLE ( 'NONE', #72, 0.2019410093742285695 ) ;
#601 = CARTESIAN_POINT ( 'NONE',  ( -3.874554418332484929, 2.080499999999998018, 2.095500000000000362 ) ) ;
#602 = DIRECTION ( 'NONE',  ( 1.000000000000000000, -3.222309318003977021E-15, 0.000000000000000000 ) ) ;
#603 = CARTESIAN_POINT ( 'NONE',  ( -3.403500000000000636, 1.826500000000000457, 2.095500000000000362 ) ) ;
#604 = VECTOR ( 'NONE', #2768, 1000.000000000000114 ) ;
#605 = EDGE_CURVE ( 'NONE', #3308, #106, #1453, .T. ) ;
#606 = EDGE_CURVE ( 'NONE', #83, #12, #150, .T. ) ;
#607 = VERTEX_POINT ( 'NONE', #1708 ) ;
#608 = EDGE_CURVE ( 'NONE', #2983, #927, #1063, .T. ) ;
#609 = CIRCLE ( 'NONE', #816, 0.4559410093742288783 ) ;
#610 = FACE_OUTER_BOUND ( 'NONE', #1733, .T. ) ;
#611 = LINE ( 'NONE', #3739, #1528 ) ;
#612 = ORIENTED_EDGE ( 'NONE', *, *, #1829, .F. ) ;
#613 = AXIS2_PLACEMENT_3D ( 'NONE', #2002, #881, #406 ) ;
#614 = EDGE_LOOP ( 'NONE', ( #848, #2146, #1862, #3787 ) ) ;
#615 = CARTESIAN_POINT ( 'NONE',  ( 3.188964415826799570, 3.606999999999999762, 2.710464415826799200 ) ) ;
#616 = DIRECTION ( 'NONE',  ( 0.3420201433256690460, 0.9396926207859083169, 0.000000000000000000 ) ) ;
#617 = ORIENTED_EDGE ( 'NONE', *, *, #3574, .T. ) ;
#618 = VECTOR ( 'NONE', #1711, 1000.000000000000114 ) ;
#619 = VECTOR ( 'NONE', #3707, 1000.000000000000000 ) ;
#620 = ADVANCED_FACE ( 'NONE', ( #3365 ), #473, .F. ) ;
#621 = EDGE_LOOP ( 'NONE', ( #1176, #322, #1071, #3033 ) ) ;
#622 = VECTOR ( 'NONE', #3891, 1000.000000000000000 ) ;
#623 = DIRECTION ( 'NONE',  ( 0.000000000000000000, 0.000000000000000000, 1.000000000000000000 ) ) ;
#624 = LINE ( 'NONE', #975, #3578 ) ;
#625 = EDGE_LOOP ( 'NONE', ( #2212, #3123, #3456, #3741 ) ) ;
#626 = DIRECTION ( 'NONE',  ( -1.000000000000000000, 3.910807474849149877E-15, 0.000000000000000000 ) ) ;
#627 = DIRECTION ( 'NONE',  ( 0.000000000000000000, -1.000000000000000000, 0.000000000000000000 ) ) ;
#628 = DIRECTION ( 'NONE',  ( -0.000000000000000000, -0.000000000000000000, -1.000000000000000000 ) ) ;
#629 = ORIENTED_EDGE ( 'NONE', *, *, #1601, .F. ) ;
#630 = UNCERTAINTY_MEASURE_WITH_UNIT (LENGTH_MEASURE( 1.000000000000000082E-05 ), #20, 'distance_accuracy_value', 'NONE');
#631 = FACE_OUTER_BOUND ( 'NONE', #2700, .T. ) ;
#632 = LINE ( 'NONE', #316, #3056 ) ;
#633 =( NAMED_UNIT ( * ) SI_UNIT ( $, .STERADIAN. ) SOLID_ANGLE_UNIT ( ) );
#634 = ADVANCED_FACE ( 'NONE', ( #2013 ), #513, .F. ) ;
#635 = ORIENTED_EDGE ( 'NONE', *, *, #1016, .F. ) ;
#636 = ORIENTED_EDGE ( 'NONE', *, *, #864, .F. ) ;
#637 = CARTESIAN_POINT ( 'NONE',  ( 3.874554418332484484, 2.080499999999998906, 2.095500000000000362 ) ) ;
#638 = CARTESIAN_POINT ( 'NONE',  ( -3.874554418332484484, 1.826499999999998902, 2.095500000000000362 ) ) ;
#639 = ORIENTED_EDGE ( 'NONE', *, *, #3219, .F. ) ;
#640 = VERTEX_POINT ( 'NONE', #1417 ) ;
#641 = PLANE ( 'NONE',  #1606 ) ;
#642 = DIRECTION ( 'NONE',  ( -0.000000000000000000, -0.000000000000000000, -1.000000000000000000 ) ) ;
#643 = ORIENTED_EDGE ( 'NONE', *, *, #2248, .T. ) ;
#644 = MANIFOLD_SOLID_BREP ( 'LPattern1[4]', #3368 ) ;
#645 = CARTESIAN_POINT ( 'NONE',  ( 3.874554418332484040, 1.624558990625769139, -0.4445000000000000062 ) ) ;
#646 = CARTESIAN_POINT ( 'NONE',  ( 5.000000000000000888, -2.960210660448999032E-15, -1.714499999999999913 ) ) ;
#647 = CARTESIAN_POINT ( 'NONE',  ( -5.750000000000000888, 0.2539999999999990044, -0.4445000000000000062 ) ) ;
#648 = CARTESIAN_POINT ( 'NONE',  ( 3.403500000000000192, 1.826500000000000457, -0.8254999999999999005 ) ) ;
#649 = CYLINDRICAL_SURFACE ( 'NONE', #2121, 0.4559410093742276016 ) ;
#650 = ORIENTED_EDGE ( 'NONE', *, *, #130, .T. ) ;
#651 = CARTESIAN_POINT ( 'NONE',  ( 4.810237523656974545, 0.3868731164047196636, -0.8254999999999999005 ) ) ;
#652 = EDGE_LOOP ( 'NONE', ( #3543, #3858, #3361, #1187 ) ) ;
#653 = ORIENTED_EDGE ( 'NONE', *, *, #590, .T. ) ;
#654 = ADVANCED_FACE ( 'NONE', ( #1121 ), #2679, .F. ) ;
#655 = CARTESIAN_POINT ( 'NONE',  ( 5.000000000000001776, -2.960210660448999032E-15, 0.8255000000000000115 ) ) ;
#656 = CARTESIAN_POINT ( 'NONE',  ( 4.999999999999996447, 0.4559410093742238823, -0.4445000000000000062 ) ) ;
#657 = ORIENTED_EDGE ( 'NONE', *, *, #1420, .F. ) ;
#658 = EDGE_CURVE ( 'NONE', #812, #782, #3423, .T. ) ;
#659 = EDGE_CURVE ( 'NONE', #1906, #2249, #2072, .T. ) ;
#660 = EDGE_LOOP ( 'NONE', ( #3629, #657, #612, #2612 ) ) ;
#661 = EDGE_CURVE ( 'NONE', #2646, #1051, #2149, .T. ) ;
#662 =( NAMED_UNIT ( * ) SI_UNIT ( $, .STERADIAN. ) SOLID_ANGLE_UNIT ( ) );
#663 = CARTESIAN_POINT ( 'NONE',  ( 3.403500000000000636, 2.080500000000000682, 1.714500000000000357 ) ) ;
#664 = VERTEX_POINT ( 'NONE', #1180 ) ;
#665 =( NAMED_UNIT ( * ) PLANE_ANGLE_UNIT ( ) SI_UNIT ( $, .RADIAN. ) );
#666 = DIRECTION ( 'NONE',  ( -0.000000000000000000, -0.000000000000000000, -1.000000000000000000 ) ) ;
#667 = CARTESIAN_POINT ( 'NONE',  ( 5.000000000000001776, -2.960210660448999032E-15, 2.095500000000000362 ) ) ;
#668 = VECTOR ( 'NONE', #2467, 1000.000000000000000 ) ;
#669 = LINE ( 'NONE', #332, #3024 ) ;
#670 = CARTESIAN_POINT ( 'NONE',  ( -3.874554418332485373, 1.624558990625769139, -1.714499999999999913 ) ) ;
#671 = CARTESIAN_POINT ( 'NONE',  ( -3.403500000000000636, 2.080500000000000238, 1.714500000000000357 ) ) ;
#672 = VECTOR ( 'NONE', #4044, 1000.000000000000000 ) ;
#673 = DIRECTION ( 'NONE',  ( -1.000000000000000000, -3.222309318003976232E-15, 0.000000000000000000 ) ) ;
#674 = VERTEX_POINT ( 'NONE', #852 ) ;
#675 = CIRCLE ( 'NONE', #3521, 0.2019410093742285695 ) ;
#676 = VERTEX_POINT ( 'NONE', #2108 ) ;
#677 =( GEOMETRIC_REPRESENTATION_CONTEXT ( 3 ) GLOBAL_UNCERTAINTY_ASSIGNED_CONTEXT ( ( #2821 ) ) GLOBAL_UNIT_ASSIGNED_CONTEXT ( ( #391, #665, #3528 ) ) REPRESENTATION_CONTEXT ( 'NONE', 'WORKASPACE' ) );
#678 = DIRECTION ( 'NONE',  ( -0.000000000000000000, -0.000000000000000000, -1.000000000000000000 ) ) ;
#679 = DIRECTION ( 'NONE',  ( -0.9396926207859083169, 0.3420201433256691570, 0.000000000000000000 ) ) ;
#680 = CARTESIAN_POINT ( 'NONE',  ( 4.999999999999996447, 0.4559410093742238823, -1.714499999999999913 ) ) ;
#681 = ORIENTED_EDGE ( 'NONE', *, *, #203, .F. ) ;
#682 = AXIS2_PLACEMENT_3D ( 'NONE', #241, #849, #1488 ) ;
#683 = ORIENTED_EDGE ( 'NONE', *, *, #1145, .T. ) ;
#684 = AXIS2_PLACEMENT_3D ( 'NONE', #4084, #2439, #1513 ) ;
#685 = DIRECTION ( 'NONE',  ( 0.000000000000000000, 1.000000000000000000, 0.000000000000000000 ) ) ;
#687 = MECHANICAL_DESIGN_GEOMETRIC_PRESENTATION_REPRESENTATION (  '', ( #2722 ), #826 ) ;
#686 =( NAMED_UNIT ( * ) PLANE_ANGLE_UNIT ( ) SI_UNIT ( $, .RADIAN. ) );
#688 = ORIENTED_EDGE ( 'NONE', *, *, #2639, .T. ) ;
#689 = EDGE_CURVE ( 'NONE', #3989, #3462, #1815, .T. ) ;
#690 = ADVANCED_FACE ( 'NONE', ( #3046 ), #3384, .F. ) ;
#691 = VECTOR ( 'NONE', #2621, 1000.000000000000000 ) ;
#692 = DIRECTION ( 'NONE',  ( 1.000000000000000000, -3.222309318003977021E-15, 0.000000000000000000 ) ) ;
#693 = FACE_OUTER_BOUND ( 'NONE', #3547, .T. ) ;
#694 = MANIFOLD_SOLID_BREP ( 'Cut-Extrude2', #311 ) ;
#695 = DIRECTION ( 'NONE',  ( -0.000000000000000000, -0.000000000000000000, -1.000000000000000000 ) ) ;
#696 = DIRECTION ( 'NONE',  ( -0.3420201433256681023, 0.9396926207859086499, -0.000000000000000000 ) ) ;
#697 = DIRECTION ( 'NONE',  ( 0.000000000000000000, 0.000000000000000000, 1.000000000000000000 ) ) ;
#698 = VERTEX_POINT ( 'NONE', #4037 ) ;
#699 = CARTESIAN_POINT ( 'NONE',  ( 4.999999999999996447, 0.4559410093742238823, -0.4445000000000000062 ) ) ;
#700 = VERTEX_POINT ( 'NONE', #1163 ) ;
#701 = VERTEX_POINT ( 'NONE', #1807 ) ;
#702 = CARTESIAN_POINT ( 'NONE',  ( -5.750000000000000888, 0.2539999999999990044, -1.714499999999999913 ) ) ;
#703 = LINE ( 'NONE', #2559, #2859 ) ;
#704 = CARTESIAN_POINT ( 'NONE',  ( 5.000000000000000000, 0.2539999999999969504, 2.095500000000000362 ) ) ;
#705 = ORIENTED_EDGE ( 'NONE', *, *, #1758, .F. ) ;
#706 = EDGE_CURVE ( 'NONE', #2087, #1694, #3134, .T. ) ;
#707 = ORIENTED_EDGE ( 'NONE', *, *, #1304, .F. ) ;
#708 =( LENGTH_UNIT ( ) NAMED_UNIT ( * ) SI_UNIT ( .MILLI., .METRE. ) );
#709 = CARTESIAN_POINT ( 'NONE',  ( -5.750000000000000000, 0.2539999999999990044, 0.4445000000000002283 ) ) ;
#710 = VERTEX_POINT ( 'NONE', #1491 ) ;
#711 = AXIS2_PLACEMENT_3D ( 'NONE', #3351, #213, #2681 ) ;
#712 = EDGE_CURVE ( 'NONE', #743, #2626, #1863, .T. ) ;
#713 = SURFACE_STYLE_USAGE ( .BOTH. , #2213 ) ;
#714 = DIRECTION ( 'NONE',  ( 1.000000000000000000, 0.000000000000000000, -0.000000000000000000 ) ) ;
#715 = DIRECTION ( 'NONE',  ( -0.000000000000000000, -0.000000000000000000, -1.000000000000000000 ) ) ;
#716 = EDGE_CURVE ( 'NONE', #3341, #3364, #1354, .T. ) ;
#717 = CARTESIAN_POINT ( 'NONE',  ( -2.128980829383888551, 3.606999999999999762, -1.933577189573473465 ) ) ;
#718 = CARTESIAN_POINT ( 'NONE',  ( 4.064316894675506830, 1.693626883595273247, 0.8255000000000000115 ) ) ;
#719 = CARTESIAN_POINT ( 'NONE',  ( -2.128980829383888551, 3.606999999999999762, -2.234841230200649065 ) ) ;
#720 = ADVANCED_FACE ( 'NONE', ( #2558 ), #555, .F. ) ;
#721 = CARTESIAN_POINT ( 'NONE',  ( 5.000000000000000000, 0.2539999999999969504, 0.8255000000000000115 ) ) ;
#722 = VERTEX_POINT ( 'NONE', #2767 ) ;
#723 = CIRCLE ( 'NONE', #711, 0.2019410093742285695 ) ;
#724 = ORIENTED_EDGE ( 'NONE', *, *, #1951, .F. ) ;
#725 = CARTESIAN_POINT ( 'NONE',  ( -3.403500000000000636, 2.080500000000000238, 1.714500000000000357 ) ) ;
#726 = CARTESIAN_POINT ( 'NONE',  ( -4.302998820355127485, 1.780499999999992422, -1.714499999999999913 ) ) ;
#727 = DIRECTION ( 'NONE',  ( -0.000000000000000000, -0.000000000000000000, -1.000000000000000000 ) ) ;
#728 = ORIENTED_EDGE ( 'NONE', *, *, #914, .T. ) ;
#729 = EDGE_CURVE ( 'NONE', #743, #2704, #3797, .T. ) ;
#730 = VERTEX_POINT ( 'NONE', #894 ) ;
#731 = PRESENTATION_STYLE_ASSIGNMENT (( #2589 ) ) ;
#732 = SURFACE_STYLE_FILL_AREA ( #1061 ) ;
#733 = ORIENTED_EDGE ( 'NONE', *, *, #3477, .T. ) ;
#734 = VECTOR ( 'NONE', #3691, 1000.000000000000114 ) ;
#735 = FACE_OUTER_BOUND ( 'NONE', #2059, .T. ) ;
#736 = FACE_OUTER_BOUND ( 'NONE', #1925, .T. ) ;
#737 = CIRCLE ( 'NONE', #2579, 0.2019410093742285695 ) ;
#738 = DIRECTION ( 'NONE',  ( -1.000000000000000000, 0.000000000000000000, 0.000000000000000000 ) ) ;
#739 = LINE ( 'NONE', #113, #3466 ) ;
#740 = VECTOR ( 'NONE', #2085, 1000.000000000000000 ) ;
#741 = ORIENTED_EDGE ( 'NONE', *, *, #410, .F. ) ;
#742 = SURFACE_SIDE_STYLE ('',( #1695 ) ) ;
#743 = VERTEX_POINT ( 'NONE', #1614 ) ;
#744 = EDGE_CURVE ( 'NONE', #2665, #3256, #3938, .T. ) ;
#745 = EDGE_CURVE ( 'NONE', #2205, #3382, #1094, .T. ) ;
#746 = VERTEX_POINT ( 'NONE', #73 ) ;
#747 = VECTOR ( 'NONE', #3889, 1000.000000000000000 ) ;
#748 = CARTESIAN_POINT ( 'NONE',  ( 4.571555597977356555, 0.2999999999999999334, -0.4445000000000000062 ) ) ;
#749 = CARTESIAN_POINT ( 'NONE',  ( -3.403500000000001524, 1.826500000000000457, -1.714499999999999913 ) ) ;
#750 = DIRECTION ( 'NONE',  ( -0.000000000000000000, -0.000000000000000000, -1.000000000000000000 ) ) ;
#751 = VERTEX_POINT ( 'NONE', #3895 ) ;
#752 = VECTOR ( 'NONE', #2989, 1000.000000000000114 ) ;
#753 = VECTOR ( 'NONE', #2415, 1000.000000000000000 ) ;
#754 = ORIENTED_EDGE ( 'NONE', *, *, #2081, .F. ) ;
#755 = AXIS2_PLACEMENT_3D ( 'NONE', #3146, #1467, #2727 ) ;
#756 = DIRECTION ( 'NONE',  ( -0.000000000000000000, -0.000000000000000000, -1.000000000000000000 ) ) ;
#757 = DIRECTION ( 'NONE',  ( -0.000000000000000000, -0.000000000000000000, -1.000000000000000000 ) ) ;
#758 = ORIENTED_EDGE ( 'NONE', *, *, #50, .F. ) ;
#759 = SURFACE_STYLE_FILL_AREA ( #3027 ) ;
#760 = CARTESIAN_POINT ( 'NONE',  ( -4.064316894675506830, 1.693626883595273247, 0.8255000000000000115 ) ) ;
#761 = AXIS2_PLACEMENT_3D ( 'NONE', #1868, #1265, #1227 ) ;
#762 = AXIS2_PLACEMENT_3D ( 'NONE', #208, #3070, #2477 ) ;
#763 = DIRECTION ( 'NONE',  ( -0.000000000000000000, -0.000000000000000000, -1.000000000000000000 ) ) ;
#764 = LINE ( 'NONE', #3287, #622 ) ;
#765 = EDGE_LOOP ( 'NONE', ( #3834, #55, #1524, #3967 ) ) ;
#766 = ORIENTED_EDGE ( 'NONE', *, *, #1323, .T. ) ;
#767 = CARTESIAN_POINT ( 'NONE',  ( -4.302998820355127485, 1.780499999999992422, -0.8254999999999999005 ) ) ;
#768 = EDGE_CURVE ( 'NONE', #1179, #4073, #2532, .T. ) ;
#769 = DIRECTION ( 'NONE',  ( -6.829619984160704786E-15, 1.000000000000000000, -0.000000000000000000 ) ) ;
#770 = DIRECTION ( 'NONE',  ( -0.3420201433256691570, -0.9396926207859083169, 0.000000000000000000 ) ) ;
#771 = VERTEX_POINT ( 'NONE', #405 ) ;
#772 = EDGE_CURVE ( 'NONE', #2271, #956, #3273, .T. ) ;
#773 = ORIENTED_EDGE ( 'NONE', *, *, #4002, .F. ) ;
#774 = CARTESIAN_POINT ( 'NONE',  ( 3.874554418332483596, 1.624558990625769139, -2.095499999999999918 ) ) ;
#775 = FACE_OUTER_BOUND ( 'NONE', #571, .T. ) ;
#776 = EDGE_CURVE ( 'NONE', #3044, #1684, #2670, .T. ) ;
#777 = ORIENTED_EDGE ( 'NONE', *, *, #3856, .T. ) ;
#778 = CARTESIAN_POINT ( 'NONE',  ( -3.403499999999998860, 2.080500000000000238, 2.925000000000001599 ) ) ;
#779 = DIRECTION ( 'NONE',  ( 0.000000000000000000, 0.000000000000000000, 1.000000000000000000 ) ) ;
#780 = DIRECTION ( 'NONE',  ( -0.000000000000000000, -0.000000000000000000, -1.000000000000000000 ) ) ;
#781 = CARTESIAN_POINT ( 'NONE',  ( -2.802207791442874907, 3.606999999999999762, 2.710464415826800533 ) ) ;
#782 = VERTEX_POINT ( 'NONE', #1054 ) ;
#783 =( NAMED_UNIT ( * ) SI_UNIT ( $, .STERADIAN. ) SOLID_ANGLE_UNIT ( ) );
#784 = ORIENTED_EDGE ( 'NONE', *, *, #204, .T. ) ;
#785 = PLANE ( 'NONE',  #3278 ) ;
#786 = PLANE ( 'NONE',  #3188 ) ;
#787 = CARTESIAN_POINT ( 'NONE',  ( -5.000000000000002665, -2.960210660448999032E-15, -1.714499999999999913 ) ) ;
#788 = VECTOR ( 'NONE', #920, 1000.000000000000000 ) ;
#789 = ORIENTED_EDGE ( 'NONE', *, *, #776, .F. ) ;
#790 = ORIENTED_EDGE ( 'NONE', *, *, #482, .T. ) ;
#791 = CARTESIAN_POINT ( 'NONE',  ( -5.750000000000000000, 0.2539999999999990044, 0.8255000000000000115 ) ) ;
#792 = ORIENTED_EDGE ( 'NONE', *, *, #3908, .T. ) ;
#793 = EDGE_CURVE ( 'NONE', #1051, #3308, #412, .T. ) ;
#794 = EDGE_CURVE ( 'NONE', #486, #3827, #1939, .T. ) ;
#795 = EDGE_CURVE ( 'NONE', #2630, #1214, #3603, .T. ) ;
#796 = CARTESIAN_POINT ( 'NONE',  ( -2.128980829383888551, 3.606999999999999762, -1.933577189573473465 ) ) ;
#797 = CARTESIAN_POINT ( 'NONE',  ( -5.000000000000001776, -2.960210660448999032E-15, 0.8255000000000000115 ) ) ;
#798 = CIRCLE ( 'NONE', #1789, 0.2019410093742285695 ) ;
#799 = CARTESIAN_POINT ( 'NONE',  ( -5.000000000000001776, -2.960210660448999032E-15, 0.4445000000000002283 ) ) ;
#800 = PRODUCT_DEFINITION_CONTEXT ( 'detailed design', #1515, 'design' ) ;
#801 = CYLINDRICAL_SURFACE ( 'NONE', #3796, 0.3012640406271755444 ) ;
#802 = ORIENTED_EDGE ( 'NONE', *, *, #935, .F. ) ;
#803 = CIRCLE ( 'NONE', #1328, 0.4559410093742302106 ) ;
#804 = EDGE_CURVE ( 'NONE', #549, #908, #1635, .T. ) ;
#805 = VERTEX_POINT ( 'NONE', #2291 ) ;
#806 = VECTOR ( 'NONE', #983, 1000.000000000000000 ) ;
#807 = CARTESIAN_POINT ( 'NONE',  ( -4.302998820355126597, 1.780499999999992422, 0.8255000000000000115 ) ) ;
#808 = CARTESIAN_POINT ( 'NONE',  ( 3.874554418332484040, 1.624558990625769139, -0.8254999999999999005 ) ) ;
#809 = EDGE_LOOP ( 'NONE', ( #1638, #1466, #4091, #1017 ) ) ;
#810 = AXIS2_PLACEMENT_3D ( 'NONE', #2509, #1854, #277 ) ;
#811 = VECTOR ( 'NONE', #229, 1000.000000000000000 ) ;
#812 = VERTEX_POINT ( 'NONE', #427 ) ;
#813 = DIRECTION ( 'NONE',  ( -0.000000000000000000, 0.000000000000000000, -1.000000000000000000 ) ) ;
#814 = ORIENTED_EDGE ( 'NONE', *, *, #1951, .T. ) ;
#815 = AXIS2_PLACEMENT_3D ( 'NONE', #2231, #39, #2930 ) ;
#816 = AXIS2_PLACEMENT_3D ( 'NONE', #3588, #2707, #2984 ) ;
#817 = PLANE ( 'NONE',  #3985 ) ;
#818 = EDGE_CURVE ( 'NONE', #1403, #2674, #1319, .T. ) ;
#819 = CARTESIAN_POINT ( 'NONE',  ( -3.874554418332484484, 1.826499999999998902, 1.714500000000000357 ) ) ;
#820 = EDGE_CURVE ( 'NONE', #2678, #3598, #1471, .T. ) ;
#821 = VECTOR ( 'NONE', #3830, 1000.000000000000000 ) ;
#822 = LINE ( 'NONE', #3986, #3899 ) ;
#823 = LINE ( 'NONE', #1811, #1685 ) ;
#824 = VECTOR ( 'NONE', #3867, 1000.000000000000000 ) ;
#825 = VERTEX_POINT ( 'NONE', #3878 ) ;
#826 =( GEOMETRIC_REPRESENTATION_CONTEXT ( 3 ) GLOBAL_UNCERTAINTY_ASSIGNED_CONTEXT ( ( #218 ) ) GLOBAL_UNIT_ASSIGNED_CONTEXT ( ( #3829, #1199, #3689 ) ) REPRESENTATION_CONTEXT ( 'NONE', 'WORKASPACE' ) );
#827 = AXIS2_PLACEMENT_3D ( 'NONE', #1894, #3758, #921 ) ;
#828 = ORIENTED_EDGE ( 'NONE', *, *, #2512, .T. ) ;
#829 = LINE ( 'NONE', #3310, #93 ) ;
#830 = LINE ( 'NONE', #2409, #3509 ) ;
#831 = VERTEX_POINT ( 'NONE', #3250 ) ;
#832 = VERTEX_POINT ( 'NONE', #2960 ) ;
#833 = CARTESIAN_POINT ( 'NONE',  ( 3.874554418332484484, 1.624558990625769139, 2.095500000000000362 ) ) ;
#834 = VERTEX_POINT ( 'NONE', #2580 ) ;
#835 = DIRECTION ( 'NONE',  ( -1.000000000000000000, 0.000000000000000000, 0.000000000000000000 ) ) ;
#836 = LINE ( 'NONE', #3366, #1409 ) ;
#837 = DIRECTION ( 'NONE',  ( -0.000000000000000000, -0.000000000000000000, -1.000000000000000000 ) ) ;
#838 = ADVANCED_FACE ( 'NONE', ( #1716 ), #2916, .T. ) ;
#839 = CARTESIAN_POINT ( 'NONE',  ( -3.403500000000000192, 1.826500000000000457, -2.925000000000000711 ) ) ;
#840 = FACE_OUTER_BOUND ( 'NONE', #1461, .T. ) ;
#841 = EDGE_LOOP ( 'NONE', ( #3845, #2701, #1099, #2383 ) ) ;
#842 = EDGE_CURVE ( 'NONE', #991, #3167, #1366, .T. ) ;
#843 = ORIENTED_EDGE ( 'NONE', *, *, #1950, .T. ) ;
#844 = EDGE_CURVE ( 'NONE', #1942, #504, #1960, .T. ) ;
#845 = CARTESIAN_POINT ( 'NONE',  ( 4.064316894675505942, 1.693626883595273247, -1.714499999999999913 ) ) ;
#846 = LINE ( 'NONE', #1778, #4041 ) ;
#847 = ORIENTED_EDGE ( 'NONE', *, *, #745, .T. ) ;
#848 = ORIENTED_EDGE ( 'NONE', *, *, #578, .T. ) ;
#849 = DIRECTION ( 'NONE',  ( 1.911330405439408505E-16, -0.000000000000000000, 1.000000000000000000 ) ) ;
#850 =( NAMED_UNIT ( * ) PLANE_ANGLE_UNIT ( ) SI_UNIT ( $, .RADIAN. ) );
#851 = ORIENTED_EDGE ( 'NONE', *, *, #3211, .F. ) ;
#852 = CARTESIAN_POINT ( 'NONE',  ( 5.000000000000000000, 0.2539999999999954516, 0.8255000000000000115 ) ) ;
#853 = LINE ( 'NONE', #2150, #3395 ) ;
#854 = CARTESIAN_POINT ( 'NONE',  ( 3.188964415826798238, 0.3000000000000001554, -2.710464415826800533 ) ) ;
#855 = CARTESIAN_POINT ( 'NONE',  ( -2.128980829383888551, 3.606999999999999762, -2.234841230200649065 ) ) ;
#856 = PLANE ( 'NONE',  #1018 ) ;
#857 = FACE_OUTER_BOUND ( 'NONE', #3660, .T. ) ;
#858 = ORIENTED_EDGE ( 'NONE', *, *, #4005, .T. ) ;
#859 = VERTEX_POINT ( 'NONE', #2311 ) ;
#860 = DIRECTION ( 'NONE',  ( -0.000000000000000000, -0.000000000000000000, -1.000000000000000000 ) ) ;
#861 = VECTOR ( 'NONE', #2298, 1000.000000000000000 ) ;
#862 = EDGE_CURVE ( 'NONE', #3128, #2626, #3916, .T. ) ;
#863 = CARTESIAN_POINT ( 'NONE',  ( -3.874554418332484929, 1.624558990625769139, 0.8255000000000000115 ) ) ;
#864 = EDGE_CURVE ( 'NONE', #3881, #1881, #2978, .T. ) ;
#865 = VERTEX_POINT ( 'NONE', #702 ) ;
#866 = AXIS2_PLACEMENT_3D ( 'NONE', #146, #3381, #529 ) ;
#867 = ORIENTED_EDGE ( 'NONE', *, *, #74, .F. ) ;
#868 = CARTESIAN_POINT ( 'NONE',  ( 3.188964415826798238, 0.3000000000000001554, -2.925000000000001599 ) ) ;
#869 = LINE ( 'NONE', #3083, #3772 ) ;
#870 =( GEOMETRIC_REPRESENTATION_CONTEXT ( 3 ) GLOBAL_UNCERTAINTY_ASSIGNED_CONTEXT ( ( #42 ) ) GLOBAL_UNIT_ASSIGNED_CONTEXT ( ( #2057, #3268, #783 ) ) REPRESENTATION_CONTEXT ( 'NONE', 'WORKASPACE' ) );
#871 = ORIENTED_EDGE ( 'NONE', *, *, #2886, .F. ) ;
#872 = CARTESIAN_POINT ( 'NONE',  ( -4.810237523656977210, 0.3868731164047179427, -0.4445000000000000062 ) ) ;
#873 = AXIS2_PLACEMENT_3D ( 'NONE', #1750, #3367, #1182 ) ;
#874 = CARTESIAN_POINT ( 'NONE',  ( -5.750000000000002665, -2.710505431213761085E-17, -0.8254999999999999005 ) ) ;
#875 = CARTESIAN_POINT ( 'NONE',  ( 3.874554418332484040, 2.080499999999998906, 0.8255000000000000115 ) ) ;
#876 = ADVANCED_FACE ( 'NONE', ( #138 ), #1405, .F. ) ;
#877 = MECHANICAL_DESIGN_GEOMETRIC_PRESENTATION_REPRESENTATION (  '', ( #1269 ), #79 ) ;
#878 = VECTOR ( 'NONE', #996, 1000.000000000000000 ) ;
#879 = CARTESIAN_POINT ( 'NONE',  ( 3.403500000000000636, 1.826500000000000457, 2.925000000000000266 ) ) ;
#880 = CARTESIAN_POINT ( 'NONE',  ( -3.874554418332484929, 1.624558990625769139, 0.8255000000000000115 ) ) ;
#881 = DIRECTION ( 'NONE',  ( 3.910807474849149877E-15, 1.000000000000000000, -0.000000000000000000 ) ) ;
#882 = VECTOR ( 'NONE', #1655, 1000.000000000000114 ) ;
#883 = CARTESIAN_POINT ( 'NONE',  ( 4.064316894675505942, 1.693626883595273247, -2.095499999999999918 ) ) ;
#884 = CARTESIAN_POINT ( 'NONE',  ( -2.128980829383888551, 3.507000000000000117, -1.933577189573473465 ) ) ;
#885 = DIRECTION ( 'NONE',  ( 0.000000000000000000, 0.000000000000000000, 1.000000000000000000 ) ) ;
#886 = ORIENTED_EDGE ( 'NONE', *, *, #157, .T. ) ;
#887 = AXIS2_PLACEMENT_3D ( 'NONE', #3950, #3054, #1730 ) ;
#888 = EDGE_CURVE ( 'NONE', #1767, #2177, #2685, .T. ) ;
#889 = ORIENTED_EDGE ( 'NONE', *, *, #659, .T. ) ;
#890 = CARTESIAN_POINT ( 'NONE',  ( 3.874554418332484040, 1.624558990625769139, 0.8255000000000000115 ) ) ;
#891 = PLANE ( 'NONE',  #2319 ) ;
#892 = EDGE_CURVE ( 'NONE', #3502, #3038, #1484, .T. ) ;
#893 = ORIENTED_EDGE ( 'NONE', *, *, #2260, .F. ) ;
#894 = CARTESIAN_POINT ( 'NONE',  ( 4.302998820355126597, 1.780499999999993532, -0.4445000000000000062 ) ) ;
#895 = EDGE_CURVE ( 'NONE', #3598, #2268, #520, .T. ) ;
#896 = LINE ( 'NONE', #4081, #4036 ) ;
#897 = CARTESIAN_POINT ( 'NONE',  ( -2.128980829383888551, 3.606999999999999762, -1.933577189573473465 ) ) ;
#898 = LINE ( 'NONE', #3774, #1746 ) ;
#899 = CARTESIAN_POINT ( 'NONE',  ( -5.750000000000000000, 0.2539999999999990044, 0.4445000000000002283 ) ) ;
#900 = ORIENTED_EDGE ( 'NONE', *, *, #357, .T. ) ;
#901 = CARTESIAN_POINT ( 'NONE',  ( -3.403499999999998860, 1.826500000000000457, 2.925000000000001599 ) ) ;
#902 = DIRECTION ( 'NONE',  ( 1.000000000000000000, -3.910807474849149088E-15, -0.000000000000000000 ) ) ;
#903 = ORIENTED_EDGE ( 'NONE', *, *, #1424, .F. ) ;
#904 = AXIS2_PLACEMENT_3D ( 'NONE', #1496, #1867, #2460 ) ;
#905 = VERTEX_POINT ( 'NONE', #3374 ) ;
#906 = CARTESIAN_POINT ( 'NONE',  ( 4.999999999999996447, 0.4559410093742238823, -1.714499999999999913 ) ) ;
#907 = DIRECTION ( 'NONE',  ( 0.3420201433256691015, 0.9396926207859082059, -0.000000000000000000 ) ) ;
#908 = VERTEX_POINT ( 'NONE', #2366 ) ;
#909 = VECTOR ( 'NONE', #2620, 1000.000000000000114 ) ;
#910 = ORIENTED_EDGE ( 'NONE', *, *, #3299, .F. ) ;
#911 = PRESENTATION_STYLE_ASSIGNMENT (( #3408 ) ) ;
#912 = CARTESIAN_POINT ( 'NONE',  ( -5.000000000000001776, -2.960210660448999032E-15, 2.095500000000000362 ) ) ;
#913 = EDGE_CURVE ( 'NONE', #1021, #3372, #219, .T. ) ;
#914 = EDGE_CURVE ( 'NONE', #3570, #1906, #1131, .T. ) ;
#915 = VECTOR ( 'NONE', #1645, 1000.000000000000000 ) ;
#916 = EDGE_CURVE ( 'NONE', #2289, #3587, #1089, .T. ) ;
#917 = CARTESIAN_POINT ( 'NONE',  ( -4.302998820355126597, 1.780499999999992422, 0.8255000000000000115 ) ) ;
#918 = CARTESIAN_POINT ( 'NONE',  ( -4.571555597977357444, 0.2999999999999999334, 0.8255000000000000115 ) ) ;
#919 = CARTESIAN_POINT ( 'NONE',  ( 3.403500000000000636, 1.826500000000000457, 2.925000000000000266 ) ) ;
#920 = DIRECTION ( 'NONE',  ( -6.829619984160684276E-15, -1.000000000000000000, 0.000000000000000000 ) ) ;
#921 = DIRECTION ( 'NONE',  ( -1.000000000000000000, 0.000000000000000000, 0.000000000000000000 ) ) ;
#922 = CARTESIAN_POINT ( 'NONE',  ( -5.000000000000000888, 0.2539999999999961178, -2.095499999999999918 ) ) ;
#923 = ORIENTED_EDGE ( 'NONE', *, *, #300, .T. ) ;
#924 = VERTEX_POINT ( 'NONE', #3969 ) ;
#925 = DIRECTION ( 'NONE',  ( 1.000000000000000000, 4.603299025719963228E-15, 0.000000000000000000 ) ) ;
#926 = CARTESIAN_POINT ( 'NONE',  ( -3.874554418332484929, 1.624558990625769139, -0.8254999999999999005 ) ) ;
#927 = VERTEX_POINT ( 'NONE', #2099 ) ;
#928 = PRESENTATION_LAYER_ASSIGNMENT (  '', '', ( #64 ) ) ;
#929 = ORIENTED_EDGE ( 'NONE', *, *, #3802, .F. ) ;
#930 = VECTOR ( 'NONE', #2650, 1000.000000000000000 ) ;
#931 = DIRECTION ( 'NONE',  ( -0.000000000000000000, -0.000000000000000000, -1.000000000000000000 ) ) ;
#932 = FACE_OUTER_BOUND ( 'NONE', #4001, .T. ) ;
#933 = ORIENTED_EDGE ( 'NONE', *, *, #281, .T. ) ;
#934 = AXIS2_PLACEMENT_3D ( 'NONE', #2303, #1027, #3505 ) ;
#935 = EDGE_CURVE ( 'NONE', #2870, #1877, #3669, .T. ) ;
#936 = DIRECTION ( 'NONE',  ( -0.000000000000000000, -0.000000000000000000, -1.000000000000000000 ) ) ;
#937 = FACE_OUTER_BOUND ( 'NONE', #1978, .T. ) ;
#938 = LINE ( 'NONE', #252, #1993 ) ;
#939 = STYLED_ITEM ( 'NONE', ( #3631 ), #644 ) ;
#940 = LINE ( 'NONE', #1378, #382 ) ;
#941 = AXIS2_PLACEMENT_3D ( 'NONE', #890, #2144, #3420 ) ;
#942 = DIRECTION ( 'NONE',  ( -1.000000000000000000, 0.000000000000000000, 0.000000000000000000 ) ) ;
#943 = CARTESIAN_POINT ( 'NONE',  ( -4.302998820355126597, 1.780499999999992422, 1.714500000000000357 ) ) ;
#944 = DIRECTION ( 'NONE',  ( -0.000000000000000000, -0.000000000000000000, -1.000000000000000000 ) ) ;
#945 = ORIENTED_EDGE ( 'NONE', *, *, #453, .F. ) ;
#946 = AXIS2_PLACEMENT_3D ( 'NONE', #897, #2152, #537 ) ;
#947 = EDGE_LOOP ( 'NONE', ( #1525, #98, #2591, #1719 ) ) ;
#948 = CARTESIAN_POINT ( 'NONE',  ( -3.874554418332484929, 1.624558990625769139, 0.8255000000000000115 ) ) ;
#949 = DIRECTION ( 'NONE',  ( -0.000000000000000000, 1.000000000000000000, -0.000000000000000000 ) ) ;
#950 = EDGE_LOOP ( 'NONE', ( #889, #2541, #3558, #260 ) ) ;
#951 = CIRCLE ( 'NONE', #1873, 0.4559410093742302106 ) ;
#952 = AXIS2_PLACEMENT_3D ( 'NONE', #2434, #678, #2131 ) ;
#953 = EDGE_LOOP ( 'NONE', ( #102, #1596, #3790, #3419, #3418, #2414, #1382, #1111, #3972, #1712, #70, #1007 ) ) ;
#954 = AXIS2_PLACEMENT_3D ( 'NONE', #3416, #2506, #565 ) ;
#955 = CARTESIAN_POINT ( 'NONE',  ( 3.403500000000000192, 2.080500000000000682, -0.8254999999999999005 ) ) ;
#956 = VERTEX_POINT ( 'NONE', #1735 ) ;
#957 = CARTESIAN_POINT ( 'NONE',  ( -3.403500000000000192, 2.080500000000000238, -2.925000000000000711 ) ) ;
#958 = DIRECTION ( 'NONE',  ( -1.000000000000000000, 3.910807474849149877E-15, 0.000000000000000000 ) ) ;
#959 = FACE_OUTER_BOUND ( 'NONE', #3269, .T. ) ;
#960 = DIRECTION ( 'NONE',  ( 1.000000000000000000, -3.910807474849149088E-15, -0.000000000000000000 ) ) ;
#961 = CARTESIAN_POINT ( 'NONE',  ( -4.064316894675506830, 1.693626883595273247, 0.8255000000000000115 ) ) ;
#962 = DIRECTION ( 'NONE',  ( -1.000000000000000000, -0.000000000000000000, 1.911330405439408505E-16 ) ) ;
#963 = ORIENTED_EDGE ( 'NONE', *, *, #1650, .F. ) ;
#964 = LINE ( 'NONE', #1957, #2714 ) ;
#965 = ORIENTED_EDGE ( 'NONE', *, *, #3519, .T. ) ;
#966 = EDGE_CURVE ( 'NONE', #424, #3961, #2061, .T. ) ;
#967 = ADVANCED_FACE ( 'NONE', ( #163 ), #3682, .F. ) ;
#968 = EDGE_CURVE ( 'NONE', #1015, #676, #1188, .T. ) ;
#969 = ORIENTED_EDGE ( 'NONE', *, *, #968, .T. ) ;
#970 = DIRECTION ( 'NONE',  ( -0.3420201433256689905, -0.9396926207859083169, 0.000000000000000000 ) ) ;
#971 = CARTESIAN_POINT ( 'NONE',  ( -2.802207791442874463, 3.606999999999999762, -2.710464415826800533 ) ) ;
#972 = ORIENTED_EDGE ( 'NONE', *, *, #554, .F. ) ;
#973 = ORIENTED_EDGE ( 'NONE', *, *, #4086, .T. ) ;
#974 = DIRECTION ( 'NONE',  ( 1.000000000000000000, 0.000000000000000000, 0.000000000000000000 ) ) ;
#975 = CARTESIAN_POINT ( 'NONE',  ( -3.870627830706835137, 2.538579960736039087, 2.860621059957719758 ) ) ;
#976 = EDGE_LOOP ( 'NONE', ( #3882, #2891, #1429, #2086, #2337, #3825, #3379, #2128, #2474, #2070, #1913, #588 ) ) ;
#977 = PLANE ( 'NONE',  #1931 ) ;
#978 = CLOSED_SHELL ( 'NONE', ( #987, #2566, #3326, #3650, #581, #183, #3605, #2669, #1443, #1518, #1034, #432, #2247, #3981 ) ) ;
#979 = DIRECTION ( 'NONE',  ( -0.000000000000000000, -0.000000000000000000, -1.000000000000000000 ) ) ;
#980 = DIRECTION ( 'NONE',  ( -6.829619984160704786E-15, 1.000000000000000000, -0.000000000000000000 ) ) ;
#981 = PLANE ( 'NONE',  #2530 ) ;
#982 = PLANE ( 'NONE',  #2990 ) ;
#983 = DIRECTION ( 'NONE',  ( 0.7036407875340265905, 0.7036407875340265905, 0.09889026361068024851 ) ) ;
#984 = ORIENTED_EDGE ( 'NONE', *, *, #503, .T. ) ;
#985 = ORIENTED_EDGE ( 'NONE', *, *, #2006, .T. ) ;
#986 = EDGE_CURVE ( 'NONE', #400, #347, #3342, .T. ) ;
#987 = ADVANCED_FACE ( 'NONE', ( #1462 ), #3663, .F. ) ;
#988 = DIRECTION ( 'NONE',  ( -0.000000000000000000, -0.000000000000000000, -1.000000000000000000 ) ) ;
#989 = LINE ( 'NONE', #33, #395 ) ;
#990 = ORIENTED_EDGE ( 'NONE', *, *, #3246, .F. ) ;
#991 = VERTEX_POINT ( 'NONE', #3035 ) ;
#992 = CARTESIAN_POINT ( 'NONE',  ( -3.874554418332484929, 1.624558990625769139, 0.4445000000000002283 ) ) ;
#993 = CIRCLE ( 'NONE', #1124, 0.4559410093742276016 ) ;
#994 = ORIENTED_EDGE ( 'NONE', *, *, #3886, .T. ) ;
#995 = VECTOR ( 'NONE', #1444, 1000.000000000000000 ) ;
#996 = DIRECTION ( 'NONE',  ( -0.000000000000000000, -0.000000000000000000, -1.000000000000000000 ) ) ;
#997 = PLANE ( 'NONE',  #1805 ) ;
#998 = CARTESIAN_POINT ( 'NONE',  ( 5.750000000000000888, -2.710505431213761085E-17, -2.095499999999999918 ) ) ;
#999 = AXIS2_PLACEMENT_3D ( 'NONE', #2780, #2428, #4012 ) ;
#1000 = VECTOR ( 'NONE', #3805, 1000.000000000000000 ) ;
#1001 = CARTESIAN_POINT ( 'NONE',  ( -3.403500000000000192, 0.3000000000000001554, -2.710464415826799200 ) ) ;
#1002 = DIRECTION ( 'NONE',  ( 1.000000000000000000, 0.000000000000000000, -0.000000000000000000 ) ) ;
#1003 = DIRECTION ( 'NONE',  ( -1.000000000000000000, 0.000000000000000000, 0.000000000000000000 ) ) ;
#1004 = VECTOR ( 'NONE', #2798, 1000.000000000000000 ) ;
#1005 = ORIENTED_EDGE ( 'NONE', *, *, #1835, .F. ) ;
#1006 = CARTESIAN_POINT ( 'NONE',  ( 5.750000000000000000, 0.2539999999999982272, 1.714500000000000357 ) ) ;
#1007 = ORIENTED_EDGE ( 'NONE', *, *, #2615, .T. ) ;
#1008 = EDGE_CURVE ( 'NONE', #3559, #859, #829, .T. ) ;
#1009 = VECTOR ( 'NONE', #2416, 1000.000000000000000 ) ;
#1010 = ORIENTED_EDGE ( 'NONE', *, *, #3802, .T. ) ;
#1011 = VECTOR ( 'NONE', #3904, 1000.000000000000000 ) ;
#1012 = DIRECTION ( 'NONE',  ( -1.000000000000000000, 3.682639220575973738E-15, -0.000000000000000000 ) ) ;
#1013 = CARTESIAN_POINT ( 'NONE',  ( -5.000000000000001776, -2.960210660448999032E-15, 1.714500000000000357 ) ) ;
#1014 = DIRECTION ( 'NONE',  ( 0.3420201433256691015, -0.9396926207859082059, 0.000000000000000000 ) ) ;
#1015 = VERTEX_POINT ( 'NONE', #3059 ) ;
#1016 = EDGE_CURVE ( 'NONE', #3598, #2936, #2084, .T. ) ;
#1017 = ORIENTED_EDGE ( 'NONE', *, *, #3824, .T. ) ;
#1018 = AXIS2_PLACEMENT_3D ( 'NONE', #2080, #3694, #1422 ) ;
#1020 = VECTOR ( 'NONE', #2349, 1000.000000000000114 ) ;
#1019 = FILL_AREA_STYLE_COLOUR ( '', #199 ) ;
#1021 = VERTEX_POINT ( 'NONE', #237 ) ;
#1022 = ADVANCED_FACE ( 'NONE', ( #1776 ), #198, .T. ) ;
#1023 = AXIS2_PLACEMENT_3D ( 'NONE', #2721, #2427, #4011 ) ;
#1024 = ADVANCED_FACE ( 'NONE', ( #4029 ), #785, .T. ) ;
#1025 = CARTESIAN_POINT ( 'NONE',  ( -3.403500000000000192, 1.826500000000000457, -2.925000000000000711 ) ) ;
#1026 = CARTESIAN_POINT ( 'NONE',  ( -3.403500000000000192, 2.080500000000000238, -2.925000000000000711 ) ) ;
#1027 = DIRECTION ( 'NONE',  ( 0.000000000000000000, -1.000000000000000000, 0.000000000000000000 ) ) ;
#1028 = LINE ( 'NONE', #2233, #3748 ) ;
#1029 = LINE ( 'NONE', #2888, #3407 ) ;
#1030 = LINE ( 'NONE', #2287, #3393 ) ;
#1031 = LINE ( 'NONE', #721, #3647 ) ;
#1032 = EDGE_CURVE ( 'NONE', #2623, #700, #334, .T. ) ;
#1033 = VERTEX_POINT ( 'NONE', #2156 ) ;
#1034 = ADVANCED_FACE ( 'NONE', ( #631 ), #3453, .T. ) ;
#1035 = ORIENTED_EDGE ( 'NONE', *, *, #2127, .T. ) ;
#1036 = CARTESIAN_POINT ( 'NONE',  ( 3.874554418332483596, 1.624558990625769139, -2.095499999999999918 ) ) ;
#1037 = CARTESIAN_POINT ( 'NONE',  ( -4.064316894675507719, 1.693626883595273247, -1.714499999999999913 ) ) ;
#1038 = CARTESIAN_POINT ( 'NONE',  ( 4.302998820355126597, 1.780499999999993532, -0.4445000000000000062 ) ) ;
#1039 = ORIENTED_EDGE ( 'NONE', *, *, #2004, .F. ) ;
#1040 = ORIENTED_EDGE ( 'NONE', *, *, #3911, .T. ) ;
#1041 =( NAMED_UNIT ( * ) SI_UNIT ( $, .STERADIAN. ) SOLID_ANGLE_UNIT ( ) );
#1042 = SURFACE_SIDE_STYLE ('',( #732 ) ) ;
#1043 = ORIENTED_EDGE ( 'NONE', *, *, #3640, .T. ) ;
#1044 = FACE_OUTER_BOUND ( 'NONE', #3836, .T. ) ;
#1045 = ADVANCED_FACE ( 'NONE', ( #610 ), #1586, .F. ) ;
#1046 = EDGE_CURVE ( 'NONE', #3184, #1021, #485, .T. ) ;
#1047 = CYLINDRICAL_SURFACE ( 'NONE', #2517, 0.2019410093742285695 ) ;
#1048 = DIRECTION ( 'NONE',  ( 0.3420201433256690460, 0.9396926207859083169, 0.000000000000000000 ) ) ;
#1049 = DIRECTION ( 'NONE',  ( 1.000000000000000000, -6.829619984160685065E-15, 0.000000000000000000 ) ) ;
#1050 = ORIENTED_EDGE ( 'NONE', *, *, #3875, .F. ) ;
#1051 = VERTEX_POINT ( 'NONE', #1609 ) ;
#1052 = CIRCLE ( 'NONE', #189, 0.2019410093742285695 ) ;
#1053 = ORIENTED_EDGE ( 'NONE', *, *, #3801, .F. ) ;
#1054 = CARTESIAN_POINT ( 'NONE',  ( -5.750000000000001776, -2.710505431213761085E-17, 1.714500000000000357 ) ) ;
#1055 = CARTESIAN_POINT ( 'NONE',  ( 3.403500000000000192, 2.080500000000000682, 0.8255000000000000115 ) ) ;
#1056 = CARTESIAN_POINT ( 'NONE',  ( 3.188964415826800014, 3.606999999999999762, 2.925000000000000266 ) ) ;
#1057 = VERTEX_POINT ( 'NONE', #4069 ) ;
#1058 = EDGE_CURVE ( 'NONE', #865, #2359, #1874, .T. ) ;
#1059 = VERTEX_POINT ( 'NONE', #961 ) ;
#1060 = CARTESIAN_POINT ( 'NONE',  ( -5.000000000000000000, 0.2539999999999951741, 1.714500000000000357 ) ) ;
#1061 = FILL_AREA_STYLE ('',( #3213 ) ) ;
#1062 = ORIENTED_EDGE ( 'NONE', *, *, #2248, .F. ) ;
#1063 = LINE ( 'NONE', #3651, #91 ) ;
#1064 = DIRECTION ( 'NONE',  ( 1.000000000000000000, 0.000000000000000000, 0.000000000000000000 ) ) ;
#1065 = DIRECTION ( 'NONE',  ( -1.000000000000000000, 0.000000000000000000, 0.000000000000000000 ) ) ;
#1066 = AXIS2_PLACEMENT_3D ( 'NONE', #2708, #1161, #2106 ) ;
#1067 = EDGE_CURVE ( 'NONE', #3256, #1198, #3, .T. ) ;
#1068 = CARTESIAN_POINT ( 'NONE',  ( 5.749999999999999112, 0.2539999999999982272, -1.714499999999999913 ) ) ;
#1069 = CARTESIAN_POINT ( 'NONE',  ( -5.000000000000001776, -2.960210660448999032E-15, 2.095500000000000362 ) ) ;
#1070 = VECTOR ( 'NONE', #1485, 1000.000000000000000 ) ;
#1071 = ORIENTED_EDGE ( 'NONE', *, *, #3886, .F. ) ;
#1072 = ORIENTED_EDGE ( 'NONE', *, *, #888, .F. ) ;
#1073 = VECTOR ( 'NONE', #3874, 1000.000000000000000 ) ;
#1074 = CARTESIAN_POINT ( 'NONE',  ( -3.403500000000000636, 1.826500000000000457, 2.095500000000000362 ) ) ;
#1075 = DIRECTION ( 'NONE',  ( -0.000000000000000000, -0.000000000000000000, -1.000000000000000000 ) ) ;
#1076 = FACE_OUTER_BOUND ( 'NONE', #2847, .T. ) ;
#1077 = ORIENTED_EDGE ( 'NONE', *, *, #2686, .T. ) ;
#1078 = MECHANICAL_DESIGN_GEOMETRIC_PRESENTATION_REPRESENTATION (  '', ( #2060 ), #2326 ) ;
#1079 = VECTOR ( 'NONE', #496, 1000.000000000000000 ) ;
#1080 = ORIENTED_EDGE ( 'NONE', *, *, #3168, .T. ) ;
#1081 = VECTOR ( 'NONE', #4093, 1000.000000000000000 ) ;
#1082 = DIRECTION ( 'NONE',  ( 1.000000000000000000, 0.000000000000000000, -0.000000000000000000 ) ) ;
#1083 = CARTESIAN_POINT ( 'NONE',  ( 3.403499999999999748, 2.080500000000000682, -1.714499999999999913 ) ) ;
#1084 = ORIENTED_EDGE ( 'NONE', *, *, #3426, .F. ) ;
#1085 = AXIS2_PLACEMENT_3D ( 'NONE', #2796, #2134, #1561 ) ;
#1086 = PLANE ( 'NONE',  #474 ) ;
#1087 = CARTESIAN_POINT ( 'NONE',  ( 4.999999999999997335, 0.4559410093742238823, 2.095500000000000362 ) ) ;
#1088 = AXIS2_PLACEMENT_3D ( 'NONE', #1995, #440, #3910 ) ;
#1089 = CIRCLE ( 'NONE', #1546, 0.2019410093742298740 ) ;
#1090 = DIRECTION ( 'NONE',  ( 1.000000000000000000, 4.603299025719963228E-15, 0.000000000000000000 ) ) ;
#1091 = CARTESIAN_POINT ( 'NONE',  ( -5.000000000000002665, -2.960210660448999032E-15, -1.714499999999999913 ) ) ;
#1092 = EDGE_LOOP ( 'NONE', ( #900, #2510, #29, #4100 ) ) ;
#1093 = ORIENTED_EDGE ( 'NONE', *, *, #1499, .F. ) ;
#1094 = LINE ( 'NONE', #3560, #3005 ) ;
#1095 = LINE ( 'NONE', #3311, #1263 ) ;
#1096 = EDGE_CURVE ( 'NONE', #746, #2674, #2801, .T. ) ;
#1097 = DIRECTION ( 'NONE',  ( -0.9396926207859083169, 0.3420201433256691570, 0.000000000000000000 ) ) ;
#1098 = ADVANCED_FACE ( 'NONE', ( #2178 ), #2842, .F. ) ;
#1099 = ORIENTED_EDGE ( 'NONE', *, *, #3856, .F. ) ;
#1100 = ADVANCED_FACE ( 'NONE', ( #3433 ), #1211, .F. ) ;
#1101 = VERTEX_POINT ( 'NONE', #1566 ) ;
#1102 = CARTESIAN_POINT ( 'NONE',  ( -2.128980829383888551, 3.507000000000000117, -1.632313148946297865 ) ) ;
#1103 = ORIENTED_EDGE ( 'NONE', *, *, #745, .F. ) ;
#1104 =( LENGTH_UNIT ( ) NAMED_UNIT ( * ) SI_UNIT ( .MILLI., .METRE. ) );
#1105 = EDGE_CURVE ( 'NONE', #701, #549, #2276, .T. ) ;
#1106 = DIRECTION ( 'NONE',  ( -0.000000000000000000, -0.000000000000000000, -1.000000000000000000 ) ) ;
#1107 = DIRECTION ( 'NONE',  ( 0.000000000000000000, 0.000000000000000000, 1.000000000000000000 ) ) ;
#1108 = LINE ( 'NONE', #3328, #1244 ) ;
#1109 = DIRECTION ( 'NONE',  ( 0.000000000000000000, 0.000000000000000000, -1.000000000000000000 ) ) ;
#1110 = VERTEX_POINT ( 'NONE', #2822 ) ;
#1111 = ORIENTED_EDGE ( 'NONE', *, *, #3609, .T. ) ;
#1112 = CARTESIAN_POINT ( 'NONE',  ( 4.064316894675505942, 1.693626883595273247, -0.4445000000000000062 ) ) ;
#1113 = FACE_OUTER_BOUND ( 'NONE', #1253, .T. ) ;
#1114 = ORIENTED_EDGE ( 'NONE', *, *, #1147, .T. ) ;
#1115 = EDGE_CURVE ( 'NONE', #2674, #2192, #3118, .T. ) ;
#1116 = EDGE_CURVE ( 'NONE', #298, #3244, #2531, .T. ) ;
#1117 = ORIENTED_EDGE ( 'NONE', *, *, #3274, .F. ) ;
#1118 = CARTESIAN_POINT ( 'NONE',  ( -4.064316894675507719, 1.693626883595273247, -0.8254999999999999005 ) ) ;
#1119 = PRESENTATION_STYLE_ASSIGNMENT (( #3976 ) ) ;
#1120 = ORIENTED_EDGE ( 'NONE', *, *, #3115, .T. ) ;
#1121 = FACE_OUTER_BOUND ( 'NONE', #1302, .T. ) ;
#1122 = FACE_OUTER_BOUND ( 'NONE', #3026, .T. ) ;
#1123 = CARTESIAN_POINT ( 'NONE',  ( -3.874554418332485373, 1.624558990625769139, -1.714499999999999913 ) ) ;
#1124 = AXIS2_PLACEMENT_3D ( 'NONE', #2633, #3546, #3255 ) ;
#1125 = PLANE ( 'NONE',  #2483 ) ;
#1126 = CARTESIAN_POINT ( 'NONE',  ( -5.000000000000001776, -2.960210660448999032E-15, 0.8255000000000000115 ) ) ;
#1127 = VERTEX_POINT ( 'NONE', #3804 ) ;
#1128 = COLOUR_RGB ( '',0.7921568627450980005, 0.8196078431372548767, 0.9333333333333333481 ) ;
#1129 = ORIENTED_EDGE ( 'NONE', *, *, #3725, .F. ) ;
#1130 = AXIS2_PLACEMENT_3D ( 'NONE', #699, #3181, #3557 ) ;
#1131 = LINE ( 'NONE', #3357, #3340 ) ;
#1132 = DIRECTION ( 'NONE',  ( 0.000000000000000000, 0.000000000000000000, 1.000000000000000000 ) ) ;
#1133 = ORIENTED_EDGE ( 'NONE', *, *, #3911, .F. ) ;
#1134 = PRODUCT_DEFINITION_FORMATION_WITH_SPECIFIED_SOURCE ( 'ANY', '', #3771, .NOT_KNOWN. ) ;
#1135 = VECTOR ( 'NONE', #4106, 1000.000000000000114 ) ;
#1136 = ORIENTED_EDGE ( 'NONE', *, *, #2805, .T. ) ;
#1137 = LINE ( 'NONE', #434, #1340 ) ;
#1138 = CARTESIAN_POINT ( 'NONE',  ( -4.064316894675506830, 1.693626883595273247, 2.095500000000000362 ) ) ;
#1139 = ORIENTED_EDGE ( 'NONE', *, *, #1290, .F. ) ;
#1140 = VECTOR ( 'NONE', #129, 1000.000000000000114 ) ;
#1141 = EDGE_CURVE ( 'NONE', #1355, #1459, #1356, .T. ) ;
#1142 = DIRECTION ( 'NONE',  ( 1.000000000000000000, 4.603299025719963228E-15, 0.000000000000000000 ) ) ;
#1143 = LINE ( 'NONE', #152, #2189 ) ;
#1144 = CYLINDRICAL_SURFACE ( 'NONE', #2046, 0.2019410093742298740 ) ;
#1145 = EDGE_CURVE ( 'NONE', #1214, #2789, #1834, .T. ) ;
#1146 = VECTOR ( 'NONE', #1385, 1000.000000000000000 ) ;
#1147 = EDGE_CURVE ( 'NONE', #924, #1110, #1545, .T. ) ;
#1148 = DIRECTION ( 'NONE',  ( -0.000000000000000000, -0.000000000000000000, -1.000000000000000000 ) ) ;
#1149 = DIRECTION ( 'NONE',  ( -1.000000000000000000, 0.000000000000000000, 0.000000000000000000 ) ) ;
#1150 = AXIS2_PLACEMENT_3D ( 'NONE', #1091, #2346, #3617 ) ;
#1151 = VERTEX_POINT ( 'NONE', #2466 ) ;
#1152 = AXIS2_PLACEMENT_3D ( 'NONE', #2030, #452, #3592 ) ;
#1153 = AXIS2_PLACEMENT_3D ( 'NONE', #3992, #1155, #2408 ) ;
#1154 = ORIENTED_EDGE ( 'NONE', *, *, #892, .T. ) ;
#1155 = DIRECTION ( 'NONE',  ( -0.9902680687415702510, -0.1391731009600657432, 2.202360597892584219E-16 ) ) ;
#1156 = EDGE_CURVE ( 'NONE', #3061, #2430, #133, .T. ) ;
#1157 = DIRECTION ( 'NONE',  ( 0.000000000000000000, 1.000000000000000000, 0.000000000000000000 ) ) ;
#1158 = ORIENTED_EDGE ( 'NONE', *, *, #916, .F. ) ;
#1159 = ORIENTED_EDGE ( 'NONE', *, *, #3194, .T. ) ;
#1160 = DIRECTION ( 'NONE',  ( 0.9396926207859083169, 0.3420201433256691570, -0.000000000000000000 ) ) ;
#1161 = DIRECTION ( 'NONE',  ( -0.000000000000000000, 1.000000000000000000, -0.000000000000000000 ) ) ;
#1162 = ORIENTED_EDGE ( 'NONE', *, *, #3077, .T. ) ;
#1163 = CARTESIAN_POINT ( 'NONE',  ( 3.874554418332484040, 1.826499999999998902, -0.8254999999999999005 ) ) ;
#1164 = DIRECTION ( 'NONE',  ( -1.000000000000000000, 0.000000000000000000, 0.000000000000000000 ) ) ;
#1165 = CARTESIAN_POINT ( 'NONE',  ( -4.999999999999998224, 0.4559410093742238823, -0.4445000000000000062 ) ) ;
#1166 = EDGE_CURVE ( 'NONE', #825, #3084, #764, .T. ) ;
#1167 = EDGE_CURVE ( 'NONE', #3360, #1151, #3821, .T. ) ;
#1168 = FACE_OUTER_BOUND ( 'NONE', #1959, .T. ) ;
#1169 = DIRECTION ( 'NONE',  ( -0.000000000000000000, -0.000000000000000000, -1.000000000000000000 ) ) ;
#1170 = CARTESIAN_POINT ( 'NONE',  ( -3.403500000000001080, 2.080500000000000238, 0.8255000000000000115 ) ) ;
#1171 = EDGE_LOOP ( 'NONE', ( #441, #3152, #2229, #1918 ) ) ;
#1172 = ORIENTED_EDGE ( 'NONE', *, *, #2281, .F. ) ;
#1173 = CARTESIAN_POINT ( 'NONE',  ( -2.128980829383888551, 3.507000000000000117, -1.933577189573473465 ) ) ;
#1174 = DIRECTION ( 'NONE',  ( 0.000000000000000000, 1.000000000000000000, 0.000000000000000000 ) ) ;
#1175 = ORIENTED_EDGE ( 'NONE', *, *, #3036, .T. ) ;
#1176 = ORIENTED_EDGE ( 'NONE', *, *, #26, .T. ) ;
#1177 = DIRECTION ( 'NONE',  ( -0.3420201433256681023, 0.9396926207859086499, -0.000000000000000000 ) ) ;
#1178 = FACE_OUTER_BOUND ( 'NONE', #1560, .T. ) ;
#1179 = VERTEX_POINT ( 'NONE', #1934 ) ;
#1180 = CARTESIAN_POINT ( 'NONE',  ( 4.999999999999999112, 0.2539999999999954516, -0.8254999999999999005 ) ) ;
#1181 = CARTESIAN_POINT ( 'NONE',  ( -2.128980829383888551, 3.507000000000000117, -2.234841230200649065 ) ) ;
#1182 = DIRECTION ( 'NONE',  ( -1.000000000000000000, 0.000000000000000000, 0.000000000000000000 ) ) ;
#1183 = CARTESIAN_POINT ( 'NONE',  ( 3.874554418332484040, 1.624558990625769139, -0.4445000000000000062 ) ) ;
#1184 = DIRECTION ( 'NONE',  ( 0.000000000000000000, 0.000000000000000000, 1.000000000000000000 ) ) ;
#1185 = LINE ( 'NONE', #3917, #1334 ) ;
#1186 = ADVANCED_FACE ( 'NONE', ( #2572 ), #981, .F. ) ;
#1187 = ORIENTED_EDGE ( 'NONE', *, *, #2118, .T. ) ;
#1188 = LINE ( 'NONE', #1427, #3138 ) ;
#1189 = VECTOR ( 'NONE', #3947, 1000.000000000000000 ) ;
#1190 = LINE ( 'NONE', #255, #668 ) ;
#1191 = ORIENTED_EDGE ( 'NONE', *, *, #1777, .T. ) ;
#1192 = VECTOR ( 'NONE', #1014, 1000.000000000000114 ) ;
#1193 = ADVANCED_FACE ( 'NONE', ( #3843 ), #2550, .F. ) ;
#1194 = ORIENTED_EDGE ( 'NONE', *, *, #862, .F. ) ;
#1195 = DIRECTION ( 'NONE',  ( -0.000000000000000000, -0.000000000000000000, -1.000000000000000000 ) ) ;
#1196 = PLANE ( 'NONE',  #1987 ) ;
#1197 = CIRCLE ( 'NONE', #2055, 0.3012640406271755444 ) ;
#1198 = VERTEX_POINT ( 'NONE', #379 ) ;
#1199 =( NAMED_UNIT ( * ) PLANE_ANGLE_UNIT ( ) SI_UNIT ( $, .RADIAN. ) );
#1200 = AXIS2_PLACEMENT_3D ( 'NONE', #394, #2905, #1065 ) ;
#1201 = DIRECTION ( 'NONE',  ( 0.3420201433256691015, -0.9396926207859082059, 0.000000000000000000 ) ) ;
#1202 = LINE ( 'NONE', #4098, #3314 ) ;
#1203 = AXIS2_PLACEMENT_3D ( 'NONE', #3653, #3150, #1886 ) ;
#1204 =( GEOMETRIC_REPRESENTATION_CONTEXT ( 3 ) GLOBAL_UNCERTAINTY_ASSIGNED_CONTEXT ( ( #630 ) ) GLOBAL_UNIT_ASSIGNED_CONTEXT ( ( #20, #2882, #3571 ) ) REPRESENTATION_CONTEXT ( 'NONE', 'WORKASPACE' ) );
#1205 = DIRECTION ( 'NONE',  ( -0.000000000000000000, -0.000000000000000000, -1.000000000000000000 ) ) ;
#1206 = CARTESIAN_POINT ( 'NONE',  ( 3.403499999999999748, 2.080500000000000682, -1.714499999999999913 ) ) ;
#1207 = LINE ( 'NONE', #2840, #5 ) ;
#1208 = COLOUR_RGB ( '',0.7921568627450980005, 0.8196078431372548767, 0.9333333333333333481 ) ;
#1209 = CARTESIAN_POINT ( 'NONE',  ( -5.000000000000002665, -2.960210660448999032E-15, -0.8254999999999999005 ) ) ;
#1210 = VECTOR ( 'NONE', #627, 1000.000000000000000 ) ;
#1211 = CYLINDRICAL_SURFACE ( 'NONE', #2610, 0.3012640406271755444 ) ;
#1212 = MECHANICAL_DESIGN_GEOMETRIC_PRESENTATION_REPRESENTATION (  '', ( #939 ), #212 ) ;
#1213 = DIRECTION ( 'NONE',  ( 0.3420201433256691015, 0.9396926207859082059, -0.000000000000000000 ) ) ;
#1214 = VERTEX_POINT ( 'NONE', #1955 ) ;
#1215 = AXIS2_PLACEMENT_3D ( 'NONE', #487, #1761, #1796 ) ;
#1216 = ORIENTED_EDGE ( 'NONE', *, *, #2615, .F. ) ;
#1217 = EDGE_CURVE ( 'NONE', #2630, #136, #1029, .T. ) ;
#1218 = EDGE_CURVE ( 'NONE', #2249, #701, #1379, .T. ) ;
#1219 = DIRECTION ( 'NONE',  ( -1.000000000000000000, -6.829619984160705575E-15, 0.000000000000000000 ) ) ;
#1220 = CARTESIAN_POINT ( 'NONE',  ( -4.302998820355126597, 1.780499999999992422, 0.8255000000000000115 ) ) ;
#1221 = ADVANCED_FACE ( 'NONE', ( #1336 ), #3597, .F. ) ;
#1222 = ORIENTED_EDGE ( 'NONE', *, *, #3195, .F. ) ;
#1223 = ORIENTED_EDGE ( 'NONE', *, *, #3354, .F. ) ;
#1224 = CYLINDRICAL_SURFACE ( 'NONE', #2928, 0.4559410093742288783 ) ;
#1225 = LINE ( 'NONE', #3464, #2652 ) ;
#1226 = FACE_OUTER_BOUND ( 'NONE', #2858, .T. ) ;
#1227 = DIRECTION ( 'NONE',  ( 0.000000000000000000, 0.000000000000000000, 1.000000000000000000 ) ) ;
#1228 = CARTESIAN_POINT ( 'NONE',  ( -4.064316894675506830, 1.693626883595273247, 1.714500000000000357 ) ) ;
#1229 = ORIENTED_EDGE ( 'NONE', *, *, #3476, .F. ) ;
#1230 = DIRECTION ( 'NONE',  ( -2.224004456380521410E-16, -0.000000000000000000, -1.000000000000000000 ) ) ;
#1231 = DIRECTION ( 'NONE',  ( -0.1378445374916288935, -0.9808148484639890308, 0.1378445374916289212 ) ) ;
#1232 = VERTEX_POINT ( 'NONE', #3535 ) ;
#1233 = VECTOR ( 'NONE', #1628, 1000.000000000000000 ) ;
#1234 = EDGE_LOOP ( 'NONE', ( #2761, #1010, #1426, #2746 ) ) ;
#1235 = DIRECTION ( 'NONE',  ( 4.603299025719963228E-15, -1.000000000000000000, 0.000000000000000000 ) ) ;
#1236 = PLANE ( 'NONE',  #1919 ) ;
#1237 = ORIENTED_EDGE ( 'NONE', *, *, #3324, .T. ) ;
#1238 = EDGE_CURVE ( 'NONE', #2892, #3084, #2286, .T. ) ;
#1239 = VECTOR ( 'NONE', #980, 1000.000000000000000 ) ;
#1240 = EDGE_LOOP ( 'NONE', ( #2320, #2693, #1257, #2553 ) ) ;
#1241 = CARTESIAN_POINT ( 'NONE',  ( -5.750000000000000888, 0.2539999999999990044, -0.4445000000000000062 ) ) ;
#1242 = CARTESIAN_POINT ( 'NONE',  ( -4.064316894675506830, 1.693626883595273247, 1.714500000000000357 ) ) ;
#1243 = ORIENTED_EDGE ( 'NONE', *, *, #1829, .T. ) ;
#1244 = VECTOR ( 'NONE', #3634, 1000.000000000000000 ) ;
#1245 = CARTESIAN_POINT ( 'NONE',  ( -3.403500000000000636, 2.080500000000000238, 1.714500000000000357 ) ) ;
#1246 = FACE_OUTER_BOUND ( 'NONE', #3471, .T. ) ;
#1247 = LINE ( 'NONE', #3800, #533 ) ;
#1248 = CARTESIAN_POINT ( 'NONE',  ( -3.874554418332485373, 1.624558990625769139, -2.095499999999999918 ) ) ;
#1249 = DIRECTION ( 'NONE',  ( -1.000000000000000000, 3.830847676115450052E-15, 0.000000000000000000 ) ) ;
#1250 = CARTESIAN_POINT ( 'NONE',  ( -4.302998820355127485, 1.780499999999992422, -0.4445000000000000062 ) ) ;
#1251 = PLANE ( 'NONE',  #810 ) ;
#1252 = ORIENTED_EDGE ( 'NONE', *, *, #204, .F. ) ;
#1253 = EDGE_LOOP ( 'NONE', ( #3832, #3192, #636, #643 ) ) ;
#1254 = MECHANICAL_DESIGN_GEOMETRIC_PRESENTATION_REPRESENTATION (  '', ( #1915 ), #3383 ) ;
#1255 = PLANE ( 'NONE',  #1413 ) ;
#1256 = LINE ( 'NONE', #2472, #3581 ) ;
#1257 = ORIENTED_EDGE ( 'NONE', *, *, #3428, .F. ) ;
#1258 = EDGE_LOOP ( 'NONE', ( #1162, #1277, #3696, #141, #3402, #3210, #2407, #319, #182, #568, #1764, #3189 ) ) ;
#1259 = STYLED_ITEM ( 'NONE', ( #2018 ), #88 ) ;
#1260 = CARTESIAN_POINT ( 'NONE',  ( 4.810237523656974545, 0.3868731164047196636, -0.4445000000000000062 ) ) ;
#1261 = CARTESIAN_POINT ( 'NONE',  ( 3.403500000000000636, 0.3000000000000001554, 2.710464415826798756 ) ) ;
#1262 = EDGE_LOOP ( 'NONE', ( #3003, #2279, #1117, #2741 ) ) ;
#1263 = VECTOR ( 'NONE', #1479, 1000.000000000000000 ) ;
#1264 = DIRECTION ( 'NONE',  ( -0.000000000000000000, -0.000000000000000000, -1.000000000000000000 ) ) ;
#1265 = DIRECTION ( 'NONE',  ( 0.000000000000000000, 1.000000000000000000, 0.000000000000000000 ) ) ;
#1266 = EDGE_CURVE ( 'NONE', #3308, #1574, #1629, .T. ) ;
#1267 = DIRECTION ( 'NONE',  ( 1.000000000000000000, 0.000000000000000000, 0.000000000000000000 ) ) ;
#1268 = EDGE_CURVE ( 'NONE', #2164, #1633, #2794, .T. ) ;
#1269 = STYLED_ITEM ( 'NONE', ( #731 ), #2032 ) ;
#1270 = VECTOR ( 'NONE', #1512, 1000.000000000000000 ) ;
#1271 = DIRECTION ( 'NONE',  ( 3.222309318003976232E-15, 1.000000000000000000, -0.000000000000000000 ) ) ;
#1272 = VECTOR ( 'NONE', #970, 1000.000000000000114 ) ;
#1273 = CARTESIAN_POINT ( 'NONE',  ( 3.403499999999999304, 1.826500000000000457, -2.925000000000001599 ) ) ;
#1274 = DIRECTION ( 'NONE',  ( 0.9396926207859083169, -0.3420201433256690460, 0.000000000000000000 ) ) ;
#1275 = LINE ( 'NONE', #3823, #3451 ) ;
#1276 = ORIENTED_EDGE ( 'NONE', *, *, #4052, .F. ) ;
#1277 = ORIENTED_EDGE ( 'NONE', *, *, #844, .T. ) ;
#1278 = DIRECTION ( 'NONE',  ( 0.3420201433256690460, 0.9396926207859083169, 0.000000000000000000 ) ) ;
#1279 = CARTESIAN_POINT ( 'NONE',  ( -4.999999999999997335, 0.4559410093742238823, 2.095500000000000362 ) ) ;
#1280 = EDGE_LOOP ( 'NONE', ( #969, #3723, #639, #3747 ) ) ;
#1281 = CIRCLE ( 'NONE', #684, 0.4559410093742288783 ) ;
#1282 = AXIS2_PLACEMENT_3D ( 'NONE', #2711, #1748, #2343 ) ;
#1283 = ORIENTED_EDGE ( 'NONE', *, *, #804, .F. ) ;
#1284 = CARTESIAN_POINT ( 'NONE',  ( 3.403500000000000192, 2.080500000000000682, 0.8255000000000000115 ) ) ;
#1285 = DIRECTION ( 'NONE',  ( -1.000000000000000000, 0.000000000000000000, 0.000000000000000000 ) ) ;
#1286 = ORIENTED_EDGE ( 'NONE', *, *, #1828, .F. ) ;
#1287 = DIRECTION ( 'NONE',  ( -0.1391731009600657432, -0.9902680687415702510, 0.000000000000000000 ) ) ;
#1288 = DIRECTION ( 'NONE',  ( -1.000000000000000000, -4.603299025719962440E-15, 0.000000000000000000 ) ) ;
#1289 = DIRECTION ( 'NONE',  ( -3.222309318003976232E-15, 1.000000000000000000, 0.000000000000000000 ) ) ;
#1290 = EDGE_CURVE ( 'NONE', #436, #3184, #1975, .T. ) ;
#1291 = ADVANCED_FACE ( 'NONE', ( #2325 ), #94, .F. ) ;
#1292 = LINE ( 'NONE', #2933, #3094 ) ;
#1293 = UNCERTAINTY_MEASURE_WITH_UNIT (LENGTH_MEASURE( 1.000000000000000082E-05 ), #510, 'distance_accuracy_value', 'NONE');
#1294 = DIRECTION ( 'NONE',  ( -1.000000000000000000, 0.000000000000000000, 0.000000000000000000 ) ) ;
#1295 = CARTESIAN_POINT ( 'NONE',  ( 4.810237523656974545, 0.3868731164047196636, -1.714499999999999913 ) ) ;
#1296 = PLANE ( 'NONE',  #3977 ) ;
#1297 = ORIENTED_EDGE ( 'NONE', *, *, #2754, .T. ) ;
#1298 = ORIENTED_EDGE ( 'NONE', *, *, #3979, .T. ) ;
#1299 = DIRECTION ( 'NONE',  ( -0.000000000000000000, -0.000000000000000000, -1.000000000000000000 ) ) ;
#1300 = CARTESIAN_POINT ( 'NONE',  ( -3.874554418332484929, 1.826499999999998902, -0.4445000000000000062 ) ) ;
#1301 = LINE ( 'NONE', #2560, #2441 ) ;
#1302 = EDGE_LOOP ( 'NONE', ( #792, #3338, #46, #2019 ) ) ;
#1303 = ORIENTED_EDGE ( 'NONE', *, *, #2148, .T. ) ;
#1304 = EDGE_CURVE ( 'NONE', #2854, #2870, #359, .T. ) ;
#1305 = CARTESIAN_POINT ( 'NONE',  ( -2.128980829383888551, 3.507000000000000117, -1.933577189573473465 ) ) ;
#1306 = LINE ( 'NONE', #3569, #3970 ) ;
#1307 = ORIENTED_EDGE ( 'NONE', *, *, #58, .F. ) ;
#1308 = FACE_OUTER_BOUND ( 'NONE', #468, .T. ) ;
#1309 = FACE_OUTER_BOUND ( 'NONE', #1937, .T. ) ;
#1310 = CLOSED_SHELL ( 'NONE', ( #1827, #1348, #131, #690 ) ) ;
#1311 = DIRECTION ( 'NONE',  ( 0.000000000000000000, 0.000000000000000000, 1.000000000000000000 ) ) ;
#1312 = DIRECTION ( 'NONE',  ( 1.000000000000000000, 0.000000000000000000, 0.000000000000000000 ) ) ;
#1313 = DIRECTION ( 'NONE',  ( 1.000000000000000000, 0.000000000000000000, 0.000000000000000000 ) ) ;
#1314 = LINE ( 'NONE', #3224, #2853 ) ;
#1315 = LINE ( 'NONE', #1006, #2380 ) ;
#1316 = EDGE_CURVE ( 'NONE', #118, #3128, #1813, .T. ) ;
#1317 = ORIENTED_EDGE ( 'NONE', *, *, #1800, .F. ) ;
#1318 = VERTEX_POINT ( 'NONE', #3576 ) ;
#1319 = LINE ( 'NONE', #119, #3467 ) ;
#1320 = CARTESIAN_POINT ( 'NONE',  ( 4.999999999999999112, 0.2539999999999969504, -0.4445000000000000062 ) ) ;
#1321 = CARTESIAN_POINT ( 'NONE',  ( -5.750000000000000888, 0.2539999999999990044, -1.714499999999999913 ) ) ;
#1322 = EDGE_LOOP ( 'NONE', ( #3706, #2188, #3877, #1798 ) ) ;
#1323 = EDGE_CURVE ( 'NONE', #908, #489, #739, .T. ) ;
#1324 = VECTOR ( 'NONE', #2812, 1000.000000000000000 ) ;
#1325 = ORIENTED_EDGE ( 'NONE', *, *, #1096, .T. ) ;
#1326 =( NAMED_UNIT ( * ) PLANE_ANGLE_UNIT ( ) SI_UNIT ( $, .RADIAN. ) );
#1327 = CARTESIAN_POINT ( 'NONE',  ( 4.064316894675506830, 1.693626883595273247, 0.8255000000000000115 ) ) ;
#1328 = AXIS2_PLACEMENT_3D ( 'NONE', #808, #1132, #1463 ) ;
#1329 = VERTEX_POINT ( 'NONE', #2016 ) ;
#1330 = VECTOR ( 'NONE', #902, 1000.000000000000000 ) ;
#1331 = CARTESIAN_POINT ( 'NONE',  ( 3.403499999999999304, 3.606999999999999762, -2.710464415826800977 ) ) ;
#1332 = DIRECTION ( 'NONE',  ( -0.000000000000000000, -0.000000000000000000, -1.000000000000000000 ) ) ;
#1333 = DIRECTION ( 'NONE',  ( -1.000000000000000000, 3.682639220575973738E-15, -0.000000000000000000 ) ) ;
#1334 = VECTOR ( 'NONE', #1075, 1000.000000000000000 ) ;
#1335 = LINE ( 'NONE', #1068, #3564 ) ;
#1336 = FACE_OUTER_BOUND ( 'NONE', #2026, .T. ) ;
#1337 = CARTESIAN_POINT ( 'NONE',  ( -3.403500000000001524, 2.080500000000000238, -2.095499999999999918 ) ) ;
#1338 = VECTOR ( 'NONE', #3568, 1000.000000000000000 ) ;
#1339 = ORIENTED_EDGE ( 'NONE', *, *, #772, .F. ) ;
#1340 = VECTOR ( 'NONE', #2317, 1000.000000000000000 ) ;
#1341 = ORIENTED_EDGE ( 'NONE', *, *, #1627, .T. ) ;
#1342 = DIRECTION ( 'NONE',  ( -0.000000000000000000, -0.000000000000000000, -1.000000000000000000 ) ) ;
#1343 = DIRECTION ( 'NONE',  ( 1.000000000000000000, 1.662443331144440790E-15, 0.000000000000000000 ) ) ;
#1344 = CARTESIAN_POINT ( 'NONE',  ( 5.750000000000001776, -2.710505431213761085E-17, 0.4445000000000002283 ) ) ;
#1345 = ORIENTED_EDGE ( 'NONE', *, *, #3040, .T. ) ;
#1346 = AXIS2_PLACEMENT_3D ( 'NONE', #1681, #2312, #1812 ) ;
#1347 = ADVANCED_FACE ( 'NONE', ( #423 ), #2956, .F. ) ;
#1348 = ADVANCED_FACE ( 'NONE', ( #481 ), #801, .T. ) ;
#1349 = ORIENTED_EDGE ( 'NONE', *, *, #1266, .F. ) ;
#1350 = EDGE_CURVE ( 'NONE', #2977, #400, #3658, .T. ) ;
#1351 = VECTOR ( 'NONE', #2283, 1000.000000000000000 ) ;
#1352 = SURFACE_STYLE_FILL_AREA ( #2899 ) ;
#1354 = CIRCLE ( 'NONE', #2340, 0.4559410093742276016 ) ;
#1353 = DIRECTION ( 'NONE',  ( -1.000000000000000000, 0.000000000000000000, 0.000000000000000000 ) ) ;
#1355 = VERTEX_POINT ( 'NONE', #1773 ) ;
#1356 = CIRCLE ( 'NONE', #954, 0.2019410093742285695 ) ;
#1357 = FILL_AREA_STYLE_COLOUR ( '', #2130 ) ;
#1358 = DIRECTION ( 'NONE',  ( 0.1378445374916288935, 0.9808148484639890308, -0.1378445374916289212 ) ) ;
#1359 = DIRECTION ( 'NONE',  ( -1.000000000000000000, -6.829619984160705575E-15, 0.000000000000000000 ) ) ;
#1360 = CARTESIAN_POINT ( 'NONE',  ( -4.302998820355126597, 1.780499999999992422, 2.095500000000000362 ) ) ;
#1361 = DIRECTION ( 'NONE',  ( -0.000000000000000000, -0.000000000000000000, -1.000000000000000000 ) ) ;
#1362 = CARTESIAN_POINT ( 'NONE',  ( 3.874554418332484484, 1.624558990625769139, 2.095500000000000362 ) ) ;
#1363 = ORIENTED_EDGE ( 'NONE', *, *, #2968, .F. ) ;
#1364 = EDGE_LOOP ( 'NONE', ( #3956, #3319, #1172, #2116 ) ) ;
#1365 = EDGE_LOOP ( 'NONE', ( #1080, #1912, #1775, #426 ) ) ;
#1366 = LINE ( 'NONE', #1698, #1687 ) ;
#1367 = LINE ( 'NONE', #2671, #3129 ) ;
#1368 = CARTESIAN_POINT ( 'NONE',  ( 4.064316894675506830, 1.693626883595273247, 1.714500000000000357 ) ) ;
#1369 = ORIENTED_EDGE ( 'NONE', *, *, #191, .F. ) ;
#1370 = ORIENTED_EDGE ( 'NONE', *, *, #502, .T. ) ;
#1371 = PRESENTATION_STYLE_ASSIGNMENT (( #370 ) ) ;
#1372 = SURFACE_STYLE_FILL_AREA ( #2278 ) ;
#1373 = ORIENTED_EDGE ( 'NONE', *, *, #1067, .T. ) ;
#1374 = ADVANCED_FACE ( 'NONE', ( #1791 ), #856, .F. ) ;
#1375 = LINE ( 'NONE', #3303, #2788 ) ;
#1376 = DIRECTION ( 'NONE',  ( -0.000000000000000000, -0.000000000000000000, -1.000000000000000000 ) ) ;
#1377 = FACE_OUTER_BOUND ( 'NONE', #947, .T. ) ;
#1378 = CARTESIAN_POINT ( 'NONE',  ( -3.403500000000001080, 1.826500000000000457, 0.8255000000000000115 ) ) ;
#1379 = LINE ( 'NONE', #66, #3666 ) ;
#1380 = ORIENTED_EDGE ( 'NONE', *, *, #47, .F. ) ;
#1381 = DIRECTION ( 'NONE',  ( 1.000000000000000000, 0.000000000000000000, 0.000000000000000000 ) ) ;
#1382 = ORIENTED_EDGE ( 'NONE', *, *, #1008, .T. ) ;
#1383 = ORIENTED_EDGE ( 'NONE', *, *, #818, .T. ) ;
#1384 = DIRECTION ( 'NONE',  ( 0.000000000000000000, 0.000000000000000000, 1.000000000000000000 ) ) ;
#1385 = DIRECTION ( 'NONE',  ( -0.000000000000000000, -0.000000000000000000, -1.000000000000000000 ) ) ;
#1386 = LINE ( 'NONE', #506, #3711 ) ;
#1387 = VERTEX_POINT ( 'NONE', #781 ) ;
#1388 = ORIENTED_EDGE ( 'NONE', *, *, #1846, .F. ) ;
#1389 = LINE ( 'NONE', #791, #2391 ) ;
#1390 = PLANE ( 'NONE',  #1985 ) ;
#1391 = EDGE_LOOP ( 'NONE', ( #1792, #1504, #466, #1223, #3315, #3951, #2066, #161, #3475, #3490, #754, #446 ) ) ;
#1392 = DIRECTION ( 'NONE',  ( 0.000000000000000000, 0.000000000000000000, 1.000000000000000000 ) ) ;
#1393 = VECTOR ( 'NONE', #2479, 1000.000000000000114 ) ;
#1394 = CYLINDRICAL_SURFACE ( 'NONE', #2855, 0.4559410093742302106 ) ;
#1395 = VECTOR ( 'NONE', #2244, 1000.000000000000000 ) ;
#1396 = ADVANCED_FACE ( 'NONE', ( #214 ), #2054, .F. ) ;
#1397 = EDGE_CURVE ( 'NONE', #2877, #2096, #2730, .T. ) ;
#1398 = CARTESIAN_POINT ( 'NONE',  ( 3.188964415826798682, 3.606999999999999762, -2.710464415826800533 ) ) ;
#1399 = LINE ( 'NONE', #2405, #17 ) ;
#1400 = CIRCLE ( 'NONE', #2848, 0.4559410093742276016 ) ;
#1401 = EDGE_CURVE ( 'NONE', #184, #1855, #3014, .T. ) ;
#1402 = ORIENTED_EDGE ( 'NONE', *, *, #3093, .T. ) ;
#1403 = VERTEX_POINT ( 'NONE', #4007 ) ;
#1404 = AXIS2_PLACEMENT_3D ( 'NONE', #1992, #3840, #2570 ) ;
#1405 = PLANE ( 'NONE',  #2202 ) ;
#1406 = DIRECTION ( 'NONE',  ( -3.222309318003976232E-15, 1.000000000000000000, 0.000000000000000000 ) ) ;
#1407 = CARTESIAN_POINT ( 'NONE',  ( -2.128980829383888551, 3.507000000000000117, -1.933577189573473465 ) ) ;
#1408 = ORIENTED_EDGE ( 'NONE', *, *, #2735, .F. ) ;
#1409 = VECTOR ( 'NONE', #3284, 1000.000000000000000 ) ;
#1410 = AXIS2_PLACEMENT_3D ( 'NONE', #2568, #3866, #2399 ) ;
#1411 = ORIENTED_EDGE ( 'NONE', *, *, #4080, .F. ) ;
#1412 = AXIS2_PLACEMENT_3D ( 'NONE', #4065, #233, #2838 ) ;
#1413 = AXIS2_PLACEMENT_3D ( 'NONE', #1320, #2583, #1343 ) ;
#1414 = LINE ( 'NONE', #2654, #3659 ) ;
#1415 = ORIENTED_EDGE ( 'NONE', *, *, #1008, .F. ) ;
#1416 = VECTOR ( 'NONE', #2682, 1000.000000000000000 ) ;
#1417 = CARTESIAN_POINT ( 'NONE',  ( 5.749999999999999112, 0.2539999999999982272, -0.4445000000000000062 ) ) ;
#1418 = LINE ( 'NONE', #1709, #3258 ) ;
#1419 = AXIS2_PLACEMENT_3D ( 'NONE', #670, #1361, #2306 ) ;
#1420 = EDGE_CURVE ( 'NONE', #1904, #2115, #3390, .T. ) ;
#1421 = CARTESIAN_POINT ( 'NONE',  ( -4.999999999999997335, 0.4559410093742238823, 0.8255000000000000115 ) ) ;
#1422 = DIRECTION ( 'NONE',  ( 1.000000000000000000, 0.000000000000000000, -0.000000000000000000 ) ) ;
#1423 = ORIENTED_EDGE ( 'NONE', *, *, #526, .T. ) ;
#1424 = EDGE_CURVE ( 'NONE', #413, #3587, #2113, .T. ) ;
#1425 = EDGE_CURVE ( 'NONE', #3382, #2098, #823, .T. ) ;
#1426 = ORIENTED_EDGE ( 'NONE', *, *, #3655, .T. ) ;
#1427 = CARTESIAN_POINT ( 'NONE',  ( 4.302998820355127485, 1.780499999999993532, 0.4445000000000002283 ) ) ;
#1428 = LINE ( 'NONE', #1700, #995 ) ;
#1429 = ORIENTED_EDGE ( 'NONE', *, *, #1266, .T. ) ;
#1430 = ORIENTED_EDGE ( 'NONE', *, *, #502, .F. ) ;
#1431 = CARTESIAN_POINT ( 'NONE',  ( -5.750000000000001776, -2.710505431213761085E-17, 0.8255000000000000115 ) ) ;
#1432 = VERTEX_POINT ( 'NONE', #174 ) ;
#1433 = SURFACE_SIDE_STYLE ('',( #759 ) ) ;
#1434 = CARTESIAN_POINT ( 'NONE',  ( 4.571555597977356555, 0.2999999999999999334, -1.714499999999999913 ) ) ;
#1435 = CARTESIAN_POINT ( 'NONE',  ( -3.403500000000001524, 2.080500000000000238, -1.714499999999999913 ) ) ;
#1436 = VECTOR ( 'NONE', #292, 1000.000000000000000 ) ;
#1437 = CARTESIAN_POINT ( 'NONE',  ( -3.874554418332484929, 1.624558990625769139, 0.8255000000000000115 ) ) ;
#1438 = CARTESIAN_POINT ( 'NONE',  ( -2.128980829383888551, 3.507000000000000117, -1.933577189573473465 ) ) ;
#1439 = VERTEX_POINT ( 'NONE', #3370 ) ;
#1440 = AXIS2_PLACEMENT_3D ( 'NONE', #3156, #1833, #2758 ) ;
#1441 = ORIENTED_EDGE ( 'NONE', *, *, #2081, .T. ) ;
#1442 = DIRECTION ( 'NONE',  ( 2.224004456380521410E-16, 0.000000000000000000, 1.000000000000000000 ) ) ;
#1443 = ADVANCED_FACE ( 'NONE', ( #3966 ), #2382, .F. ) ;
#1444 = DIRECTION ( 'NONE',  ( -0.000000000000000000, 1.000000000000000000, -0.000000000000000000 ) ) ;
#1445 = EDGE_LOOP ( 'NONE', ( #2316, #4055, #2920, #2518 ) ) ;
#1446 = EDGE_CURVE ( 'NONE', #519, #2177, #500, .T. ) ;
#1447 = ORIENTED_EDGE ( 'NONE', *, *, #804, .T. ) ;
#1448 = ADVANCED_FACE ( 'NONE', ( #156 ), #3074, .F. ) ;
#1449 = CARTESIAN_POINT ( 'NONE',  ( -4.810237523656977210, 0.3868731164047179427, -1.714499999999999913 ) ) ;
#1450 =( NAMED_UNIT ( * ) PLANE_ANGLE_UNIT ( ) SI_UNIT ( $, .RADIAN. ) );
#1451 = EDGE_CURVE ( 'NONE', #2877, #1179, #1399, .T. ) ;
#1452 = EDGE_LOOP ( 'NONE', ( #2206, #3063, #843, #3399, #1657, #3254, #617, #2625, #847, #1035, #2299, #3309 ) ) ;
#1453 = LINE ( 'NONE', #2636, #1079 ) ;
#1454 = CARTESIAN_POINT ( 'NONE',  ( 5.750000000000000888, -2.710505431213761085E-17, -0.4445000000000000062 ) ) ;
#1455 = CARTESIAN_POINT ( 'NONE',  ( -3.874554418332485817, 2.080499999999998018, -2.095499999999999918 ) ) ;
#1456 =( GEOMETRIC_REPRESENTATION_CONTEXT ( 3 ) GLOBAL_UNCERTAINTY_ASSIGNED_CONTEXT ( ( #333 ) ) GLOBAL_UNIT_ASSIGNED_CONTEXT ( ( #3281, #686, #3236 ) ) REPRESENTATION_CONTEXT ( 'NONE', 'WORKASPACE' ) );
#1457 = DIRECTION ( 'NONE',  ( -1.000000000000000000, 0.000000000000000000, 0.000000000000000000 ) ) ;
#1458 = CARTESIAN_POINT ( 'NONE',  ( 3.874554418332484484, 1.624558990625769139, 2.095500000000000362 ) ) ;
#1459 = VERTEX_POINT ( 'NONE', #3679 ) ;
#1460 = VECTOR ( 'NONE', #4034, 1000.000000000000000 ) ;
#1461 = EDGE_LOOP ( 'NONE', ( #127, #3055, #1307, #2142 ) ) ;
#1462 = FACE_OUTER_BOUND ( 'NONE', #3057, .T. ) ;
#1463 = DIRECTION ( 'NONE',  ( -1.000000000000000000, 0.000000000000000000, 0.000000000000000000 ) ) ;
#1464 = ORIENTED_EDGE ( 'NONE', *, *, #3247, .T. ) ;
#1465 = VECTOR ( 'NONE', #2174, 1000.000000000000000 ) ;
#1466 = ORIENTED_EDGE ( 'NONE', *, *, #1350, .F. ) ;
#1467 = DIRECTION ( 'NONE',  ( -0.000000000000000000, -0.000000000000000000, -1.000000000000000000 ) ) ;
#1468 = CARTESIAN_POINT ( 'NONE',  ( -3.403500000000001080, 2.080500000000000238, -0.4445000000000000062 ) ) ;
#1469 = ORIENTED_EDGE ( 'NONE', *, *, #3649, .T. ) ;
#1470 = VECTOR ( 'NONE', #1201, 1000.000000000000114 ) ;
#1471 = CIRCLE ( 'NONE', #2270, 0.2019410093742298740 ) ;
#1472 = ADVANCED_FACE ( 'NONE', ( #840 ), #3931, .F. ) ;
#1473 = ADVANCED_FACE ( 'NONE', ( #2034 ), #2172, .F. ) ;
#1474 = VECTOR ( 'NONE', #1821, 1000.000000000000000 ) ;
#1475 = CARTESIAN_POINT ( 'NONE',  ( -4.302998820355126597, 1.780499999999992422, 0.4445000000000002283 ) ) ;
#1476 = DIRECTION ( 'NONE',  ( -0.000000000000000000, -0.000000000000000000, -1.000000000000000000 ) ) ;
#1477 = CARTESIAN_POINT ( 'NONE',  ( -4.571555597977357444, 0.2999999999999999334, 0.4445000000000002283 ) ) ;
#1478 = DIRECTION ( 'NONE',  ( 6.829619984160685065E-15, 1.000000000000000000, 0.000000000000000000 ) ) ;
#1479 = DIRECTION ( 'NONE',  ( -0.000000000000000000, -0.000000000000000000, -1.000000000000000000 ) ) ;
#1480 = AXIS2_PLACEMENT_3D ( 'NONE', #2322, #2904, #373 ) ;
#1481 = VERTEX_POINT ( 'NONE', #580 ) ;
#1482 = VECTOR ( 'NONE', #860, 1000.000000000000000 ) ;
#1483 = ORIENTED_EDGE ( 'NONE', *, *, #1899, .T. ) ;
#1484 = LINE ( 'NONE', #1112, #2011 ) ;
#1485 = DIRECTION ( 'NONE',  ( -1.000000000000000000, 3.830847676115450052E-15, 0.000000000000000000 ) ) ;
#1486 = ORIENTED_EDGE ( 'NONE', *, *, #3496, .T. ) ;
#1487 = VERTEX_POINT ( 'NONE', #2481 ) ;
#1488 = DIRECTION ( 'NONE',  ( 1.000000000000000000, 0.000000000000000000, -1.911330405439408505E-16 ) ) ;
#1489 = CARTESIAN_POINT ( 'NONE',  ( 3.403500000000000192, 2.080500000000000682, -0.4445000000000000062 ) ) ;
#1490 = ORIENTED_EDGE ( 'NONE', *, *, #2478, .F. ) ;
#1491 = CARTESIAN_POINT ( 'NONE',  ( -5.000000000000002665, -2.960210660448999032E-15, -0.8254999999999999005 ) ) ;
#1492 = LINE ( 'NONE', #1260, #2519 ) ;
#1493 = LINE ( 'NONE', #2713, #1189 ) ;
#1494 = EDGE_CURVE ( 'NONE', #676, #2448, #951, .T. ) ;
#1495 = EDGE_CURVE ( 'NONE', #489, #1432, #234, .T. ) ;
#1496 = CARTESIAN_POINT ( 'NONE',  ( -4.064316894675506830, 1.693626883595273247, 2.095500000000000362 ) ) ;
#1497 = DIRECTION ( 'NONE',  ( -1.000000000000000000, 0.000000000000000000, 0.000000000000000000 ) ) ;
#1498 = CARTESIAN_POINT ( 'NONE',  ( 3.874554418332483596, 1.624558990625769139, -1.714499999999999913 ) ) ;
#1499 = EDGE_CURVE ( 'NONE', #1574, #2353, #3730, .T. ) ;
#1500 = EDGE_LOOP ( 'NONE', ( #103, #1674, #2225, #3149 ) ) ;
#1501 = DIRECTION ( 'NONE',  ( 0.000000000000000000, 0.000000000000000000, 1.000000000000000000 ) ) ;
#1502 = CARTESIAN_POINT ( 'NONE',  ( 5.750000000000000000, 0.2539999999999982272, 1.714500000000000357 ) ) ;
#1503 = ORIENTED_EDGE ( 'NONE', *, *, #1845, .T. ) ;
#1504 = ORIENTED_EDGE ( 'NONE', *, *, #3496, .F. ) ;
#1505 = VECTOR ( 'NONE', #2484, 1000.000000000000114 ) ;
#1506 = LINE ( 'NONE', #2763, #3722 ) ;
#1507 = CARTESIAN_POINT ( 'NONE',  ( 4.064316894675505942, 1.693626883595273247, -0.4445000000000000062 ) ) ;
#1508 = EDGE_LOOP ( 'NONE', ( #728, #1786, #1415, #3144 ) ) ;
#1509 = CARTESIAN_POINT ( 'NONE',  ( -4.999999999999998224, 0.4559410093742238823, -2.095499999999999918 ) ) ;
#1510 = PRESENTATION_STYLE_ASSIGNMENT (( #245 ) ) ;
#1511 = CARTESIAN_POINT ( 'NONE',  ( 3.403499999999999304, 2.080500000000000238, -2.925000000000001599 ) ) ;
#1512 = DIRECTION ( 'NONE',  ( -1.000000000000000000, -1.662443331144440592E-15, -0.000000000000000000 ) ) ;
#1513 = DIRECTION ( 'NONE',  ( 1.000000000000000000, 0.000000000000000000, 0.000000000000000000 ) ) ;
#1514 = LINE ( 'NONE', #3736, #3982 ) ;
#1515 = APPLICATION_CONTEXT ( 'automotive_design' ) ;
#1516 = VECTOR ( 'NONE', #642, 1000.000000000000000 ) ;
#1517 = EDGE_CURVE ( 'NONE', #4073, #1179, #2137, .T. ) ;
#1518 = ADVANCED_FACE ( 'NONE', ( #3713 ), #2756, .F. ) ;
#1519 = ORIENTED_EDGE ( 'NONE', *, *, #2097, .F. ) ;
#1520 = EDGE_CURVE ( 'NONE', #1877, #2870, #3068, .T. ) ;
#1521 = DIRECTION ( 'NONE',  ( -0.000000000000000000, -0.000000000000000000, -1.000000000000000000 ) ) ;
#1522 = CIRCLE ( 'NONE', #61, 0.4559410093742288783 ) ;
#1523 = DIRECTION ( 'NONE',  ( -0.1391731009600657432, 0.9902680687415702510, 0.000000000000000000 ) ) ;
#1524 = ORIENTED_EDGE ( 'NONE', *, *, #1147, .F. ) ;
#1525 = ORIENTED_EDGE ( 'NONE', *, *, #4101, .T. ) ;
#1526 = PLANE ( 'NONE',  #3865 ) ;
#1527 = DIRECTION ( 'NONE',  ( -0.000000000000000000, -0.000000000000000000, -1.000000000000000000 ) ) ;
#1528 = VECTOR ( 'NONE', #1818, 1000.000000000000000 ) ;
#1529 = ORIENTED_EDGE ( 'NONE', *, *, #3574, .F. ) ;
#1530 = ADVANCED_FACE ( 'NONE', ( #3136 ), #4023, .F. ) ;
#1531 = VECTOR ( 'NONE', #962, 1000.000000000000000 ) ;
#1532 = ORIENTED_EDGE ( 'NONE', *, *, #862, .T. ) ;
#1533 = SURFACE_STYLE_FILL_AREA ( #263 ) ;
#1534 = AXIS2_PLACEMENT_3D ( 'NONE', #556, #623, #3086 ) ;
#1535 = DIRECTION ( 'NONE',  ( -1.000000000000000000, 0.000000000000000000, 0.000000000000000000 ) ) ;
#1536 = DIRECTION ( 'NONE',  ( -1.000000000000000000, -0.000000000000000000, 1.911330405439408998E-16 ) ) ;
#1537 = VECTOR ( 'NONE', #3071, 1000.000000000000000 ) ;
#1538 = AXIS2_PLACEMENT_3D ( 'NONE', #1183, #309, #1847 ) ;
#1539 = DIRECTION ( 'NONE',  ( -0.000000000000000000, -0.000000000000000000, -1.000000000000000000 ) ) ;
#1540 = CARTESIAN_POINT ( 'NONE',  ( 4.571555597977356555, 0.2999999999999999334, -2.095499999999999918 ) ) ;
#1541 = LINE ( 'NONE', #2773, #672 ) ;
#1542 = VECTOR ( 'NONE', #1195, 1000.000000000000000 ) ;
#1543 = DIRECTION ( 'NONE',  ( -0.000000000000000000, -0.000000000000000000, -1.000000000000000000 ) ) ;
#1544 = AXIS2_PLACEMENT_3D ( 'NONE', #2214, #1583, #1184 ) ;
#1545 = LINE ( 'NONE', #2201, #2403 ) ;
#1546 = AXIS2_PLACEMENT_3D ( 'NONE', #2702, #3638, #2743 ) ;
#1547 = EDGE_CURVE ( 'NONE', #3827, #1649, #1281, .T. ) ;
#1548 = ADVANCED_FACE ( 'NONE', ( #1246 ), #3469, .T. ) ;
#1549 = CARTESIAN_POINT ( 'NONE',  ( -4.810237523656976322, 0.3868731164047179427, 2.095500000000000362 ) ) ;
#1550 = EDGE_CURVE ( 'NONE', #3116, #2646, #3413, .T. ) ;
#1551 = VERTEX_POINT ( 'NONE', #4043 ) ;
#1552 = VECTOR ( 'NONE', #4088, 1000.000000000000000 ) ;
#1553 = EDGE_LOOP ( 'NONE', ( #3282, #2561, #1702, #1383 ) ) ;
#1554 = LINE ( 'NONE', #4057, #1542 ) ;
#1555 = DIRECTION ( 'NONE',  ( -0.000000000000000000, -0.000000000000000000, -1.000000000000000000 ) ) ;
#1556 = ORIENTED_EDGE ( 'NONE', *, *, #1752, .T. ) ;
#1557 = VERTEX_POINT ( 'NONE', #918 ) ;
#1558 = CARTESIAN_POINT ( 'NONE',  ( 4.999999999999999112, 0.2539999999999954516, -2.095499999999999918 ) ) ;
#1559 = DIRECTION ( 'NONE',  ( -6.829619984160704786E-15, 1.000000000000000000, -0.000000000000000000 ) ) ;
#1560 = EDGE_LOOP ( 'NONE', ( #683, #2766, #2684, #508 ) ) ;
#1561 = DIRECTION ( 'NONE',  ( -1.000000000000000000, 0.000000000000000000, 0.000000000000000000 ) ) ;
#1562 = EDGE_CURVE ( 'NONE', #1881, #2164, #2461, .T. ) ;
#1563 = DIRECTION ( 'NONE',  ( 0.000000000000000000, 0.000000000000000000, 1.000000000000000000 ) ) ;
#1564 = LINE ( 'NONE', #22, #1004 ) ;
#1565 = PLANE ( 'NONE',  #49 ) ;
#1566 = CARTESIAN_POINT ( 'NONE',  ( 5.000000000000000000, 0.2539999999999954516, 0.4445000000000002283 ) ) ;
#1567 = CARTESIAN_POINT ( 'NONE',  ( 5.750000000000000000, 0.2539999999999982272, 0.4445000000000002283 ) ) ;
#1568 = CARTESIAN_POINT ( 'NONE',  ( 4.999999999999996447, 0.4559410093742238823, -0.8254999999999999005 ) ) ;
#1569 = VERTEX_POINT ( 'NONE', #3091 ) ;
#1570 = ADVANCED_FACE ( 'NONE', ( #3735 ), #2839, .F. ) ;
#1571 = ORIENTED_EDGE ( 'NONE', *, *, #3677, .F. ) ;
#1572 = CARTESIAN_POINT ( 'NONE',  ( -4.064316894675506830, 1.693626883595273247, 0.8255000000000000115 ) ) ;
#1573 = DIRECTION ( 'NONE',  ( -0.9396926207859086499, -0.3420201433256681023, 0.000000000000000000 ) ) ;
#1574 = VERTEX_POINT ( 'NONE', #4105 ) ;
#1575 = EDGE_CURVE ( 'NONE', #2310, #2824, #898, .T. ) ;
#1576 = ORIENTED_EDGE ( 'NONE', *, *, #3857, .T. ) ;
#1577 = ADVANCED_FACE ( 'NONE', ( #937 ), #2195, .F. ) ;
#1578 = DIRECTION ( 'NONE',  ( 1.000000000000000000, -6.829619984160685065E-15, 0.000000000000000000 ) ) ;
#1579 = CYLINDRICAL_SURFACE ( 'NONE', #459, 0.2019410093742285695 ) ;
#1580 = VERTEX_POINT ( 'NONE', #1540 ) ;
#1581 = VECTOR ( 'NONE', #499, 1000.000000000000000 ) ;
#1582 = LINE ( 'NONE', #3712, #1270 ) ;
#1583 = DIRECTION ( 'NONE',  ( 0.000000000000000000, 1.000000000000000000, 0.000000000000000000 ) ) ;
#1584 = DIRECTION ( 'NONE',  ( 0.9902680687415702510, -0.1391731009600657432, -2.202360597892584219E-16 ) ) ;
#1585 = CARTESIAN_POINT ( 'NONE',  ( -5.000000000000002665, -2.960210660448999032E-15, -0.4445000000000000062 ) ) ;
#1586 = PLANE ( 'NONE',  #1943 ) ;
#1587 = LINE ( 'NONE', #2266, #3518 ) ;
#1588 = CARTESIAN_POINT ( 'NONE',  ( 4.999999999999999112, 0.2539999999999969504, -1.714499999999999913 ) ) ;
#1589 = ORIENTED_EDGE ( 'NONE', *, *, #3067, .T. ) ;
#1590 = ORIENTED_EDGE ( 'NONE', *, *, #2241, .T. ) ;
#1591 = VECTOR ( 'NONE', #1785, 1000.000000000000000 ) ;
#1592 = FACE_OUTER_BOUND ( 'NONE', #625, .T. ) ;
#1593 = FACE_OUTER_BOUND ( 'NONE', #2631, .T. ) ;
#1594 = ORIENTED_EDGE ( 'NONE', *, *, #1575, .F. ) ;
#1595 = VECTOR ( 'NONE', #1963, 1000.000000000000000 ) ;
#1596 = ORIENTED_EDGE ( 'NONE', *, *, #820, .T. ) ;
#1597 = AXIS2_PLACEMENT_3D ( 'NONE', #1588, #1977, #3474 ) ;
#1598 = CARTESIAN_POINT ( 'NONE',  ( -3.403500000000001080, 1.826500000000000457, 0.4445000000000002283 ) ) ;
#1599 = DIRECTION ( 'NONE',  ( -0.7036407875340264795, -0.7036407875340264795, 0.09889026361068051219 ) ) ;
#1600 = ORIENTED_EDGE ( 'NONE', *, *, #2251, .F. ) ;
#1601 = EDGE_CURVE ( 'NONE', #991, #3371, #3799, .T. ) ;
#1602 = EDGE_CURVE ( 'NONE', #2104, #2977, #1604, .T. ) ;
#1603 = SURFACE_STYLE_USAGE ( .BOTH. , #2617 ) ;
#1604 = LINE ( 'NONE', #3548, #2269 ) ;
#1605 = DIRECTION ( 'NONE',  ( 1.000000000000000000, -3.222309318003977021E-15, 0.000000000000000000 ) ) ;
#1606 = AXIS2_PLACEMENT_3D ( 'NONE', #1284, #1686, #415 ) ;
#1607 = DIRECTION ( 'NONE',  ( 1.000000000000000000, -3.222309318003977021E-15, 0.000000000000000000 ) ) ;
#1608 = AXIS2_PLACEMENT_3D ( 'NONE', #833, #3921, #3296 ) ;
#1609 = CARTESIAN_POINT ( 'NONE',  ( 3.874554418332484040, 1.826499999999998902, 0.8255000000000000115 ) ) ;
#1610 = CARTESIAN_POINT ( 'NONE',  ( -3.874554418332484484, 1.624558990625769139, 2.095500000000000362 ) ) ;
#1611 = FACE_OUTER_BOUND ( 'NONE', #652, .T. ) ;
#1612 = ORIENTED_EDGE ( 'NONE', *, *, #1926, .T. ) ;
#1613 = ORIENTED_EDGE ( 'NONE', *, *, #3907, .F. ) ;
#1614 = CARTESIAN_POINT ( 'NONE',  ( -4.810237523656977210, 0.3868731164047179427, -0.4445000000000000062 ) ) ;
#1615 = CARTESIAN_POINT ( 'NONE',  ( -4.064316894675507719, 1.693626883595273247, -1.714499999999999913 ) ) ;
#1616 = DIRECTION ( 'NONE',  ( -0.000000000000000000, -0.000000000000000000, -1.000000000000000000 ) ) ;
#1617 = ORIENTED_EDGE ( 'NONE', *, *, #1166, .T. ) ;
#1618 = VECTOR ( 'NONE', #1754, 1000.000000000000000 ) ;
#1619 = AXIS2_PLACEMENT_3D ( 'NONE', #2457, #342, #3732 ) ;
#1620 = ORIENTED_EDGE ( 'NONE', *, *, #2805, .F. ) ;
#1621 = CARTESIAN_POINT ( 'NONE',  ( -3.403500000000001080, 2.080500000000000238, -0.4445000000000000062 ) ) ;
#1622 = CARTESIAN_POINT ( 'NONE',  ( 3.403500000000000636, 2.080500000000000682, 2.095500000000000362 ) ) ;
#1623 = ORIENTED_EDGE ( 'NONE', *, *, #916, .T. ) ;
#1624 = EDGE_CURVE ( 'NONE', #1198, #2289, #3262, .T. ) ;
#1625 = LINE ( 'NONE', #2618, #3133 ) ;
#1626 = LINE ( 'NONE', #1972, #1927 ) ;
#1627 = EDGE_CURVE ( 'NONE', #1551, #3863, #87, .T. ) ;
#1628 = DIRECTION ( 'NONE',  ( -0.000000000000000000, -1.000000000000000000, -0.000000000000000000 ) ) ;
#1629 = LINE ( 'NONE', #718, #618 ) ;
#1630 = CARTESIAN_POINT ( 'NONE',  ( -2.128980829383888551, 3.606999999999999762, -1.632313148946297865 ) ) ;
#1631 = EDGE_CURVE ( 'NONE', #1127, #825, #1625, .T. ) ;
#1632 = CARTESIAN_POINT ( 'NONE',  ( -4.571555597977358332, 0.2999999999999999334, -0.8254999999999999005 ) ) ;
#1633 = VERTEX_POINT ( 'NONE', #2883 ) ;
#1634 = ORIENTED_EDGE ( 'NONE', *, *, #2127, .F. ) ;
#1635 = LINE ( 'NONE', #1654, #3261 ) ;
#1636 = CARTESIAN_POINT ( 'NONE',  ( 4.810237523656974545, 0.3868731164047196636, -1.714499999999999913 ) ) ;
#1637 = FACE_OUTER_BOUND ( 'NONE', #1641, .T. ) ;
#1638 = ORIENTED_EDGE ( 'NONE', *, *, #3354, .T. ) ;
#1639 = VERTEX_POINT ( 'NONE', #3196 ) ;
#1640 = CARTESIAN_POINT ( 'NONE',  ( -3.874554418332484929, 1.624558990625769139, 0.8255000000000000115 ) ) ;
#1641 = EDGE_LOOP ( 'NONE', ( #1612, #3145, #291, #653 ) ) ;
#1642 = DIRECTION ( 'NONE',  ( 2.224004456380521410E-16, 0.000000000000000000, 1.000000000000000000 ) ) ;
#1643 = LINE ( 'NONE', #3572, #3855 ) ;
#1644 = CARTESIAN_POINT ( 'NONE',  ( -4.999999999999998224, 0.4559410093742238823, -0.8254999999999999005 ) ) ;
#1645 = DIRECTION ( 'NONE',  ( -0.000000000000000000, -0.000000000000000000, -1.000000000000000000 ) ) ;
#1646 = CARTESIAN_POINT ( 'NONE',  ( -3.403500000000001080, 2.080500000000000238, -0.4445000000000000062 ) ) ;
#1647 = CARTESIAN_POINT ( 'NONE',  ( -5.000000000000002665, -2.960210660448999032E-15, -2.095499999999999918 ) ) ;
#1648 =( NAMED_UNIT ( * ) PLANE_ANGLE_UNIT ( ) SI_UNIT ( $, .RADIAN. ) );
#1649 = VERTEX_POINT ( 'NONE', #2595 ) ;
#1650 = EDGE_CURVE ( 'NONE', #184, #1551, #3504, .T. ) ;
#1651 = EDGE_CURVE ( 'NONE', #1059, #3294, #1949, .T. ) ;
#1652 = ADVANCED_FACE ( 'NONE', ( #1044 ), #3888, .F. ) ;
#1653 = VERTEX_POINT ( 'NONE', #2257 ) ;
#1654 = CARTESIAN_POINT ( 'NONE',  ( 3.403499999999999748, 2.080500000000000682, -2.095499999999999918 ) ) ;
#1655 = DIRECTION ( 'NONE',  ( 0.3420201433256691015, 0.9396926207859082059, -0.000000000000000000 ) ) ;
#1656 = CARTESIAN_POINT ( 'NONE',  ( 3.874554418332484040, 1.624558990625769139, -0.4445000000000000062 ) ) ;
#1657 = ORIENTED_EDGE ( 'NONE', *, *, #3302, .T. ) ;
#1658 = ORIENTED_EDGE ( 'NONE', *, *, #1973, .T. ) ;
#1659 = LINE ( 'NONE', #2590, #3769 ) ;
#1660 = AXIS2_PLACEMENT_3D ( 'NONE', #1220, #3459, #616 ) ;
#1661 = PRODUCT_DEFINITION ( 'UNKNOWN', '', #1134, #800 ) ;
#1662 = ORIENTED_EDGE ( 'NONE', *, *, #3447, .T. ) ;
#1663 = EDGE_CURVE ( 'NONE', #2433, #3061, #90, .T. ) ;
#1664 = VECTOR ( 'NONE', #3940, 1000.000000000000114 ) ;
#1665 = ADVANCED_FACE ( 'NONE', ( #735 ), #393, .T. ) ;
#1666 = FACE_OUTER_BOUND ( 'NONE', #340, .T. ) ;
#1667 = DIRECTION ( 'NONE',  ( 0.9396926207859083169, 0.3420201433256691570, -0.000000000000000000 ) ) ;
#1668 = DIRECTION ( 'NONE',  ( -6.829619984160684276E-15, -1.000000000000000000, 0.000000000000000000 ) ) ;
#1669 = VECTOR ( 'NONE', #561, 1000.000000000000000 ) ;
#1670 = FACE_OUTER_BOUND ( 'NONE', #3279, .T. ) ;
#1671 = DIRECTION ( 'NONE',  ( -1.000000000000000000, -4.603299025719962440E-15, 0.000000000000000000 ) ) ;
#1672 = CARTESIAN_POINT ( 'NONE',  ( -5.750000000000000000, 0.2539999999999990044, 2.095500000000000362 ) ) ;
#1673 = AXIS2_PLACEMENT_3D ( 'NONE', #1087, #779, #3304 ) ;
#1674 = ORIENTED_EDGE ( 'NONE', *, *, #2499, .F. ) ;
#1675 = DIRECTION ( 'NONE',  ( -6.829619984160704786E-15, 1.000000000000000000, -0.000000000000000000 ) ) ;
#1676 = ORIENTED_EDGE ( 'NONE', *, *, #3833, .T. ) ;
#1677 = AXIS2_PLACEMENT_3D ( 'NONE', #3975, #1082, #3628 ) ;
#1678 = ORIENTED_EDGE ( 'NONE', *, *, #2815, .T. ) ;
#1679 = DIRECTION ( 'NONE',  ( -0.000000000000000000, -0.000000000000000000, -1.000000000000000000 ) ) ;
#1680 = ADVANCED_FACE ( 'NONE', ( #1970 ), #3839, .F. ) ;
#1681 = CARTESIAN_POINT ( 'NONE',  ( 3.403500000000000192, 1.826500000000000457, 0.8255000000000000115 ) ) ;
#1682 = FACE_OUTER_BOUND ( 'NONE', #2833, .T. ) ;
#1683 = ORIENTED_EDGE ( 'NONE', *, *, #1145, .F. ) ;
#1684 = VERTEX_POINT ( 'NONE', #1929 ) ;
#1685 = VECTOR ( 'NONE', #1169, 1000.000000000000000 ) ;
#1686 = DIRECTION ( 'NONE',  ( 1.000000000000000000, 0.000000000000000000, -0.000000000000000000 ) ) ;
#1687 = VECTOR ( 'NONE', #2272, 1000.000000000000000 ) ;
#1688 = ORIENTED_EDGE ( 'NONE', *, *, #3259, .F. ) ;
#1689 = CARTESIAN_POINT ( 'NONE',  ( 5.000000000000000888, -2.960210660448999032E-15, -0.4445000000000000062 ) ) ;
#1690 = DIRECTION ( 'NONE',  ( 0.000000000000000000, 0.000000000000000000, 1.000000000000000000 ) ) ;
#1691 = LINE ( 'NONE', #2884, #747 ) ;
#1692 = CARTESIAN_POINT ( 'NONE',  ( 5.750000000000000000, 0.2539999999999982272, 0.8255000000000000115 ) ) ;
#1693 = CARTESIAN_POINT ( 'NONE',  ( -3.403500000000001524, 2.080500000000000238, -2.095499999999999918 ) ) ;
#1694 = VERTEX_POINT ( 'NONE', #353 ) ;
#1695 = SURFACE_STYLE_FILL_AREA ( #1713 ) ;
#1696 = ORIENTED_EDGE ( 'NONE', *, *, #4102, .T. ) ;
#1697 = ORIENTED_EDGE ( 'NONE', *, *, #451, .T. ) ;
#1698 = CARTESIAN_POINT ( 'NONE',  ( 3.403500000000000192, 2.080500000000000682, -0.4445000000000000062 ) ) ;
#1699 = DIRECTION ( 'NONE',  ( -0.000000000000000000, -0.000000000000000000, -1.000000000000000000 ) ) ;
#1700 = CARTESIAN_POINT ( 'NONE',  ( -3.403500000000000636, 2.080500000000000238, 2.095500000000000362 ) ) ;
#1701 = ORIENTED_EDGE ( 'NONE', *, *, #162, .T. ) ;
#1702 = ORIENTED_EDGE ( 'NONE', *, *, #3141, .F. ) ;
#1703 = CARTESIAN_POINT ( 'NONE',  ( 5.750000000000000000, 0.2539999999999982272, 0.8255000000000000115 ) ) ;
#1704 = ORIENTED_EDGE ( 'NONE', *, *, #281, .F. ) ;
#1705 = ADVANCED_FACE ( 'NONE', ( #2860 ), #977, .F. ) ;
#1706 = ADVANCED_FACE ( 'NONE', ( #418 ), #2569, .F. ) ;
#1707 = ADVANCED_FACE ( 'NONE', ( #1309 ), #997, .F. ) ;
#1708 = CARTESIAN_POINT ( 'NONE',  ( -3.188964415826799126, 0.3000000000000001554, -2.710464415826799200 ) ) ;
#1709 = CARTESIAN_POINT ( 'NONE',  ( 4.571555597977357444, 0.2999999999999999334, 0.8255000000000000115 ) ) ;
#1710 = DIRECTION ( 'NONE',  ( 0.3420201433256691015, -0.9396926207859082059, 0.000000000000000000 ) ) ;
#1711 = DIRECTION ( 'NONE',  ( 0.3420201433256691015, -0.9396926207859082059, 0.000000000000000000 ) ) ;
#1712 = ORIENTED_EDGE ( 'NONE', *, *, #478, .T. ) ;
#1713 = FILL_AREA_STYLE ('',( #115 ) ) ;
#1714 = EDGE_CURVE ( 'NONE', #2948, #2192, #1643, .T. ) ;
#1715 = EDGE_LOOP ( 'NONE', ( #1325, #2493, #3009, #3757 ) ) ;
#1716 = FACE_OUTER_BOUND ( 'NONE', #167, .T. ) ;
#1717 = PLANE ( 'NONE',  #1346 ) ;
#1718 = LINE ( 'NONE', #3037, #2777 ) ;
#1719 = ORIENTED_EDGE ( 'NONE', *, *, #888, .T. ) ;
#1720 = ORIENTED_EDGE ( 'NONE', *, *, #2995, .F. ) ;
#1721 = CARTESIAN_POINT ( 'NONE',  ( -3.874554418332485373, 2.080499999999998018, 0.4445000000000002283 ) ) ;
#1722 = CARTESIAN_POINT ( 'NONE',  ( 4.302998820355127485, 1.780499999999993532, 2.095500000000000362 ) ) ;
#1723 = VERTEX_POINT ( 'NONE', #2301 ) ;
#1724 = SURFACE_STYLE_USAGE ( .BOTH. , #1433 ) ;
#1725 = VECTOR ( 'NONE', #1476, 1000.000000000000000 ) ;
#1726 = CARTESIAN_POINT ( 'NONE',  ( -4.302998820355127485, 1.780499999999992422, -0.4445000000000000062 ) ) ;
#1727 = EDGE_CURVE ( 'NONE', #3021, #3585, #3905, .T. ) ;
#1728 = EDGE_CURVE ( 'NONE', #2090, #812, #836, .T. ) ;
#1729 = CARTESIAN_POINT ( 'NONE',  ( 3.874554418332484040, 1.624558990625769139, -0.4445000000000000062 ) ) ;
#1730 = DIRECTION ( 'NONE',  ( 6.829619984160685065E-15, 1.000000000000000000, 0.000000000000000000 ) ) ;
#1731 = VECTOR ( 'NONE', #338, 1000.000000000000000 ) ;
#1732 = VERTEX_POINT ( 'NONE', #1454 ) ;
#1733 = EDGE_LOOP ( 'NONE', ( #3267, #705, #1349, #2644 ) ) ;
#1734 = VECTOR ( 'NONE', #1935, 1000.000000000000000 ) ;
#1735 = CARTESIAN_POINT ( 'NONE',  ( -3.403500000000001080, 1.826500000000000457, -0.4445000000000000062 ) ) ;
#1736 = FACE_OUTER_BOUND ( 'NONE', #809, .T. ) ;
#1737 = CARTESIAN_POINT ( 'NONE',  ( -4.064316894675507719, 1.693626883595273247, -0.4445000000000000062 ) ) ;
#1738 = ORIENTED_EDGE ( 'NONE', *, *, #376, .F. ) ;
#1739 = VECTOR ( 'NONE', #2252, 1000.000000000000000 ) ;
#1740 = EDGE_LOOP ( 'NONE', ( #1921, #3378, #3765, #3912 ) ) ;
#1741 = CIRCLE ( 'NONE', #81, 0.4559410093742302106 ) ;
#1742 = DIRECTION ( 'NONE',  ( 0.000000000000000000, -0.000000000000000000, 1.000000000000000000 ) ) ;
#1743 = SURFACE_STYLE_FILL_AREA ( #4000 ) ;
#1744 = ORIENTED_EDGE ( 'NONE', *, *, #3649, .F. ) ;
#1745 = ADVANCED_FACE ( 'NONE', ( #3048 ), #817, .F. ) ;
#1746 = VECTOR ( 'NONE', #2153, 1000.000000000000000 ) ;
#1747 = VECTOR ( 'NONE', #2333, 1000.000000000000000 ) ;
#1748 = DIRECTION ( 'NONE',  ( -0.000000000000000000, -0.000000000000000000, -1.000000000000000000 ) ) ;
#1749 = DIRECTION ( 'NONE',  ( -0.000000000000000000, -0.000000000000000000, -1.000000000000000000 ) ) ;
#1750 = CARTESIAN_POINT ( 'NONE',  ( 3.874554418332484040, 1.624558990625769139, -0.8254999999999999005 ) ) ;
#1751 = AXIS2_PLACEMENT_3D ( 'NONE', #3700, #1501, #505 ) ;
#1752 = EDGE_CURVE ( 'NONE', #2245, #664, #1769, .T. ) ;
#1753 = CARTESIAN_POINT ( 'NONE',  ( 3.403500000000000192, 1.826500000000000457, -0.4445000000000000062 ) ) ;
#1754 = DIRECTION ( 'NONE',  ( -0.000000000000000000, -0.000000000000000000, -1.000000000000000000 ) ) ;
#1755 = EDGE_CURVE ( 'NONE', #3436, #3128, #1787, .T. ) ;
#1756 = ORIENTED_EDGE ( 'NONE', *, *, #301, .F. ) ;
#1757 = APPLICATION_PROTOCOL_DEFINITION ( 'draft international standard', 'automotive_design', 1998, #3716 ) ;
#1758 = EDGE_CURVE ( 'NONE', #1574, #722, #1418, .T. ) ;
#1759 = VERTEX_POINT ( 'NONE', #2680 ) ;
#1760 = EDGE_CURVE ( 'NONE', #1439, #159, #2712, .T. ) ;
#1761 = DIRECTION ( 'NONE',  ( -0.000000000000000000, -0.000000000000000000, -1.000000000000000000 ) ) ;
#1762 = DIRECTION ( 'NONE',  ( -0.000000000000000000, -0.000000000000000000, -1.000000000000000000 ) ) ;
#1763 = ORIENTED_EDGE ( 'NONE', *, *, #935, .T. ) ;
#1764 = ORIENTED_EDGE ( 'NONE', *, *, #1046, .T. ) ;
#1765 = CARTESIAN_POINT ( 'NONE',  ( 3.403499999999999304, 1.826500000000000457, -2.925000000000001599 ) ) ;
#1766 = DIRECTION ( 'NONE',  ( -0.000000000000000000, 0.000000000000000000, -1.000000000000000000 ) ) ;
#1767 = VERTEX_POINT ( 'NONE', #2971 ) ;
#1768 = CARTESIAN_POINT ( 'NONE',  ( -3.403500000000001080, 2.080500000000000238, -0.4445000000000000062 ) ) ;
#1769 = LINE ( 'NONE', #2074, #411 ) ;
#1770 = DIRECTION ( 'NONE',  ( 1.000000000000000000, 0.000000000000000000, 0.000000000000000000 ) ) ;
#1771 = AXIS2_PLACEMENT_3D ( 'NONE', #41, #2662, #3031 ) ;
#1772 = LINE ( 'NONE', #3468, #1780 ) ;
#1773 = CARTESIAN_POINT ( 'NONE',  ( 5.000000000000000000, 0.2539999999999954516, 1.714500000000000357 ) ) ;
#1774 = ORIENTED_EDGE ( 'NONE', *, *, #794, .F. ) ;
#1775 = ORIENTED_EDGE ( 'NONE', *, *, #3768, .F. ) ;
#1776 = FACE_OUTER_BOUND ( 'NONE', #1740, .T. ) ;
#1777 = EDGE_CURVE ( 'NONE', #3372, #3099, #3615, .T. ) ;
#1778 = CARTESIAN_POINT ( 'NONE',  ( -3.403499999999998860, 3.606999999999999762, 2.710464415826800533 ) ) ;
#1779 = EDGE_CURVE ( 'NONE', #1021, #3121, #1143, .T. ) ;
#1780 = VECTOR ( 'NONE', #4104, 1000.000000000000000 ) ;
#1781 = ORIENTED_EDGE ( 'NONE', *, *, #2281, .T. ) ;
#1782 = ADVANCED_FACE ( 'NONE', ( #2031 ), #1394, .T. ) ;
#1783 = EDGE_LOOP ( 'NONE', ( #3613, #278, #1369, #3298 ) ) ;
#1784 = CARTESIAN_POINT ( 'NONE',  ( 5.750000000000000000, 0.2539999999999982272, 2.095500000000000362 ) ) ;
#1785 = DIRECTION ( 'NONE',  ( -0.000000000000000000, -0.000000000000000000, -1.000000000000000000 ) ) ;
#1786 = ORIENTED_EDGE ( 'NONE', *, *, #2169, .F. ) ;
#1787 = LINE ( 'NONE', #1726, #4047 ) ;
#1788 = LINE ( 'NONE', #1672, #2982 ) ;
#1789 = AXIS2_PLACEMENT_3D ( 'NONE', #3767, #1826, #15 ) ;
#1790 = DIRECTION ( 'NONE',  ( -1.000000000000000000, 0.000000000000000000, 0.000000000000000000 ) ) ;
#1791 = FACE_OUTER_BOUND ( 'NONE', #1391, .T. ) ;
#1792 = ORIENTED_EDGE ( 'NONE', *, *, #157, .F. ) ;
#1793 = CIRCLE ( 'NONE', #866, 0.2019410093742298740 ) ;
#1794 = ORIENTED_EDGE ( 'NONE', *, *, #3768, .T. ) ;
#1795 = AXIS2_PLACEMENT_3D ( 'NONE', #863, #3142, #220 ) ;
#1796 = DIRECTION ( 'NONE',  ( -1.000000000000000000, 0.000000000000000000, 0.000000000000000000 ) ) ;
#1797 = LINE ( 'NONE', #238, #2250 ) ;
#1798 = ORIENTED_EDGE ( 'NONE', *, *, #2862, .T. ) ;
#1799 = CIRCLE ( 'NONE', #148, 0.4559410093742276016 ) ;
#1800 = EDGE_CURVE ( 'NONE', #3171, #2668, #4003, .T. ) ;
#1801 = EDGE_LOOP ( 'NONE', ( #1303, #3478, #3792, #1483 ) ) ;
#1802 = CARTESIAN_POINT ( 'NONE',  ( 5.749999999999999112, 0.2539999999999982272, -0.8254999999999999005 ) ) ;
#1803 =( NAMED_UNIT ( * ) SI_UNIT ( $, .STERADIAN. ) SOLID_ANGLE_UNIT ( ) );
#1804 = ORIENTED_EDGE ( 'NONE', *, *, #1167, .T. ) ;
#1805 = AXIS2_PLACEMENT_3D ( 'NONE', #3529, #3173, #3217 ) ;
#1806 = VECTOR ( 'NONE', #509, 1000.000000000000000 ) ;
#1807 = CARTESIAN_POINT ( 'NONE',  ( 4.302998820355126597, 1.780499999999993532, -2.095499999999999918 ) ) ;
#1808 = PLANE ( 'NONE',  #536 ) ;
#1809 = DIRECTION ( 'NONE',  ( -1.000000000000000000, 0.000000000000000000, 0.000000000000000000 ) ) ;
#1810 = PLANE ( 'NONE',  #904 ) ;
#1811 = CARTESIAN_POINT ( 'NONE',  ( 4.302998820355127485, 1.780499999999993532, 2.095500000000000362 ) ) ;
#1812 = DIRECTION ( 'NONE',  ( -1.000000000000000000, 3.222309318003976232E-15, 0.000000000000000000 ) ) ;
#1813 = CIRCLE ( 'NONE', #2675, 0.4559410093742288783 ) ;
#1814 = ORIENTED_EDGE ( 'NONE', *, *, #2735, .T. ) ;
#1815 = CIRCLE ( 'NONE', #287, 0.2019410093742285695 ) ;
#1816 = CARTESIAN_POINT ( 'NONE',  ( 3.403500000000000636, 2.080500000000000238, 2.925000000000000266 ) ) ;
#1817 = DIRECTION ( 'NONE',  ( 0.000000000000000000, 1.000000000000000000, 0.000000000000000000 ) ) ;
#1818 = DIRECTION ( 'NONE',  ( 2.224004456380521410E-16, 0.000000000000000000, 1.000000000000000000 ) ) ;
#1819 = ORIENTED_EDGE ( 'NONE', *, *, #3948, .F. ) ;
#1820 = ORIENTED_EDGE ( 'NONE', *, *, #2330, .T. ) ;
#1821 = DIRECTION ( 'NONE',  ( 2.224004456380521410E-16, -0.000000000000000000, 1.000000000000000000 ) ) ;
#1822 = PLANE ( 'NONE',  #2507 ) ;
#1823 = ORIENTED_EDGE ( 'NONE', *, *, #3775, .T. ) ;
#1824 = CARTESIAN_POINT ( 'NONE',  ( -3.252207791442874196, 3.157000000000000028, -2.925000000000001599 ) ) ;
#1825 = CARTESIAN_POINT ( 'NONE',  ( -3.874554418332485373, 2.080499999999998018, 0.8255000000000000115 ) ) ;
#1826 = DIRECTION ( 'NONE',  ( -0.000000000000000000, -0.000000000000000000, -1.000000000000000000 ) ) ;
#1827 = ADVANCED_FACE ( 'NONE', ( #3928 ), #2360, .T. ) ;
#1828 = EDGE_CURVE ( 'NONE', #3699, #3565, #149, .T. ) ;
#1829 = EDGE_CURVE ( 'NONE', #3435, #1904, #497, .T. ) ;
#1830 = LINE ( 'NONE', #4083, #3222 ) ;
#1831 = DIRECTION ( 'NONE',  ( -0.000000000000000000, -0.000000000000000000, -1.000000000000000000 ) ) ;
#1832 = CARTESIAN_POINT ( 'NONE',  ( -5.000000000000000000, 0.2539999999999961178, 2.095500000000000362 ) ) ;
#1833 = DIRECTION ( 'NONE',  ( -3.682639220575972949E-15, -1.000000000000000000, 0.000000000000000000 ) ) ;
#1834 = LINE ( 'NONE', #3780, #2463 ) ;
#1835 = EDGE_CURVE ( 'NONE', #4013, #2810, #1864, .T. ) ;
#1836 = LINE ( 'NONE', #2180, #3388 ) ;
#1837 = ORIENTED_EDGE ( 'NONE', *, *, #1631, .F. ) ;
#1838 = VERTEX_POINT ( 'NONE', #2048 ) ;
#1839 = CARTESIAN_POINT ( 'NONE',  ( -5.750000000000000000, 0.2539999999999990044, 2.095500000000000362 ) ) ;
#1840 = CARTESIAN_POINT ( 'NONE',  ( 3.403500000000000192, 2.080500000000000682, 0.8255000000000000115 ) ) ;
#1841 = ORIENTED_EDGE ( 'NONE', *, *, #3626, .T. ) ;
#1842 = ORIENTED_EDGE ( 'NONE', *, *, #1779, .F. ) ;
#1843 = CARTESIAN_POINT ( 'NONE',  ( -5.750000000000000000, 0.2539999999999990044, 1.714500000000000357 ) ) ;
#1844 = CARTESIAN_POINT ( 'NONE',  ( -3.874554418332484929, 1.826499999999998902, 0.4445000000000002283 ) ) ;
#1845 = EDGE_CURVE ( 'NONE', #471, #2087, #454, .T. ) ;
#1846 = EDGE_CURVE ( 'NONE', #2936, #1580, #3323, .T. ) ;
#1847 = DIRECTION ( 'NONE',  ( -1.000000000000000000, 0.000000000000000000, 0.000000000000000000 ) ) ;
#1848 = CARTESIAN_POINT ( 'NONE',  ( 3.403500000000000192, 2.080500000000000682, 0.8255000000000000115 ) ) ;
#1849 = DIRECTION ( 'NONE',  ( 0.1391731009600657432, 0.9902680687415702510, 0.000000000000000000 ) ) ;
#1850 = AXIS2_PLACEMENT_3D ( 'NONE', #2010, #2318, #37 ) ;
#1851 = CARTESIAN_POINT ( 'NONE',  ( -3.403499999999998860, 2.080500000000000238, 2.925000000000001599 ) ) ;
#1852 = DIRECTION ( 'NONE',  ( 1.000000000000000000, 3.910807474849149088E-15, 0.000000000000000000 ) ) ;
#1853 = VECTOR ( 'NONE', #303, 1000.000000000000000 ) ;
#1854 = DIRECTION ( 'NONE',  ( 0.000000000000000000, 0.000000000000000000, 1.000000000000000000 ) ) ;
#1855 = VERTEX_POINT ( 'NONE', #3028 ) ;
#1856 = AXIS2_PLACEMENT_3D ( 'NONE', #3806, #3511, #673 ) ;
#1857 = ORIENTED_EDGE ( 'NONE', *, *, #1651, .T. ) ;
#1858 = DIRECTION ( 'NONE',  ( -0.3420201433256691570, 0.9396926207859083169, 0.000000000000000000 ) ) ;
#1859 = LINE ( 'NONE', #3404, #2246 ) ;
#1860 = ORIENTED_EDGE ( 'NONE', *, *, #2375, .F. ) ;
#1861 = CIRCLE ( 'NONE', #873, 0.2019410093742298740 ) ;
#1862 = ORIENTED_EDGE ( 'NONE', *, *, #793, .F. ) ;
#1863 = LINE ( 'NONE', #872, #619 ) ;
#1864 = CIRCLE ( 'NONE', #1673, 0.4559410093742276016 ) ;
#1865 = CARTESIAN_POINT ( 'NONE',  ( -4.999999999999997335, 0.4559410093742238823, 1.714500000000000357 ) ) ;
#1866 = DIRECTION ( 'NONE',  ( 0.3420201433256691015, -0.9396926207859082059, 0.000000000000000000 ) ) ;
#1867 = DIRECTION ( 'NONE',  ( -0.9396926207859083169, 0.3420201433256691570, 0.000000000000000000 ) ) ;
#1868 = CARTESIAN_POINT ( 'NONE',  ( -2.128980829383888551, 3.606999999999999762, -1.933577189573473465 ) ) ;
#1869 = PLANE ( 'NONE',  #2449 ) ;
#1870 = AXIS2_PLACEMENT_3D ( 'NONE', #2114, #2039, #3604 ) ;
#1871 = ADVANCED_FACE ( 'NONE', ( #1122 ), #2400, .F. ) ;
#1872 = CARTESIAN_POINT ( 'NONE',  ( 4.064316894675506830, 1.693626883595273247, 0.4445000000000002283 ) ) ;
#1873 = AXIS2_PLACEMENT_3D ( 'NONE', #1907, #1563, #1497 ) ;
#1874 = LINE ( 'NONE', #3488, #3872 ) ;
#1875 = VECTOR ( 'NONE', #3291, 1000.000000000000000 ) ;
#1876 = LINE ( 'NONE', #3120, #1070 ) ;
#1877 = VERTEX_POINT ( 'NONE', #1181 ) ;
#1878 = EDGE_CURVE ( 'NONE', #834, #2803, #3750, .T. ) ;
#1879 = VECTOR ( 'NONE', #1230, 1000.000000000000000 ) ;
#1880 = ADVANCED_FACE ( 'NONE', ( #3442 ), #1808, .F. ) ;
#1881 = VERTEX_POINT ( 'NONE', #228 ) ;
#1882 = FACE_OUTER_BOUND ( 'NONE', #3098, .T. ) ;
#1883 = DIRECTION ( 'NONE',  ( 0.000000000000000000, 0.000000000000000000, 1.000000000000000000 ) ) ;
#1884 = ORIENTED_EDGE ( 'NONE', *, *, #2694, .F. ) ;
#1885 = VERTEX_POINT ( 'NONE', #874 ) ;
#1886 = DIRECTION ( 'NONE',  ( -1.000000000000000000, 0.000000000000000000, 0.000000000000000000 ) ) ;
#1887 = LINE ( 'NONE', #3107, #3838 ) ;
#1888 = ORIENTED_EDGE ( 'NONE', *, *, #3220, .T. ) ;
#1889 = PRODUCT_DEFINITION_SHAPE ( 'NONE', 'NONE',  #1661 ) ;
#1890 = CYLINDRICAL_SURFACE ( 'NONE', #1538, 0.4559410093742302106 ) ;
#1891 = DIRECTION ( 'NONE',  ( -0.000000000000000000, 0.000000000000000000, -1.000000000000000000 ) ) ;
#1892 = CARTESIAN_POINT ( 'NONE',  ( 3.403500000000000636, 1.826500000000000457, 2.095500000000000362 ) ) ;
#1893 = ORIENTED_EDGE ( 'NONE', *, *, #548, .F. ) ;
#1894 = CARTESIAN_POINT ( 'NONE',  ( 3.874554418332483596, 1.624558990625769139, -2.095499999999999918 ) ) ;
#1895 = DIRECTION ( 'NONE',  ( 1.000000000000000000, 0.000000000000000000, 0.000000000000000000 ) ) ;
#1896 = DIRECTION ( 'NONE',  ( -1.000000000000000000, -3.910807474849149877E-15, 0.000000000000000000 ) ) ;
#1897 = ORIENTED_EDGE ( 'NONE', *, *, #3552, .F. ) ;
#1898 = EDGE_LOOP ( 'NONE', ( #1814, #4061, #3941, #114 ) ) ;
#1899 = EDGE_CURVE ( 'NONE', #2678, #1432, #3463, .T. ) ;
#1900 = EDGE_CURVE ( 'NONE', #640, #2245, #2834, .T. ) ;
#1901 = CARTESIAN_POINT ( 'NONE',  ( 4.064316894675506830, 1.693626883595273247, 2.095500000000000362 ) ) ;
#1902 = CARTESIAN_POINT ( 'NONE',  ( 5.749999999999999112, 0.2539999999999982272, -2.095499999999999918 ) ) ;
#1903 = ORIENTED_EDGE ( 'NONE', *, *, #1602, .T. ) ;
#1904 = VERTEX_POINT ( 'NONE', #1825 ) ;
#1905 = CARTESIAN_POINT ( 'NONE',  ( 3.403500000000000192, 2.080500000000000682, 0.8255000000000000115 ) ) ;
#1906 = VERTEX_POINT ( 'NONE', #1558 ) ;
#1907 = CARTESIAN_POINT ( 'NONE',  ( 3.874554418332484040, 1.624558990625769139, 0.4445000000000002283 ) ) ;
#1908 = CARTESIAN_POINT ( 'NONE',  ( 3.874554418332484484, 2.080499999999998906, 1.714500000000000357 ) ) ;
#1909 = FACE_OUTER_BOUND ( 'NONE', #2852, .T. ) ;
#1910 = CARTESIAN_POINT ( 'NONE',  ( -4.999999999999997335, 0.4559410093742238823, 2.095500000000000362 ) ) ;
#1911 = CARTESIAN_POINT ( 'NONE',  ( 4.999999999999997335, 0.4559410093742238823, 0.8255000000000000115 ) ) ;
#1912 = ORIENTED_EDGE ( 'NONE', *, *, #2052, .F. ) ;
#1913 = ORIENTED_EDGE ( 'NONE', *, *, #3476, .T. ) ;
#1914 = ORIENTED_EDGE ( 'NONE', *, *, #231, .F. ) ;
#1915 = STYLED_ITEM ( 'NONE', ( #349 ), #3346 ) ;
#1916 = DIRECTION ( 'NONE',  ( 0.000000000000000000, 0.000000000000000000, 1.000000000000000000 ) ) ;
#1917 = DIRECTION ( 'NONE',  ( -1.000000000000000000, 3.830847676115450052E-15, 0.000000000000000000 ) ) ;
#1918 = ORIENTED_EDGE ( 'NONE', *, *, #231, .T. ) ;
#1919 = AXIS2_PLACEMENT_3D ( 'NONE', #926, #1883, #321 ) ;
#1920 = EDGE_CURVE ( 'NONE', #1481, #4071, #1492, .T. ) ;
#1921 = ORIENTED_EDGE ( 'NONE', *, *, #526, .F. ) ;
#1922 = VECTOR ( 'NONE', #3079, 1000.000000000000000 ) ;
#1923 = LINE ( 'NONE', #1598, #2259 ) ;
#1924 = DIRECTION ( 'NONE',  ( 0.000000000000000000, 0.000000000000000000, 1.000000000000000000 ) ) ;
#1925 = EDGE_LOOP ( 'NONE', ( #963, #169, #1893, #3484, #3729 ) ) ;
#1926 = EDGE_CURVE ( 'NONE', #2007, #2090, #675, .T. ) ;
#1927 = VECTOR ( 'NONE', #715, 1000.000000000000000 ) ;
#1928 = SURFACE_STYLE_FILL_AREA ( #3887 ) ;
#1929 = CARTESIAN_POINT ( 'NONE',  ( 4.571555597977356555, 0.2999999999999999334, -0.8254999999999999005 ) ) ;
#1930 = LINE ( 'NONE', #356, #3257 ) ;
#1931 = AXIS2_PLACEMENT_3D ( 'NONE', #2953, #1667, #2637 ) ;
#1932 = DIRECTION ( 'NONE',  ( -0.000000000000000000, -0.000000000000000000, -1.000000000000000000 ) ) ;
#1933 = VECTOR ( 'NONE', #3497, 1000.000000000000000 ) ;
#1934 = CARTESIAN_POINT ( 'NONE',  ( -2.128980829383888551, 3.606999999999999762, -2.234841230200649065 ) ) ;
#1935 = DIRECTION ( 'NONE',  ( -0.000000000000000000, 1.000000000000000000, -0.000000000000000000 ) ) ;
#1936 = LINE ( 'NONE', #3204, #398 ) ;
#1937 = EDGE_LOOP ( 'NONE', ( #1370, #945, #1529, #828 ) ) ;
#1938 = ORIENTED_EDGE ( 'NONE', *, *, #232, .T. ) ;
#1939 = LINE ( 'NONE', #725, #1747 ) ;
#1940 = DIRECTION ( 'NONE',  ( -0.3420201433256691570, -0.9396926207859083169, 0.000000000000000000 ) ) ;
#1941 = DIRECTION ( 'NONE',  ( -0.000000000000000000, -0.000000000000000000, -1.000000000000000000 ) ) ;
#1942 = VERTEX_POINT ( 'NONE', #2190 ) ;
#1943 = AXIS2_PLACEMENT_3D ( 'NONE', #2778, #3157, #2867 ) ;
#1944 = ORIENTED_EDGE ( 'NONE', *, *, #3356, .F. ) ;
#1945 = FILL_AREA_STYLE_COLOUR ( '', #1208 ) ;
#1946 = DIRECTION ( 'NONE',  ( 1.000000000000000000, 0.000000000000000000, 0.000000000000000000 ) ) ;
#1947 = ORIENTED_EDGE ( 'NONE', *, *, #2170, .F. ) ;
#1948 = FILL_AREA_STYLE ('',( #1357 ) ) ;
#1949 = LINE ( 'NONE', #760, #222 ) ;
#1950 = EDGE_CURVE ( 'NONE', #413, #4013, #2495, .T. ) ;
#1951 = EDGE_CURVE ( 'NONE', #1232, #118, #2792, .T. ) ;
#1952 = DIRECTION ( 'NONE',  ( -1.892729469321525820E-16, 0.1391731009600657432, -0.9902680687415703620 ) ) ;
#1953 = ADVANCED_FACE ( 'NONE', ( #2132 ), #1224, .T. ) ;
#1954 = CARTESIAN_POINT ( 'NONE',  ( -5.750000000000002665, -2.710505431213761085E-17, -0.4445000000000000062 ) ) ;
#1955 = CARTESIAN_POINT ( 'NONE',  ( 5.000000000000000888, -2.960210660448999032E-15, -2.095499999999999918 ) ) ;
#1956 = CARTESIAN_POINT ( 'NONE',  ( 4.999999999999997335, 0.4559410093742238823, 2.095500000000000362 ) ) ;
#1957 = CARTESIAN_POINT ( 'NONE',  ( 4.302998820355127485, 1.780499999999993532, 1.714500000000000357 ) ) ;
#1958 = ORIENTED_EDGE ( 'NONE', *, *, #1166, .F. ) ;
#1959 = EDGE_LOOP ( 'NONE', ( #2981, #1914, #1286, #3627 ) ) ;
#1960 = LINE ( 'NONE', #1074, #2795 ) ;
#1961 = EDGE_CURVE ( 'NONE', #3167, #3214, #853, .T. ) ;
#1962 = PLANE ( 'NONE',  #3595 ) ;
#1963 = DIRECTION ( 'NONE',  ( -6.829619984160684276E-15, -1.000000000000000000, 0.000000000000000000 ) ) ;
#1964 = ORIENTED_EDGE ( 'NONE', *, *, #1760, .T. ) ;
#1965 = AXIS2_PLACEMENT_3D ( 'NONE', #173, #194, #439 ) ;
#1966 = EDGE_LOOP ( 'NONE', ( #541, #3104, #368, #2831 ) ) ;
#1967 = DIRECTION ( 'NONE',  ( -0.000000000000000000, -0.000000000000000000, -1.000000000000000000 ) ) ;
#1968 = ORIENTED_EDGE ( 'NONE', *, *, #2342, .F. ) ;
#1969 = CLOSED_SHELL ( 'NONE', ( #1530, #2447, #2280, #2198, #3495, #1193, #4072, #3599, #3550, #273, #1652, #1473, #463, #838 ) ) ;
#1970 = FACE_OUTER_BOUND ( 'NONE', #337, .T. ) ;
#1971 = AXIS2_PLACEMENT_3D ( 'NONE', #1421, #2737, #2079 ) ;
#1972 = CARTESIAN_POINT ( 'NONE',  ( 4.302998820355126597, 1.780499999999993532, -0.4445000000000000062 ) ) ;
#1973 = EDGE_CURVE ( 'NONE', #2098, #2665, #3786, .T. ) ;
#1974 = CARTESIAN_POINT ( 'NONE',  ( -5.750000000000000888, 0.2539999999999990044, -0.8254999999999999005 ) ) ;
#1975 = LINE ( 'NONE', #1069, #3270 ) ;
#1976 = CARTESIAN_POINT ( 'NONE',  ( -2.128980829383888551, 3.507000000000000117, -1.632313148946297865 ) ) ;
#1977 = DIRECTION ( 'NONE',  ( 1.662443331144440790E-15, -1.000000000000000000, 0.000000000000000000 ) ) ;
#1978 = EDGE_LOOP ( 'NONE', ( #221, #2041, #1339, #2534 ) ) ;
#1979 = MANIFOLD_SOLID_BREP ( 'Boss-Extrude4[2]', #247 ) ;
#1980 = ORIENTED_EDGE ( 'NONE', *, *, #2582, .F. ) ;
#1981 = CARTESIAN_POINT ( 'NONE',  ( 3.403500000000000636, 2.080500000000000682, 1.714500000000000357 ) ) ;
#1982 = DIRECTION ( 'NONE',  ( 0.9396926207859083169, -0.3420201433256690460, 0.000000000000000000 ) ) ;
#1983 = LINE ( 'NONE', #1056, #2774 ) ;
#1984 = VERTEX_POINT ( 'NONE', #2564 ) ;
#1985 = AXIS2_PLACEMENT_3D ( 'NONE', #3902, #1353, #105 ) ;
#1986 = ORIENTED_EDGE ( 'NONE', *, *, #3143, .F. ) ;
#1987 = AXIS2_PLACEMENT_3D ( 'NONE', #3102, #2785, #3743 ) ;
#1988 = ORIENTED_EDGE ( 'NONE', *, *, #4101, .F. ) ;
#1989 = AXIS2_PLACEMENT_3D ( 'NONE', #3434, #586, #1523 ) ;
#1990 = LINE ( 'NONE', #60, #878 ) ;
#1991 = DIRECTION ( 'NONE',  ( 0.000000000000000000, 0.000000000000000000, 1.000000000000000000 ) ) ;
#1992 = CARTESIAN_POINT ( 'NONE',  ( -3.874554418332485373, 1.624558990625769139, -2.095499999999999918 ) ) ;
#1993 = VECTOR ( 'NONE', #3776, 1000.000000000000000 ) ;
#1994 = DIRECTION ( 'NONE',  ( 0.000000000000000000, -0.000000000000000000, 1.000000000000000000 ) ) ;
#1995 = CARTESIAN_POINT ( 'NONE',  ( -3.874554418332484929, 1.624558990625769139, -0.8254999999999999005 ) ) ;
#1996 = ORIENTED_EDGE ( 'NONE', *, *, #1961, .F. ) ;
#1997 = ORIENTED_EDGE ( 'NONE', *, *, #3245, .F. ) ;
#1998 = COLOUR_RGB ( '',0.2509803921568627416, 0.2509803921568627416, 0.2509803921568627416 ) ;
#1999 = STYLED_ITEM ( 'NONE', ( #1371 ), #2050 ) ;
#2000 = ORIENTED_EDGE ( 'NONE', *, *, #3077, .F. ) ;
#2001 = CARTESIAN_POINT ( 'NONE',  ( -2.128980829383888551, 3.606999999999999762, -1.933577189573473465 ) ) ;
#2002 = CARTESIAN_POINT ( 'NONE',  ( -5.000000000000001776, -2.960210660448999032E-15, 0.8255000000000000115 ) ) ;
#2003 = DIRECTION ( 'NONE',  ( -0.000000000000000000, -0.000000000000000000, -1.000000000000000000 ) ) ;
#2004 = EDGE_CURVE ( 'NONE', #83, #746, #264, .T. ) ;
#2005 = ORIENTED_EDGE ( 'NONE', *, *, #3728, .T. ) ;
#2006 = EDGE_CURVE ( 'NONE', #1318, #1198, #14, .T. ) ;
#2007 = VERTEX_POINT ( 'NONE', #82 ) ;
#2008 = AXIS2_PLACEMENT_3D ( 'NONE', #1458, #3987, #1149 ) ;
#2009 = LINE ( 'NONE', #186, #1806 ) ;
#2011 = VECTOR ( 'NONE', #2117, 1000.000000000000000 ) ;
#2010 = CARTESIAN_POINT ( 'NONE',  ( 3.874554418332484040, 1.624558990625769139, -0.4445000000000000062 ) ) ;
#2012 = EDGE_LOOP ( 'NONE', ( #814, #1860, #2926, #4059 ) ) ;
#2013 = FACE_OUTER_BOUND ( 'NONE', #1500, .T. ) ;
#2014 = DIRECTION ( 'NONE',  ( 1.000000000000000000, 3.910807474849149088E-15, 0.000000000000000000 ) ) ;
#2015 = CARTESIAN_POINT ( 'NONE',  ( -3.403500000000001080, 2.080500000000000238, -0.4445000000000000062 ) ) ;
#2016 = CARTESIAN_POINT ( 'NONE',  ( -5.000000000000000888, 0.2539999999999951741, -0.8254999999999999005 ) ) ;
#2017 = ORIENTED_EDGE ( 'NONE', *, *, #3813, .T. ) ;
#2018 = PRESENTATION_STYLE_ASSIGNMENT (( #3332 ) ) ;
#2019 = ORIENTED_EDGE ( 'NONE', *, *, #2499, .T. ) ;
#2020 = DIRECTION ( 'NONE',  ( -0.000000000000000000, -0.000000000000000000, -1.000000000000000000 ) ) ;
#2021 = CARTESIAN_POINT ( 'NONE',  ( -5.000000000000000888, 0.2539999999999961178, -0.4445000000000000062 ) ) ;
#2022 = LINE ( 'NONE', #3918, #1664 ) ;
#2023 = EDGE_LOOP ( 'NONE', ( #3816, #584, #1763, #2963 ) ) ;
#2024 = EDGE_CURVE ( 'NONE', #2087, #2803, #3861, .T. ) ;
#2025 = ADVANCED_FACE ( 'NONE', ( #3835 ), #641, .F. ) ;
#2026 = EDGE_LOOP ( 'NONE', ( #1888, #2489, #1996, #3232 ) ) ;
#2027 = CARTESIAN_POINT ( 'NONE',  ( -4.999999999999998224, 0.4559410093742238823, -2.095499999999999918 ) ) ;
#2028 = CARTESIAN_POINT ( 'NONE',  ( 3.874554418332484040, 1.624558990625769139, -0.8254999999999999005 ) ) ;
#2029 = ORIENTED_EDGE ( 'NONE', *, *, #74, .T. ) ;
#2030 = CARTESIAN_POINT ( 'NONE',  ( -4.999999999999998224, 0.4559410093742238823, -1.714499999999999913 ) ) ;
#2031 = FACE_OUTER_BOUND ( 'NONE', #3608, .T. ) ;
#2032 = MANIFOLD_SOLID_BREP ( 'LPattern1[3]', #1969 ) ;
#2033 = FACE_OUTER_BOUND ( 'NONE', #3212, .T. ) ;
#2034 = FACE_OUTER_BOUND ( 'NONE', #3272, .T. ) ;
#2035 = EDGE_CURVE ( 'NONE', #3203, #3277, #1923, .T. ) ;
#2036 = ORIENTED_EDGE ( 'NONE', *, *, #2498, .F. ) ;
#2037 = ORIENTED_EDGE ( 'NONE', *, *, #2354, .T. ) ;
#2038 = DIRECTION ( 'NONE',  ( -0.3420201433256689905, -0.9396926207859083169, 0.000000000000000000 ) ) ;
#2039 = DIRECTION ( 'NONE',  ( -3.682639220575972949E-15, -1.000000000000000000, 0.000000000000000000 ) ) ;
#2040 = CYLINDRICAL_SURFACE ( 'NONE', #3109, 0.2019410093742285695 ) ;
#2041 = ORIENTED_EDGE ( 'NONE', *, *, #2555, .F. ) ;
#2042 = EDGE_LOOP ( 'NONE', ( #3331, #681, #1, #1841 ) ) ;
#2043 = CARTESIAN_POINT ( 'NONE',  ( 3.874554418332484484, 1.624558990625769139, 2.095500000000000362 ) ) ;
#2044 = ORIENTED_EDGE ( 'NONE', *, *, #1495, .F. ) ;
#2045 = EDGE_CURVE ( 'NONE', #2115, #1439, #2387, .T. ) ;
#2046 = AXIS2_PLACEMENT_3D ( 'NONE', #1362, #3349, #3963 ) ;
#2047 = AXIS2_PLACEMENT_3D ( 'NONE', #570, #3763, #2515 ) ;
#2048 = CARTESIAN_POINT ( 'NONE',  ( 3.874554418332484040, 1.826499999999998902, -0.4445000000000000062 ) ) ;
#2049 = CARTESIAN_POINT ( 'NONE',  ( 3.403500000000000192, 2.080500000000000682, 0.4445000000000002283 ) ) ;
#2050 = MANIFOLD_SOLID_BREP ( 'LPattern1[6]', #3030 ) ;
#2051 = AXIS2_PLACEMENT_3D ( 'NONE', #656, #750, #2274 ) ;
#2052 = EDGE_CURVE ( 'NONE', #3360, #1232, #348, .T. ) ;
#2053 = LINE ( 'NONE', #3616, #2295 ) ;
#2054 = PLANE ( 'NONE',  #2200 ) ;
#2055 = AXIS2_PLACEMENT_3D ( 'NONE', #4051, #1174, #885 ) ;
#2056 = ORIENTED_EDGE ( 'NONE', *, *, #2354, .F. ) ;
#2057 =( LENGTH_UNIT ( ) NAMED_UNIT ( * ) SI_UNIT ( .MILLI., .METRE. ) );
#2058 = CIRCLE ( 'NONE', #3924, 0.4559410093742288783 ) ;
#2059 = EDGE_LOOP ( 'NONE', ( #777, #2476, #1794, #1804, #1820, #3205, #3721, #1297, #1678, #994, #1175, #4014 ) ) ;
#2060 = STYLED_ITEM ( 'NONE', ( #1510 ), #1979 ) ;
#2061 = LINE ( 'NONE', #807, #2799 ) ;
#2062 = CARTESIAN_POINT ( 'NONE',  ( -3.403500000000001080, 1.826500000000000457, 0.8255000000000000115 ) ) ;
#2063 = ORIENTED_EDGE ( 'NONE', *, *, #744, .F. ) ;
#2064 = AXIS2_PLACEMENT_3D ( 'NONE', #906, #2807, #3437 ) ;
#2065 = STYLED_ITEM ( 'NONE', ( #86 ), #558 ) ;
#2066 = ORIENTED_EDGE ( 'NONE', *, *, #3093, .F. ) ;
#2067 = VECTOR ( 'NONE', #3545, 1000.000000000000000 ) ;
#2068 = DIRECTION ( 'NONE',  ( -1.000000000000000000, 0.000000000000000000, 0.000000000000000000 ) ) ;
#2069 = CARTESIAN_POINT ( 'NONE',  ( 3.874554418332484040, 2.080499999999998906, -0.8254999999999999005 ) ) ;
#2070 = ORIENTED_EDGE ( 'NONE', *, *, #3875, .T. ) ;
#2071 = AXIS2_PLACEMENT_3D ( 'NONE', #3154, #293, #2817 ) ;
#2072 = CIRCLE ( 'NONE', #952, 0.2019410093742285695 ) ;
#2073 = CARTESIAN_POINT ( 'NONE',  ( -5.000000000000000888, 0.2539999999999961178, -1.714499999999999913 ) ) ;
#2074 = CARTESIAN_POINT ( 'NONE',  ( 4.999999999999999112, 0.2539999999999969504, -0.8254999999999999005 ) ) ;
#2075 = LINE ( 'NONE', #3029, #811 ) ;
#2076 = AXIS2_PLACEMENT_3D ( 'NONE', #1173, #1817, #2388 ) ;
#2077 = ADVANCED_FACE ( 'NONE', ( #2878 ), #36, .T. ) ;
#2078 = EDGE_CURVE ( 'NONE', #2803, #3894, #215, .T. ) ;
#2079 = DIRECTION ( 'NONE',  ( -1.000000000000000000, 0.000000000000000000, 0.000000000000000000 ) ) ;
#2080 = CARTESIAN_POINT ( 'NONE',  ( -3.874554418332484929, 1.624558990625769139, 0.4445000000000002283 ) ) ;
#2081 = EDGE_CURVE ( 'NONE', #3277, #771, #2965, .T. ) ;
#2082 = ORIENTED_EDGE ( 'NONE', *, *, #892, .F. ) ;
#2083 = ORIENTED_EDGE ( 'NONE', *, *, #3409, .F. ) ;
#2084 = LINE ( 'NONE', #462, #4062 ) ;
#2085 = DIRECTION ( 'NONE',  ( 1.000000000000000000, 3.222309318003977021E-15, -0.000000000000000000 ) ) ;
#2086 = ORIENTED_EDGE ( 'NONE', *, *, #1499, .T. ) ;
#2087 = VERTEX_POINT ( 'NONE', #1449 ) ;
#2088 = DIRECTION ( 'NONE',  ( -6.829619984160704786E-15, 1.000000000000000000, -0.000000000000000000 ) ) ;
#2089 =( NAMED_UNIT ( * ) SI_UNIT ( $, .STERADIAN. ) SOLID_ANGLE_UNIT ( ) );
#2090 = VERTEX_POINT ( 'NONE', #1060 ) ;
#2091 = DIRECTION ( 'NONE',  ( -0.000000000000000000, -0.000000000000000000, -1.000000000000000000 ) ) ;
#2092 = CARTESIAN_POINT ( 'NONE',  ( -4.064316894675506830, 1.693626883595273247, 2.095500000000000362 ) ) ;
#2093 = CARTESIAN_POINT ( 'NONE',  ( -4.302998820355127485, 1.780499999999992422, -0.4445000000000000062 ) ) ;
#2094 = DIRECTION ( 'NONE',  ( -1.000000000000000000, -0.000000000000000000, 1.911330405439408505E-16 ) ) ;
#2095 = DIRECTION ( 'NONE',  ( -0.9396926207859086499, -0.3420201433256681023, 0.000000000000000000 ) ) ;
#2096 = VERTEX_POINT ( 'NONE', #1102 ) ;
#2097 = EDGE_CURVE ( 'NONE', #3371, #1759, #2009, .T. ) ;
#2098 = VERTEX_POINT ( 'NONE', #3943 ) ;
#2099 = CARTESIAN_POINT ( 'NONE',  ( -3.403500000000000636, 1.826500000000000457, 1.714500000000000357 ) ) ;
#2100 = ADVANCED_FACE ( 'NONE', ( #2692 ), #2339, .F. ) ;
#2101 = DIRECTION ( 'NONE',  ( -0.000000000000000000, -0.000000000000000000, -1.000000000000000000 ) ) ;
#2102 = AXIS2_PLACEMENT_3D ( 'NONE', #3596, #763, #3949 ) ;
#2103 = ORIENTED_EDGE ( 'NONE', *, *, #1758, .T. ) ;
#2104 = VERTEX_POINT ( 'NONE', #1431 ) ;
#2105 = DIRECTION ( 'NONE',  ( -1.000000000000000000, 3.830847676115450052E-15, 0.000000000000000000 ) ) ;
#2106 = DIRECTION ( 'NONE',  ( 0.000000000000000000, 0.000000000000000000, 1.000000000000000000 ) ) ;
#2107 = ORIENTED_EDGE ( 'NONE', *, *, #3607, .F. ) ;
#2108 = CARTESIAN_POINT ( 'NONE',  ( 4.302998820355127485, 1.780499999999993532, 0.4445000000000002283 ) ) ;
#2109 = FILL_AREA_STYLE_COLOUR ( '', #3058 ) ;
#2110 = LINE ( 'NONE', #2935, #2660 ) ;
#2111 = VECTOR ( 'NONE', #1559, 1000.000000000000000 ) ;
#2112 = DIRECTION ( 'NONE',  ( -0.000000000000000000, -1.000000000000000000, -0.000000000000000000 ) ) ;
#2113 = LINE ( 'NONE', #457, #1618 ) ;
#2114 = CARTESIAN_POINT ( 'NONE',  ( 3.403500000000000192, 2.080500000000000682, -0.4445000000000000062 ) ) ;
#2115 = VERTEX_POINT ( 'NONE', #1721 ) ;
#2116 = ORIENTED_EDGE ( 'NONE', *, *, #1156, .T. ) ;
#2117 = DIRECTION ( 'NONE',  ( -0.000000000000000000, -0.000000000000000000, -1.000000000000000000 ) ) ;
#2118 = EDGE_CURVE ( 'NONE', #2353, #3021, #1137, .T. ) ;
#2119 = FACE_OUTER_BOUND ( 'NONE', #2120, .T. ) ;
#2120 = EDGE_LOOP ( 'NONE', ( #3580, #3080, #3132, #1252, #2914, #3770, #3288, #2199, #3644, #1774, #871, #3579 ) ) ;
#2121 = AXIS2_PLACEMENT_3D ( 'NONE', #1911, #3179, #1003 ) ;
#2122 = ORIENTED_EDGE ( 'NONE', *, *, #58, .T. ) ;
#2123 = EDGE_CURVE ( 'NONE', #1110, #2104, #1389, .T. ) ;
#2124 = EDGE_CURVE ( 'NONE', #3961, #159, #1414, .T. ) ;
#2125 = DIRECTION ( 'NONE',  ( 1.000000000000000000, 3.222309318003977021E-15, -0.000000000000000000 ) ) ;
#2126 = CARTESIAN_POINT ( 'NONE',  ( -5.000000000000000000, 0.2539999999999951741, 2.095500000000000362 ) ) ;
#2127 = EDGE_CURVE ( 'NONE', #3382, #831, #1741, .T. ) ;
#2128 = ORIENTED_EDGE ( 'NONE', *, *, #323, .T. ) ;
#2129 = AXIS2_PLACEMENT_3D ( 'NONE', #3238, #3594, #1690 ) ;
#2130 = COLOUR_RGB ( '',0.7921568627450980005, 0.8196078431372548767, 0.9333333333333333481 ) ;
#2131 = DIRECTION ( 'NONE',  ( 1.000000000000000000, 0.000000000000000000, 0.000000000000000000 ) ) ;
#2132 = FACE_OUTER_BOUND ( 'NONE', #2221, .T. ) ;
#2133 = CARTESIAN_POINT ( 'NONE',  ( -4.064316894675507719, 1.693626883595273247, -2.095499999999999918 ) ) ;
#2134 = DIRECTION ( 'NONE',  ( -0.000000000000000000, 0.000000000000000000, -1.000000000000000000 ) ) ;
#2135 = DIRECTION ( 'NONE',  ( 0.000000000000000000, 0.000000000000000000, 1.000000000000000000 ) ) ;
#2136 = CARTESIAN_POINT ( 'NONE',  ( -3.403500000000000192, 2.080500000000000238, -2.925000000000000711 ) ) ;
#2137 = CIRCLE ( 'NONE', #761, 0.3012640406271755444 ) ;
#2138 = PRESENTATION_LAYER_ASSIGNMENT (  '', '', ( #939 ) ) ;
#2139 = CARTESIAN_POINT ( 'NONE',  ( 3.403500000000000192, 1.826500000000000457, -0.4445000000000000062 ) ) ;
#2140 = DIRECTION ( 'NONE',  ( -0.000000000000000000, 1.000000000000000000, -0.000000000000000000 ) ) ;
#2141 = LINE ( 'NONE', #297, #1330 ) ;
#2142 = ORIENTED_EDGE ( 'NONE', *, *, #1800, .T. ) ;
#2143 = EDGE_LOOP ( 'NONE', ( #299, #253, #2898, #166 ) ) ;
#2144 = DIRECTION ( 'NONE',  ( -0.000000000000000000, -0.000000000000000000, -1.000000000000000000 ) ) ;
#2145 = PLANE ( 'NONE',  #1660 ) ;
#2146 = ORIENTED_EDGE ( 'NONE', *, *, #605, .F. ) ;
#2147 = EDGE_CURVE ( 'NONE', #1557, #347, #3316, .T. ) ;
#2148 = EDGE_CURVE ( 'NONE', #1432, #2268, #3334, .T. ) ;
#2149 = LINE ( 'NONE', #31, #753 ) ;
#2150 = CARTESIAN_POINT ( 'NONE',  ( 3.403500000000000192, 2.080500000000000682, -0.4445000000000000062 ) ) ;
#2151 = DIRECTION ( 'NONE',  ( -0.000000000000000000, 1.000000000000000000, -0.000000000000000000 ) ) ;
#2152 = DIRECTION ( 'NONE',  ( 0.000000000000000000, 1.000000000000000000, 0.000000000000000000 ) ) ;
#2153 = DIRECTION ( 'NONE',  ( -1.000000000000000000, -4.603299025719962440E-15, 0.000000000000000000 ) ) ;
#2154 = DIRECTION ( 'NONE',  ( 1.000000000000000000, -3.830847676115450841E-15, 0.000000000000000000 ) ) ;
#2155 = ORIENTED_EDGE ( 'NONE', *, *, #2782, .T. ) ;
#2156 = CARTESIAN_POINT ( 'NONE',  ( 5.000000000000000000, 0.2539999999999954516, 2.095500000000000362 ) ) ;
#2157 = CARTESIAN_POINT ( 'NONE',  ( 0.000000000000000000, 3.606999999999999762, 0.000000000000000000 ) ) ;
#2158 = ORIENTED_EDGE ( 'NONE', *, *, #1495, .T. ) ;
#2159 = ORIENTED_EDGE ( 'NONE', *, *, #3165, .F. ) ;
#2160 = EDGE_CURVE ( 'NONE', #698, #413, #2331, .T. ) ;
#2161 = CLOSED_SHELL ( 'NONE', ( #2464, #2300, #1045, #2922, #4026, #2307, #3427, #1098, #1745, #1782, #2524, #2025, #2814, #2175 ) ) ;
#2162 = PLANE ( 'NONE',  #2790 ) ;
#2163 = CARTESIAN_POINT ( 'NONE',  ( -3.403500000000001080, 2.080500000000000238, 0.8255000000000000115 ) ) ;
#2164 = VERTEX_POINT ( 'NONE', #1118 ) ;
#2165 = EDGE_LOOP ( 'NONE', ( #1696, #2975, #1103, #1237 ) ) ;
#2166 = CARTESIAN_POINT ( 'NONE',  ( -4.999999999999998224, 0.4559410093742238823, -1.714499999999999913 ) ) ;
#2167 =( NAMED_UNIT ( * ) PLANE_ANGLE_UNIT ( ) SI_UNIT ( $, .RADIAN. ) );
#2168 = DIRECTION ( 'NONE',  ( -1.000000000000000000, 0.000000000000000000, 0.000000000000000000 ) ) ;
#2169 = EDGE_CURVE ( 'NONE', #859, #1906, #448, .T. ) ;
#2170 = EDGE_CURVE ( 'NONE', #825, #471, #609, .T. ) ;
#2171 = LINE ( 'NONE', #4042, #3397 ) ;
#2172 = PLANE ( 'NONE',  #4060 ) ;
#2173 = EDGE_CURVE ( 'NONE', #542, #2873, #3959, .T. ) ;
#2174 = DIRECTION ( 'NONE',  ( -0.000000000000000000, 1.000000000000000000, -0.000000000000000000 ) ) ;
#2175 = ADVANCED_FACE ( 'NONE', ( #206 ), #493, .T. ) ;
#2176 = PRESENTATION_LAYER_ASSIGNMENT (  '', '', ( #589 ) ) ;
#2177 = VERTEX_POINT ( 'NONE', #3343 ) ;
#2178 = FACE_OUTER_BOUND ( 'NONE', #1092, .T. ) ;
#2179 = AXIS2_PLACEMENT_3D ( 'NONE', #3231, #2003, #407 ) ;
#2180 = CARTESIAN_POINT ( 'NONE',  ( -5.000000000000000000, 0.2539999999999951741, 0.8255000000000000115 ) ) ;
#2181 = ORIENTED_EDGE ( 'NONE', *, *, #300, .F. ) ;
#2182 = VECTOR ( 'NONE', #2909, 1000.000000000000000 ) ;
#2183 = ORIENTED_EDGE ( 'NONE', *, *, #895, .T. ) ;
#2184 = PLANE ( 'NONE',  #682 ) ;
#2185 = CARTESIAN_POINT ( 'NONE',  ( -4.571555597977358332, 0.2999999999999999334, -1.714499999999999913 ) ) ;
#2186 = ORIENTED_EDGE ( 'NONE', *, *, #3991, .T. ) ;
#2187 = AXIS2_PLACEMENT_3D ( 'NONE', #1892, #312, #2232 ) ;
#2188 = ORIENTED_EDGE ( 'NONE', *, *, #1920, .F. ) ;
#2189 = VECTOR ( 'NONE', #3011, 1000.000000000000000 ) ;
#2190 = CARTESIAN_POINT ( 'NONE',  ( -3.874554418332484484, 1.826499999999998902, 2.095500000000000362 ) ) ;
#2191 = DIRECTION ( 'NONE',  ( -6.829619984160704786E-15, 1.000000000000000000, -0.000000000000000000 ) ) ;
#2192 = VERTEX_POINT ( 'NONE', #1765 ) ;
#2193 = VECTOR ( 'NONE', #2125, 1000.000000000000000 ) ;
#2194 = PLANE ( 'NONE',  #1085 ) ;
#2195 = PLANE ( 'NONE',  #351 ) ;
#2196 = LINE ( 'NONE', #4067, #1465 ) ;
#2197 = EDGE_CURVE ( 'NONE', #1767, #2578, #2394, .T. ) ;
#2198 = ADVANCED_FACE ( 'NONE', ( #3041 ), #3901, .T. ) ;
#2199 = ORIENTED_EDGE ( 'NONE', *, *, #2903, .F. ) ;
#2200 = AXIS2_PLACEMENT_3D ( 'NONE', #3307, #2095, #3635 ) ;
#2201 = CARTESIAN_POINT ( 'NONE',  ( -5.000000000000000000, 0.2539999999999961178, 0.8255000000000000115 ) ) ;
#2202 = AXIS2_PLACEMENT_3D ( 'NONE', #3000, #3953, #1442 ) ;
#2203 = CARTESIAN_POINT ( 'NONE',  ( 4.571555597977356555, 0.2999999999999999334, -1.714499999999999913 ) ) ;
#2204 = FACE_BOUND ( 'NONE', #2497, .T. ) ;
#2205 = VERTEX_POINT ( 'NONE', #2431 ) ;
#2206 = ORIENTED_EDGE ( 'NONE', *, *, #2611, .T. ) ;
#2207 = LINE ( 'NONE', #3809, #1081 ) ;
#2208 = CARTESIAN_POINT ( 'NONE',  ( -3.188964415826797794, 0.3000000000000001554, 2.925000000000001599 ) ) ;
#2209 = ORIENTED_EDGE ( 'NONE', *, *, #116, .T. ) ;
#2210 = ORIENTED_EDGE ( 'NONE', *, *, #2913, .T. ) ;
#2211 = DIRECTION ( 'NONE',  ( 0.000000000000000000, -1.000000000000000000, 0.000000000000000000 ) ) ;
#2212 = ORIENTED_EDGE ( 'NONE', *, *, #1878, .T. ) ;
#2213 = SURFACE_SIDE_STYLE ('',( #1928 ) ) ;
#2214 = CARTESIAN_POINT ( 'NONE',  ( -2.128980829383888551, 3.507000000000000117, -1.933577189573473465 ) ) ;
#2215 = CARTESIAN_POINT ( 'NONE',  ( -4.810237523656977210, 0.3868731164047179427, -0.8254999999999999005 ) ) ;
#2216 = CARTESIAN_POINT ( 'NONE',  ( -4.999999999999997335, 0.4559410093742238823, 1.714500000000000357 ) ) ;
#2217 = DIRECTION ( 'NONE',  ( 0.000000000000000000, -0.9902680687415703620, 0.1391731009600657432 ) ) ;
#2218 = DIRECTION ( 'NONE',  ( -0.3420201433256689905, -0.9396926207859083169, 0.000000000000000000 ) ) ;
#2219 = DIRECTION ( 'NONE',  ( -0.3420201433256681023, 0.9396926207859086499, -0.000000000000000000 ) ) ;
#2220 = ADVANCED_FACE ( 'NONE', ( #2491 ), #2184, .F. ) ;
#2221 = EDGE_LOOP ( 'NONE', ( #523, #2557, #495, #175 ) ) ;
#2222 = ORIENTED_EDGE ( 'NONE', *, *, #301, .T. ) ;
#2223 = CARTESIAN_POINT ( 'NONE',  ( -3.874554418332484929, 1.624558990625769139, -0.4445000000000000062 ) ) ;
#2224 = LINE ( 'NONE', #1321, #1595 ) ;
#2225 = ORIENTED_EDGE ( 'NONE', *, *, #706, .F. ) ;
#2226 = ADVANCED_FACE ( 'NONE', ( #283 ), #224, .T. ) ;
#2227 = EDGE_LOOP ( 'NONE', ( #1345, #3942, #1229, #3764 ) ) ;
#2228 = CARTESIAN_POINT ( 'NONE',  ( -4.064316894675506830, 1.693626883595273247, 0.4445000000000002283 ) ) ;
#2229 = ORIENTED_EDGE ( 'NONE', *, *, #2402, .F. ) ;
#2230 = PLANE ( 'NONE',  #1410 ) ;
#2231 = CARTESIAN_POINT ( 'NONE',  ( -5.000000000000000000, 0.2539999999999961178, 0.8255000000000000115 ) ) ;
#2232 = DIRECTION ( 'NONE',  ( -1.000000000000000000, 3.222309318003976232E-15, 0.000000000000000000 ) ) ;
#2233 = CARTESIAN_POINT ( 'NONE',  ( -5.000000000000001776, -2.960210660448999032E-15, 1.714500000000000357 ) ) ;
#2234 = UNCERTAINTY_MEASURE_WITH_UNIT (LENGTH_MEASURE( 1.000000000000000082E-05 ), #3646, 'distance_accuracy_value', 'NONE');
#2235 = CARTESIAN_POINT ( 'NONE',  ( -3.874554418332484929, 1.624558990625769139, -0.8254999999999999005 ) ) ;
#2236 = DIRECTION ( 'NONE',  ( -6.829619984160704786E-15, 1.000000000000000000, -0.000000000000000000 ) ) ;
#2237 = LINE ( 'NONE', #317, #2182 ) ;
#2238 = ORIENTED_EDGE ( 'NONE', *, *, #1714, .T. ) ;
#2239 = ORIENTED_EDGE ( 'NONE', *, *, #3215, .F. ) ;
#2240 = AXIS2_PLACEMENT_3D ( 'NONE', #2496, #4040, #2168 ) ;
#2241 = EDGE_CURVE ( 'NONE', #1694, #865, #1506, .T. ) ;
#2242 = DIRECTION ( 'NONE',  ( -0.000000000000000000, -0.000000000000000000, -1.000000000000000000 ) ) ;
#2243 = LINE ( 'NONE', #637, #3791 ) ;
#2244 = DIRECTION ( 'NONE',  ( -1.000000000000000000, -1.662443331144440592E-15, -0.000000000000000000 ) ) ;
#2245 = VERTEX_POINT ( 'NONE', #1802 ) ;
#2246 = VECTOR ( 'NONE', #907, 1000.000000000000114 ) ;
#2247 = ADVANCED_FACE ( 'NONE', ( #4074 ), #591, .T. ) ;
#2248 = EDGE_CURVE ( 'NONE', #3881, #3997, #1554, .T. ) ;
#2249 = VERTEX_POINT ( 'NONE', #3458 ) ;
#2250 = VECTOR ( 'NONE', #544, 1000.000000000000000 ) ;
#2251 = EDGE_CURVE ( 'NONE', #2348, #805, #3762, .T. ) ;
#2252 = DIRECTION ( 'NONE',  ( -0.000000000000000000, -1.000000000000000000, -0.000000000000000000 ) ) ;
#2253 = LINE ( 'NONE', #2950, #2372 ) ;
#2254 = ORIENTED_EDGE ( 'NONE', *, *, #661, .F. ) ;
#2255 = AXIS2_PLACEMENT_3D ( 'NONE', #63, #1952, #2931 ) ;
#2256 = DIRECTION ( 'NONE',  ( -1.000000000000000000, -0.000000000000000000, 1.911330405439408998E-16 ) ) ;
#2257 = CARTESIAN_POINT ( 'NONE',  ( -3.188964415826797794, 0.3000000000000001554, 2.710464415826800089 ) ) ;
#2258 = CARTESIAN_POINT ( 'NONE',  ( -4.810237523656977210, 0.3868731164047179427, -2.095499999999999918 ) ) ;
#2259 = VECTOR ( 'NONE', #2542, 1000.000000000000000 ) ;
#2260 = EDGE_CURVE ( 'NONE', #2948, #1403, #550, .T. ) ;
#2261 = AXIS2_PLACEMENT_3D ( 'NONE', #2376, #3283, #190 ) ;
#2262 = ADVANCED_FACE ( 'NONE', ( #3064 ), #3082, .F. ) ;
#2263 = DIRECTION ( 'NONE',  ( 0.9396926207859083169, -0.3420201433256690460, 0.000000000000000000 ) ) ;
#2264 = AXIS2_PLACEMENT_3D ( 'NONE', #774, #3008, #2676 ) ;
#2265 = CARTESIAN_POINT ( 'NONE',  ( -5.750000000000000000, 0.2539999999999990044, 0.8255000000000000115 ) ) ;
#2266 = CARTESIAN_POINT ( 'NONE',  ( 5.749999999999999112, 0.2539999999999982272, -2.095499999999999918 ) ) ;
#2267 = LINE ( 'NONE', #3226, #806 ) ;
#2268 = VERTEX_POINT ( 'NONE', #3999 ) ;
#2269 = VECTOR ( 'NONE', #62, 1000.000000000000000 ) ;
#2270 = AXIS2_PLACEMENT_3D ( 'NONE', #384, #1342, #2893 ) ;
#2271 = VERTEX_POINT ( 'NONE', #3704 ) ;
#2272 = DIRECTION ( 'NONE',  ( -1.000000000000000000, 3.682639220575973738E-15, -0.000000000000000000 ) ) ;
#2273 = CARTESIAN_POINT ( 'NONE',  ( 5.750000000000000888, -2.710505431213761085E-17, -0.8254999999999999005 ) ) ;
#2274 = DIRECTION ( 'NONE',  ( -1.000000000000000000, 0.000000000000000000, 0.000000000000000000 ) ) ;
#2275 = EDGE_LOOP ( 'NONE', ( #2726, #2083, #4092, #403 ) ) ;
#2276 = CIRCLE ( 'NONE', #827, 0.4559410093742302106 ) ;
#2277 = VERTEX_POINT ( 'NONE', #615 ) ;
#2278 = FILL_AREA_STYLE ('',( #1019 ) ) ;
#2279 = ORIENTED_EDGE ( 'NONE', *, *, #455, .F. ) ;
#2280 = ADVANCED_FACE ( 'NONE', ( #1882 ), #2162, .F. ) ;
#2281 = EDGE_CURVE ( 'NONE', #3061, #1057, #2747, .T. ) ;
#2282 = FILL_AREA_STYLE_COLOUR ( '', #341 ) ;
#2283 = DIRECTION ( 'NONE',  ( -0.1378445374916289490, -0.9808148484639890308, -0.1378445374916288657 ) ) ;
#2284 = DIRECTION ( 'NONE',  ( -1.000000000000000000, 0.000000000000000000, 0.000000000000000000 ) ) ;
#2285 = CARTESIAN_POINT ( 'NONE',  ( 3.403500000000000192, 1.826500000000000457, 0.4445000000000002283 ) ) ;
#2286 = LINE ( 'NONE', #1693, #546 ) ;
#2287 = CARTESIAN_POINT ( 'NONE',  ( 3.403499999999999304, 2.080500000000000238, -2.925000000000001599 ) ) ;
#2288 = CARTESIAN_POINT ( 'NONE',  ( -2.128980829383888551, 3.606999999999999762, -1.632313148946297865 ) ) ;
#2289 = VERTEX_POINT ( 'NONE', #3686 ) ;
#2290 = ORIENTED_EDGE ( 'NONE', *, *, #1727, .F. ) ;
#2291 = CARTESIAN_POINT ( 'NONE',  ( 4.302998820355126597, 1.780499999999993532, -1.714499999999999913 ) ) ;
#2292 = PLANE ( 'NONE',  #85 ) ;
#2293 = LINE ( 'NONE', #704, #1395 ) ;
#2294 = ORIENTED_EDGE ( 'NONE', *, *, #2078, .F. ) ;
#2295 = VECTOR ( 'NONE', #1710, 1000.000000000000114 ) ;
#2296 = ORIENTED_EDGE ( 'NONE', *, *, #3040, .F. ) ;
#2297 = CARTESIAN_POINT ( 'NONE',  ( -4.810237523656977210, 0.3868731164047179427, -1.714499999999999913 ) ) ;
#2298 = DIRECTION ( 'NONE',  ( 1.000000000000000000, 3.910807474849149088E-15, 0.000000000000000000 ) ) ;
#2299 = ORIENTED_EDGE ( 'NONE', *, *, #2765, .T. ) ;
#2300 = ADVANCED_FACE ( 'NONE', ( #4015 ), #2451, .F. ) ;
#2301 = CARTESIAN_POINT ( 'NONE',  ( -3.403500000000001080, 1.826500000000000457, 0.8255000000000000115 ) ) ;
#2302 = AXIS2_PLACEMENT_3D ( 'NONE', #1437, #1148, #1457 ) ;
#2303 = CARTESIAN_POINT ( 'NONE',  ( 0.000000000000000000, 0.3000000000000001554, 0.000000000000000000 ) ) ;
#2304 = EDGE_CURVE ( 'NONE', #4095, #812, #569, .T. ) ;
#2305 = DIRECTION ( 'NONE',  ( 1.000000000000000000, -0.000000000000000000, -1.911330405439408998E-16 ) ) ;
#2306 = DIRECTION ( 'NONE',  ( -1.000000000000000000, 0.000000000000000000, 0.000000000000000000 ) ) ;
#2307 = ADVANCED_FACE ( 'NONE', ( #258 ), #1526, .F. ) ;
#2308 = ORIENTED_EDGE ( 'NONE', *, *, #3117, .F. ) ;
#2309 = VERTEX_POINT ( 'NONE', #3742 ) ;
#2310 = VERTEX_POINT ( 'NONE', #3788 ) ;
#2311 = CARTESIAN_POINT ( 'NONE',  ( 4.999999999999999112, 0.2539999999999954516, -1.714499999999999913 ) ) ;
#2312 = DIRECTION ( 'NONE',  ( 3.222309318003976232E-15, 1.000000000000000000, -0.000000000000000000 ) ) ;
#2313 = FACE_OUTER_BOUND ( 'NONE', #2826, .T. ) ;
#2314 = ORIENTED_EDGE ( 'NONE', *, *, #3300, .F. ) ;
#2315 = VECTOR ( 'NONE', #2835, 1000.000000000000000 ) ;
#2316 = ORIENTED_EDGE ( 'NONE', *, *, #1105, .T. ) ;
#2317 = DIRECTION ( 'NONE',  ( -0.000000000000000000, -0.000000000000000000, -1.000000000000000000 ) ) ;
#2318 = DIRECTION ( 'NONE',  ( -0.000000000000000000, -0.000000000000000000, -1.000000000000000000 ) ) ;
#2319 = AXIS2_PLACEMENT_3D ( 'NONE', #3163, #1573, #284 ) ;
#2320 = ORIENTED_EDGE ( 'NONE', *, *, #1141, .T. ) ;
#2321 = FACE_OUTER_BOUND ( 'NONE', #1365, .T. ) ;
#2322 = CARTESIAN_POINT ( 'NONE',  ( 3.403499999999999748, 2.080500000000000682, -1.714499999999999913 ) ) ;
#2323 = VECTOR ( 'NONE', #2908, 1000.000000000000000 ) ;
#2324 = LINE ( 'NONE', #647, #915 ) ;
#2325 = FACE_OUTER_BOUND ( 'NONE', #3161, .T. ) ;
#2326 =( GEOMETRIC_REPRESENTATION_CONTEXT ( 3 ) GLOBAL_UNCERTAINTY_ASSIGNED_CONTEXT ( ( #3373 ) ) GLOBAL_UNIT_ASSIGNED_CONTEXT ( ( #4039, #2167, #3130 ) ) REPRESENTATION_CONTEXT ( 'NONE', 'WORKASPACE' ) );
#2327 = ORIENTED_EDGE ( 'NONE', *, *, #3908, .F. ) ;
#2328 = AXIS2_PLACEMENT_3D ( 'NONE', #3347, #2970, #1142 ) ;
#2329 = ADVANCED_FACE ( 'NONE', ( #343 ), #2917, .F. ) ;
#2330 = EDGE_CURVE ( 'NONE', #1151, #3436, #2998, .T. ) ;
#2331 = CIRCLE ( 'NONE', #1608, 0.2019410093742298740 ) ;
#2332 = ORIENTED_EDGE ( 'NONE', *, *, #1141, .F. ) ;
#2333 = DIRECTION ( 'NONE',  ( -1.000000000000000000, -4.603299025719962440E-15, 0.000000000000000000 ) ) ;
#2334 = FACE_OUTER_BOUND ( 'NONE', #2227, .T. ) ;
#2335 = LINE ( 'NONE', #2062, #740 ) ;
#2336 = ORIENTED_EDGE ( 'NONE', *, *, #2836, .T. ) ;
#2337 = ORIENTED_EDGE ( 'NONE', *, *, #3958, .T. ) ;
#2338 = AXIS2_PLACEMENT_3D ( 'NONE', #329, #1991, #714 ) ;
#2339 = PLANE ( 'NONE',  #1677 ) ;
#2340 = AXIS2_PLACEMENT_3D ( 'NONE', #1509, #4018, #3441 ) ;
#2341 = ORIENTED_EDGE ( 'NONE', *, *, #2992, .T. ) ;
#2342 = EDGE_CURVE ( 'NONE', #2540, #489, #3852, .T. ) ;
#2343 = DIRECTION ( 'NONE',  ( -1.000000000000000000, 0.000000000000000000, 0.000000000000000000 ) ) ;
#2344 = DIRECTION ( 'NONE',  ( -0.000000000000000000, -1.000000000000000000, -0.000000000000000000 ) ) ;
#2345 = CARTESIAN_POINT ( 'NONE',  ( -5.000000000000000000, 0.2539999999999951741, 0.4445000000000002283 ) ) ;
#2346 = DIRECTION ( 'NONE',  ( 3.910807474849149877E-15, 1.000000000000000000, -0.000000000000000000 ) ) ;
#2347 = VERTEX_POINT ( 'NONE', #1013 ) ;
#2348 = VERTEX_POINT ( 'NONE', #1636 ) ;
#2349 = DIRECTION ( 'NONE',  ( 0.3420201433256691015, 0.9396926207859082059, -0.000000000000000000 ) ) ;
#2350 = EDGE_CURVE ( 'NONE', #831, #2665, #2243, .T. ) ;
#2351 = CARTESIAN_POINT ( 'NONE',  ( -3.874554418332485373, 1.624558990625769139, -1.714499999999999913 ) ) ;
#2352 = DIRECTION ( 'NONE',  ( 1.000000000000000000, 0.000000000000000000, 0.000000000000000000 ) ) ;
#2353 = VERTEX_POINT ( 'NONE', #655 ) ;
#2354 = EDGE_CURVE ( 'NONE', #832, #1649, #10, .T. ) ;
#2355 = ORIENTED_EDGE ( 'NONE', *, *, #26, .F. ) ;
#2356 = CARTESIAN_POINT ( 'NONE',  ( -3.403500000000001080, 2.080500000000000238, 0.4445000000000002283 ) ) ;
#2357 = CARTESIAN_POINT ( 'NONE',  ( 4.302998820355127485, 1.780499999999993532, 0.8255000000000000115 ) ) ;
#2358 = EDGE_CURVE ( 'NONE', #832, #3989, #3208, .T. ) ;
#2359 = VERTEX_POINT ( 'NONE', #3185 ) ;
#2360 = CYLINDRICAL_SURFACE ( 'NONE', #2787, 0.3012640406271755444 ) ;
#2361 = CARTESIAN_POINT ( 'NONE',  ( -3.874554418332485373, 1.826499999999998902, -1.714499999999999913 ) ) ;
#2362 = DIRECTION ( 'NONE',  ( -0.000000000000000000, -0.000000000000000000, -1.000000000000000000 ) ) ;
#2363 = DIRECTION ( 'NONE',  ( -0.000000000000000000, -1.000000000000000000, -0.000000000000000000 ) ) ;
#2364 = ORIENTED_EDGE ( 'NONE', *, *, #1268, .F. ) ;
#2365 = ORIENTED_EDGE ( 'NONE', *, *, #1651, .F. ) ;
#2366 = CARTESIAN_POINT ( 'NONE',  ( 3.403499999999999748, 2.080500000000000682, -2.095499999999999918 ) ) ;
#2367 = CARTESIAN_POINT ( 'NONE',  ( 4.999999999999996447, 0.4559410093742238823, -0.4445000000000000062 ) ) ;
#2368 = ORIENTED_EDGE ( 'NONE', *, *, #3350, .T. ) ;
#2369 = EDGE_LOOP ( 'NONE', ( #2574, #402, #3103, #1040 ) ) ;
#2370 = DIRECTION ( 'NONE',  ( -0.000000000000000000, -0.000000000000000000, -1.000000000000000000 ) ) ;
#2371 = ORIENTED_EDGE ( 'NONE', *, *, #2118, .F. ) ;
#2372 = VECTOR ( 'NONE', #3191, 1000.000000000000000 ) ;
#2373 = ADVANCED_FACE ( 'NONE', ( #3479 ), #1962, .F. ) ;
#2374 = ADVANCED_FACE ( 'NONE', ( #385 ), #2894, .F. ) ;
#2375 = EDGE_CURVE ( 'NONE', #1151, #118, #703, .T. ) ;
#2376 = CARTESIAN_POINT ( 'NONE',  ( -3.874554418332484484, 1.624558990625769139, 2.095500000000000362 ) ) ;
#2377 = MECHANICAL_DESIGN_GEOMETRIC_PRESENTATION_REPRESENTATION (  '', ( #64 ), #594 ) ;
#2378 = DIRECTION ( 'NONE',  ( 0.000000000000000000, 0.000000000000000000, 1.000000000000000000 ) ) ;
#2379 = LINE ( 'NONE', #2622, #1725 ) ;
#2380 = VECTOR ( 'NONE', #1675, 1000.000000000000000 ) ;
#2381 = CYLINDRICAL_SURFACE ( 'NONE', #2302, 0.4559410093742288783 ) ;
#2382 = PLANE ( 'NONE',  #3339 ) ;
#2383 = ORIENTED_EDGE ( 'NONE', *, *, #1562, .T. ) ;
#2384 = VECTOR ( 'NONE', #1333, 1000.000000000000000 ) ;
#2385 = EDGE_CURVE ( 'NONE', #1633, #2940, #2207, .T. ) ;
#2386 = ORIENTED_EDGE ( 'NONE', *, *, #3640, .F. ) ;
#2387 = CIRCLE ( 'NONE', #2523, 0.4559410093742288783 ) ;
#2388 = DIRECTION ( 'NONE',  ( 0.000000000000000000, 0.000000000000000000, 1.000000000000000000 ) ) ;
#2389 = LINE ( 'NONE', #2703, #2443 ) ;
#2390 = ORIENTED_EDGE ( 'NONE', *, *, #479, .F. ) ;
#2391 = VECTOR ( 'NONE', #2632, 1000.000000000000000 ) ;
#2392 = ORIENTED_EDGE ( 'NONE', *, *, #3934, .F. ) ;
#2393 = AXIS2_PLACEMENT_3D ( 'NONE', #1498, #235, #464 ) ;
#2394 = LINE ( 'NONE', #1784, #3988 ) ;
#2395 = CARTESIAN_POINT ( 'NONE',  ( -4.064316894675507719, 1.693626883595273247, -1.714499999999999913 ) ) ;
#2396 = ORIENTED_EDGE ( 'NONE', *, *, #1624, .T. ) ;
#2397 = AXIS2_PLACEMENT_3D ( 'NONE', #2526, #3753, #958 ) ;
#2398 = VECTOR ( 'NONE', #3749, 1000.000000000000000 ) ;
#2399 = DIRECTION ( 'NONE',  ( 6.829619984160705575E-15, -1.000000000000000000, 0.000000000000000000 ) ) ;
#2400 = CYLINDRICAL_SURFACE ( 'NONE', #1203, 0.2019410093742285695 ) ;
#2401 = LINE ( 'NONE', #2436, #3639 ) ;
#2402 = EDGE_CURVE ( 'NONE', #3565, #2433, #3162, .T. ) ;
#2403 = VECTOR ( 'NONE', #254, 1000.000000000000000 ) ;
#2404 = DIRECTION ( 'NONE',  ( -1.000000000000000000, 0.000000000000000000, 0.000000000000000000 ) ) ;
#2405 = CARTESIAN_POINT ( 'NONE',  ( -2.128980829383888551, 3.507000000000000117, -2.234841230200649065 ) ) ;
#2406 = EDGE_LOOP ( 'NONE', ( #285, #629, #2653, #2155 ) ) ;
#2407 = ORIENTED_EDGE ( 'NONE', *, *, #689, .T. ) ;
#2408 = DIRECTION ( 'NONE',  ( 0.1391731009600657432, -0.9902680687415702510, 0.000000000000000000 ) ) ;
#2409 = CARTESIAN_POINT ( 'NONE',  ( 3.403500000000000636, 2.080500000000000238, 2.925000000000000266 ) ) ;
#2410 = EDGE_LOOP ( 'NONE', ( #3685, #2717, #2724, #3234 ) ) ;
#2411 = EDGE_LOOP ( 'NONE', ( #390, #3952, #2063, #2813, #196, #2332, #1430, #1988, #3345, #364, #2181, #1158 ) ) ;
#2412 = CARTESIAN_POINT ( 'NONE',  ( -3.403500000000001524, 1.826500000000000457, -1.714499999999999913 ) ) ;
#2413 = LINE ( 'NONE', #1083, #2843 ) ;
#2414 = ORIENTED_EDGE ( 'NONE', *, *, #3100, .T. ) ;
#2415 = DIRECTION ( 'NONE',  ( 1.000000000000000000, -3.222309318003977021E-15, 0.000000000000000000 ) ) ;
#2416 = DIRECTION ( 'NONE',  ( -1.000000000000000000, -4.603299025719962440E-15, 0.000000000000000000 ) ) ;
#2417 = LINE ( 'NONE', #2133, #734 ) ;
#2418 = CARTESIAN_POINT ( 'NONE',  ( 4.064316894675506830, 1.693626883595273247, 2.095500000000000362 ) ) ;
#2419 = CARTESIAN_POINT ( 'NONE',  ( -2.128980829383888551, 3.606999999999999762, -1.933577189573473465 ) ) ;
#2420 = CARTESIAN_POINT ( 'NONE',  ( 3.403499999999999304, 1.826500000000000457, -2.925000000000001599 ) ) ;
#2421 = VERTEX_POINT ( 'NONE', #76 ) ;
#2422 = ADVANCED_FACE ( 'NONE', ( #366 ), #1255, .F. ) ;
#2423 = EDGE_CURVE ( 'NONE', #771, #2115, #2607, .T. ) ;
#2424 = AXIS2_PLACEMENT_3D ( 'NONE', #3553, #3240, #1312 ) ;
#2425 = ORIENTED_EDGE ( 'NONE', *, *, #3948, .T. ) ;
#2426 = EDGE_CURVE ( 'NONE', #2271, #1633, #2538, .T. ) ;
#2427 = DIRECTION ( 'NONE',  ( -1.911330405439408505E-16, 0.000000000000000000, -1.000000000000000000 ) ) ;
#2428 = DIRECTION ( 'NONE',  ( 0.000000000000000000, 0.000000000000000000, 1.000000000000000000 ) ) ;
#2429 = VERTEX_POINT ( 'NONE', #2273 ) ;
#2430 = VERTEX_POINT ( 'NONE', #320 ) ;
#2431 = CARTESIAN_POINT ( 'NONE',  ( 4.810237523656975434, 0.3868731164047196636, 2.095500000000000362 ) ) ;
#2432 = CARTESIAN_POINT ( 'NONE',  ( 4.999999999999996447, 0.4559410093742238823, -0.4445000000000000062 ) ) ;
#2433 = VERTEX_POINT ( 'NONE', #1037 ) ;
#2434 = CARTESIAN_POINT ( 'NONE',  ( 4.999999999999996447, 0.4559410093742238823, -2.095499999999999918 ) ) ;
#2435 = DIRECTION ( 'NONE',  ( -0.000000000000000000, -0.000000000000000000, -1.000000000000000000 ) ) ;
#2436 = CARTESIAN_POINT ( 'NONE',  ( 3.403500000000000192, 2.080500000000000682, 0.4445000000000002283 ) ) ;
#2437 = AXIS2_PLACEMENT_3D ( 'NONE', #3710, #3654, #1770 ) ;
#2438 = LINE ( 'NONE', #917, #1436 ) ;
#2439 = DIRECTION ( 'NONE',  ( 0.000000000000000000, 0.000000000000000000, 1.000000000000000000 ) ) ;
#2440 = DIRECTION ( 'NONE',  ( 0.000000000000000000, 0.000000000000000000, 1.000000000000000000 ) ) ;
#2441 = VECTOR ( 'NONE', #2539, 1000.000000000000000 ) ;
#2442 = LINE ( 'NONE', #314, #3301 ) ;
#2443 = VECTOR ( 'NONE', #3312, 1000.000000000000000 ) ;
#2444 = DIRECTION ( 'NONE',  ( -0.000000000000000000, -0.000000000000000000, -1.000000000000000000 ) ) ;
#2445 = ADVANCED_FACE ( 'NONE', ( #1592 ), #2292, .F. ) ;
#2446 = LINE ( 'NONE', #2825, #331 ) ;
#2447 = ADVANCED_FACE ( 'NONE', ( #3251 ), #2961, .F. ) ;
#2448 = VERTEX_POINT ( 'NONE', #3001 ) ;
#2449 = AXIS2_PLACEMENT_3D ( 'NONE', #2136, #2818, #3486 ) ;
#2450 = ORIENTED_EDGE ( 'NONE', *, *, #3775, .F. ) ;
#2451 = CYLINDRICAL_SURFACE ( 'NONE', #941, 0.2019410093742298740 ) ;
#2452 = CARTESIAN_POINT ( 'NONE',  ( -3.403500000000001524, 2.080500000000000238, -1.714499999999999913 ) ) ;
#2453 = ORIENTED_EDGE ( 'NONE', *, *, #230, .F. ) ;
#2454 = AXIS2_PLACEMENT_3D ( 'NONE', #192, #2378, #1164 ) ;
#2455 = VECTOR ( 'NONE', #2256, 1000.000000000000000 ) ;
#2456 = VECTOR ( 'NONE', #3023, 1000.000000000000000 ) ;
#2457 = CARTESIAN_POINT ( 'NONE',  ( -4.999999999999998224, 0.4559410093742238823, -0.4445000000000000062 ) ) ;
#2458 = CARTESIAN_POINT ( 'NONE',  ( 3.403500000000000192, 2.080500000000000682, -0.4445000000000000062 ) ) ;
#2459 = AXIS2_PLACEMENT_3D ( 'NONE', #2166, #1299, #227 ) ;
#2460 = DIRECTION ( 'NONE',  ( -0.3420201433256691570, -0.9396926207859083169, 0.000000000000000000 ) ) ;
#2461 = LINE ( 'NONE', #560, #3531 ) ;
#2462 = DIRECTION ( 'NONE',  ( -0.000000000000000000, -0.000000000000000000, -1.000000000000000000 ) ) ;
#2463 = VECTOR ( 'NONE', #1852, 1000.000000000000000 ) ;
#2464 = ADVANCED_FACE ( 'NONE', ( #857 ), #1717, .F. ) ;
#2465 = DIRECTION ( 'NONE',  ( -0.000000000000000000, -0.000000000000000000, -1.000000000000000000 ) ) ;
#2466 = CARTESIAN_POINT ( 'NONE',  ( -3.874554418332485373, 2.080499999999998018, -0.4445000000000000062 ) ) ;
#2467 = DIRECTION ( 'NONE',  ( 1.000000000000000000, 3.910807474849149088E-15, 0.000000000000000000 ) ) ;
#2468 = ORIENTED_EDGE ( 'NONE', *, *, #3211, .T. ) ;
#2469 = ADVANCED_FACE ( 'NONE', ( #4024 ), #2979, .F. ) ;
#2470 = ORIENTED_EDGE ( 'NONE', *, *, #2694, .T. ) ;
#2471 = DIRECTION ( 'NONE',  ( 6.829619984160705575E-15, -1.000000000000000000, 0.000000000000000000 ) ) ;
#2472 = CARTESIAN_POINT ( 'NONE',  ( -3.403500000000001524, 2.080500000000000238, -1.714499999999999913 ) ) ;
#2473 = ADVANCED_FACE ( 'NONE', ( #1736 ), #100, .F. ) ;
#2474 = ORIENTED_EDGE ( 'NONE', *, *, #3219, .T. ) ;
#2475 = EDGE_CURVE ( 'NONE', #3435, #771, #120, .T. ) ;
#2476 = ORIENTED_EDGE ( 'NONE', *, *, #772, .T. ) ;
#2477 = DIRECTION ( 'NONE',  ( 0.000000000000000000, -0.000000000000000000, 1.000000000000000000 ) ) ;
#2478 = EDGE_CURVE ( 'NONE', #3585, #2873, #3391, .T. ) ;
#2479 = DIRECTION ( 'NONE',  ( -0.3420201433256681023, 0.9396926207859086499, -0.000000000000000000 ) ) ;
#2480 = FACE_OUTER_BOUND ( 'NONE', #1553, .T. ) ;
#2481 = CARTESIAN_POINT ( 'NONE',  ( 3.874554418332483596, 2.080499999999998906, -1.714499999999999913 ) ) ;
#2482 = CARTESIAN_POINT ( 'NONE',  ( 4.302998820355126597, 1.780499999999993532, -0.8254999999999999005 ) ) ;
#2483 = AXIS2_PLACEMENT_3D ( 'NONE', #839, #3657, #3305 ) ;
#2484 = DIRECTION ( 'NONE',  ( 0.3420201433256691015, -0.9396926207859082059, 0.000000000000000000 ) ) ;
#2485 = DIRECTION ( 'NONE',  ( 0.000000000000000000, 0.000000000000000000, 1.000000000000000000 ) ) ;
#2486 = PLANE ( 'NONE',  #3848 ) ;
#2487 = ORIENTED_EDGE ( 'NONE', *, *, #1218, .T. ) ;
#2488 = AXIS2_PLACEMENT_3D ( 'NONE', #3871, #695, #65 ) ;
#2489 = ORIENTED_EDGE ( 'NONE', *, *, #401, .F. ) ;
#2490 = AXIS2_PLACEMENT_3D ( 'NONE', #1729, #155, #1790 ) ;
#2491 = FACE_OUTER_BOUND ( 'NONE', #3620, .T. ) ;
#2492 = DIRECTION ( 'NONE',  ( 1.000000000000000000, 0.000000000000000000, 0.000000000000000000 ) ) ;
#2493 = ORIENTED_EDGE ( 'NONE', *, *, #232, .F. ) ;
#2494 = EDGE_LOOP ( 'NONE', ( #2396, #1997, #3847, #985 ) ) ;
#2495 = LINE ( 'NONE', #4097, #1470 ) ;
#2496 = CARTESIAN_POINT ( 'NONE',  ( 4.999999999999997335, 0.4559410093742238823, 2.095500000000000362 ) ) ;
#2497 = EDGE_LOOP ( 'NONE', ( #2811, #2577 ) ) ;
#2498 = EDGE_CURVE ( 'NONE', #3184, #2347, #2649, .T. ) ;
#2499 = EDGE_CURVE ( 'NONE', #1694, #3894, #1367, .T. ) ;
#2500 = ADVANCED_FACE ( 'NONE', ( #2628 ), #3275, .F. ) ;
#2501 = PLANE ( 'NONE',  #3333 ) ;
#2502 = DIRECTION ( 'NONE',  ( -0.000000000000000000, 0.000000000000000000, -1.000000000000000000 ) ) ;
#2503 = CARTESIAN_POINT ( 'NONE',  ( 3.874554418332483596, 1.826499999999998902, -1.714499999999999913 ) ) ;
#2504 = PRESENTATION_LAYER_ASSIGNMENT (  '', '', ( #1915 ) ) ;
#2505 = DIRECTION ( 'NONE',  ( 0.000000000000000000, 0.000000000000000000, 1.000000000000000000 ) ) ;
#2506 = DIRECTION ( 'NONE',  ( -0.000000000000000000, -0.000000000000000000, -1.000000000000000000 ) ) ;
#2508 = CARTESIAN_POINT ( 'NONE',  ( -2.802207791442874463, 3.606999999999999762, 0.000000000000000000 ) ) ;
#2507 = AXIS2_PLACEMENT_3D ( 'NONE', #3147, #2830, #4016 ) ;
#2509 = CARTESIAN_POINT ( 'NONE',  ( -3.874554418332484484, 1.624558990625769139, 1.714500000000000357 ) ) ;
#2510 = ORIENTED_EDGE ( 'NONE', *, *, #4025, .F. ) ;
#2511 =( GEOMETRIC_REPRESENTATION_CONTEXT ( 3 ) GLOBAL_UNCERTAINTY_ASSIGNED_CONTEXT ( ( #3199 ) ) GLOBAL_UNIT_ASSIGNED_CONTEXT ( ( #2624, #1648, #633 ) ) REPRESENTATION_CONTEXT ( 'NONE', 'WORKASPACE' ) );
#2512 = EDGE_CURVE ( 'NONE', #2578, #3915, #1185, .T. ) ;
#2513 = ORIENTED_EDGE ( 'NONE', *, *, #2124, .T. ) ;
#2514 = CARTESIAN_POINT ( 'NONE',  ( -3.403500000000001080, 2.080500000000000238, 0.4445000000000002283 ) ) ;
#2515 = DIRECTION ( 'NONE',  ( 1.000000000000000000, 0.000000000000000000, 0.000000000000000000 ) ) ;
#2516 = ORIENTED_EDGE ( 'NONE', *, *, #842, .T. ) ;
#2517 = AXIS2_PLACEMENT_3D ( 'NONE', #1956, #3510, #3844 ) ;
#2518 = ORIENTED_EDGE ( 'NONE', *, *, #143, .T. ) ;
#2519 = VECTOR ( 'NONE', #2435, 1000.000000000000000 ) ;
#2520 = CARTESIAN_POINT ( 'NONE',  ( -3.874554418332484929, 1.624558990625769139, -0.4445000000000000062 ) ) ;
#2521 = CYLINDRICAL_SURFACE ( 'NONE', #2240, 0.4559410093742276016 ) ;
#2522 = ORIENTED_EDGE ( 'NONE', *, *, #1550, .F. ) ;
#2523 = AXIS2_PLACEMENT_3D ( 'NONE', #992, #389, #974 ) ;
#2524 = ADVANCED_FACE ( 'NONE', ( #2334 ), #139, .F. ) ;
#2525 = PLANE ( 'NONE',  #151 ) ;
#2526 = CARTESIAN_POINT ( 'NONE',  ( -5.000000000000001776, -2.960210660448999032E-15, 2.095500000000000362 ) ) ;
#2527 = LINE ( 'NONE', #1228, #1135 ) ;
#2528 = ORIENTED_EDGE ( 'NONE', *, *, #2688, .T. ) ;
#2529 = UNCERTAINTY_MEASURE_WITH_UNIT (LENGTH_MEASURE( 1.000000000000000082E-05 ), #3190, 'distance_accuracy_value', 'NONE');
#2530 = AXIS2_PLACEMENT_3D ( 'NONE', #2265, #1049, #3241 ) ;
#2531 = LINE ( 'NONE', #585, #422 ) ;
#2532 = CIRCLE ( 'NONE', #3601, 0.3012640406271755444 ) ;
#2533 = DIRECTION ( 'NONE',  ( 0.3420201433256690460, 0.9396926207859083169, 0.000000000000000000 ) ) ;
#2534 = ORIENTED_EDGE ( 'NONE', *, *, #2426, .T. ) ;
#2535 = PLANE ( 'NONE',  #1856 ) ;
#2536 = ORIENTED_EDGE ( 'NONE', *, *, #776, .T. ) ;
#2537 = VERTEX_POINT ( 'NONE', #2739 ) ;
#2538 = LINE ( 'NONE', #1300, #821 ) ;
#2539 = DIRECTION ( 'NONE',  ( 0.000000000000000000, -1.000000000000000000, 0.000000000000000000 ) ) ;
#2540 = VERTEX_POINT ( 'NONE', #164 ) ;
#2541 = ORIENTED_EDGE ( 'NONE', *, *, #2836, .F. ) ;
#2542 = DIRECTION ( 'NONE',  ( 1.000000000000000000, 3.222309318003977021E-15, -0.000000000000000000 ) ) ;
#2543 = LINE ( 'NONE', #2769, #2111 ) ;
#2544 = ORIENTED_EDGE ( 'NONE', *, *, #3477, .F. ) ;
#2545 = CARTESIAN_POINT ( 'NONE',  ( 5.750000000000000000, 0.2539999999999982272, 0.8255000000000000115 ) ) ;
#2546 = CARTESIAN_POINT ( 'NONE',  ( -3.403500000000000192, 2.080500000000000238, -2.925000000000000711 ) ) ;
#2547 = LINE ( 'NONE', #899, #1669 ) ;
#2548 = ADVANCED_FACE ( 'NONE', ( #3292 ), #444, .T. ) ;
#2549 = DIRECTION ( 'NONE',  ( -0.000000000000000000, -0.000000000000000000, -1.000000000000000000 ) ) ;
#2550 = PLANE ( 'NONE',  #420 ) ;
#2551 = CARTESIAN_POINT ( 'NONE',  ( -3.403500000000000192, 2.080500000000000238, -2.925000000000000711 ) ) ;
#2552 = CARTESIAN_POINT ( 'NONE',  ( 4.571555597977357444, 0.2999999999999999334, 2.095500000000000362 ) ) ;
#2553 = ORIENTED_EDGE ( 'NONE', *, *, #453, .T. ) ;
#2554 = ADVANCED_FACE ( 'NONE', ( #539 ), #786, .F. ) ;
#2555 = EDGE_CURVE ( 'NONE', #956, #2940, #1095, .T. ) ;
#2556 = ADVANCED_FACE ( 'NONE', ( #3075 ), #4008, .T. ) ;
#2557 = ORIENTED_EDGE ( 'NONE', *, *, #1755, .F. ) ;
#2558 = FACE_OUTER_BOUND ( 'NONE', #2567, .T. ) ;
#2559 = CARTESIAN_POINT ( 'NONE',  ( -3.874554418332485373, 2.080499999999998018, -0.4445000000000000062 ) ) ;
#2560 = CARTESIAN_POINT ( 'NONE',  ( 3.403500000000000636, 2.080500000000000682, 2.095500000000000362 ) ) ;
#2561 = ORIENTED_EDGE ( 'NONE', *, *, #3870, .F. ) ;
#2562 = CLOSED_SHELL ( 'NONE', ( #107, #3688, #1705, #3676, #527, #564, #2422, #3745, #3697, #491, #2469, #1221, #1570, #3375 ) ) ;
#2563 = ORIENTED_EDGE ( 'NONE', *, *, #248, .F. ) ;
#2564 = CARTESIAN_POINT ( 'NONE',  ( 4.302998820355126597, 1.780499999999993532, -0.8254999999999999005 ) ) ;
#2565 = CARTESIAN_POINT ( 'NONE',  ( -4.064316894675507719, 1.693626883595273247, -2.095499999999999918 ) ) ;
#2566 = ADVANCED_FACE ( 'NONE', ( #4085 ), #3174, .F. ) ;
#2567 = EDGE_LOOP ( 'NONE', ( #3665, #2602, #3968, #851 ) ) ;
#2568 = CARTESIAN_POINT ( 'NONE',  ( 5.749999999999999112, 0.2539999999999982272, -0.4445000000000000062 ) ) ;
#2569 = PLANE ( 'NONE',  #815 ) ;
#2570 = DIRECTION ( 'NONE',  ( 1.000000000000000000, 0.000000000000000000, -0.000000000000000000 ) ) ;
#2571 = CARTESIAN_POINT ( 'NONE',  ( -4.810237523656976322, 0.3868731164047179427, 0.4445000000000002283 ) ) ;
#2572 = FACE_OUTER_BOUND ( 'NONE', #2143, .T. ) ;
#2573 = CARTESIAN_POINT ( 'NONE',  ( 5.749999999999999112, 0.2539999999999982272, -0.4445000000000000062 ) ) ;
#2574 = ORIENTED_EDGE ( 'NONE', *, *, #3991, .F. ) ;
#2575 = FACE_OUTER_BOUND ( 'NONE', #363, .T. ) ;
#2576 = VECTOR ( 'NONE', #1967, 1000.000000000000000 ) ;
#2577 = ORIENTED_EDGE ( 'NONE', *, *, #768, .F. ) ;
#2578 = VERTEX_POINT ( 'NONE', #330 ) ;
#2579 = AXIS2_PLACEMENT_3D ( 'NONE', #3897, #727, #3831 ) ;
#2580 = CARTESIAN_POINT ( 'NONE',  ( -4.302998820355127485, 1.780499999999992422, -2.095499999999999918 ) ) ;
#2581 = ADVANCED_FACE ( 'NONE', ( #3112 ), #1869, .F. ) ;
#2582 = EDGE_CURVE ( 'NONE', #1838, #700, #1514, .T. ) ;
#2583 = DIRECTION ( 'NONE',  ( 1.662443331144440790E-15, -1.000000000000000000, 0.000000000000000000 ) ) ;
#2584 = CARTESIAN_POINT ( 'NONE',  ( 4.064316894675506830, 1.693626883595273247, 0.4445000000000002283 ) ) ;
#2585 = ORIENTED_EDGE ( 'NONE', *, *, #2946, .F. ) ;
#2586 = CIRCLE ( 'NONE', #1130, 0.2019410093742285695 ) ;
#2587 = EDGE_LOOP ( 'NONE', ( #1469, #1317, #2647, #3602 ) ) ;
#2588 = CIRCLE ( 'NONE', #999, 0.4559410093742302106 ) ;
#2589 = SURFACE_STYLE_USAGE ( .BOTH. , #2949 ) ;
#2590 = CARTESIAN_POINT ( 'NONE',  ( 4.810237523656975434, 0.3868731164047196636, 2.095500000000000362 ) ) ;
#2591 = ORIENTED_EDGE ( 'NONE', *, *, #2197, .F. ) ;
#2592 = AXIS2_PLACEMENT_3D ( 'NONE', #1123, #4004, #1809 ) ;
#2593 = COLOUR_RGB ( '',0.7921568627450980005, 0.8196078431372548767, 0.9333333333333333481 ) ;
#2594 = CARTESIAN_POINT ( 'NONE',  ( 3.403500000000000192, 1.826500000000000457, 0.4445000000000002283 ) ) ;
#2595 = CARTESIAN_POINT ( 'NONE',  ( -4.302998820355126597, 1.780499999999992422, 1.714500000000000357 ) ) ;
#2596 = FACE_OUTER_BOUND ( 'NONE', #223, .T. ) ;
#2597 = MECHANICAL_DESIGN_GEOMETRIC_PRESENTATION_REPRESENTATION (  '', ( #1999 ), #3461 ) ;
#2598 = CARTESIAN_POINT ( 'NONE',  ( -3.874554418332485373, 2.080499999999998018, -0.8254999999999999005 ) ) ;
#2599 = VECTOR ( 'NONE', #1699, 1000.000000000000000 ) ;
#2600 = CARTESIAN_POINT ( 'NONE',  ( 3.403500000000000192, 2.080500000000000682, -0.4445000000000000062 ) ) ;
#2601 = LINE ( 'NONE', #2573, #1073 ) ;
#2602 = ORIENTED_EDGE ( 'NONE', *, *, #4050, .F. ) ;
#2603 = VECTOR ( 'NONE', #195, 1000.000000000000000 ) ;
#2604 = PRESENTATION_LAYER_ASSIGNMENT (  '', '', ( #2722 ) ) ;
#2605 = ORIENTED_EDGE ( 'NONE', *, *, #1899, .F. ) ;
#2606 = DIRECTION ( 'NONE',  ( 0.000000000000000000, 1.000000000000000000, 0.000000000000000000 ) ) ;
#2607 = LINE ( 'NONE', #2514, #1933 ) ;
#2608 = FACE_OUTER_BOUND ( 'NONE', #383, .T. ) ;
#2609 = ORIENTED_EDGE ( 'NONE', *, *, #1397, .T. ) ;
#2610 = AXIS2_PLACEMENT_3D ( 'NONE', #884, #2140, #2485 ) ;
#2611 = EDGE_CURVE ( 'NONE', #1318, #698, #1247, .T. ) ;
#2612 = ORIENTED_EDGE ( 'NONE', *, *, #2475, .T. ) ;
#2613 = DIRECTION ( 'NONE',  ( -0.000000000000000000, -0.000000000000000000, -1.000000000000000000 ) ) ;
#2614 = EDGE_LOOP ( 'NONE', ( #71, #1980, #1276, #256 ) ) ;
#2615 = EDGE_CURVE ( 'NONE', #905, #2540, #1207, .T. ) ;
#2616 = EDGE_CURVE ( 'NONE', #3121, #3099, #2527, .T. ) ;
#2617 = SURFACE_SIDE_STYLE ('',( #3216 ) ) ;
#2618 = CARTESIAN_POINT ( 'NONE',  ( -3.403500000000001524, 2.080500000000000238, -1.714499999999999913 ) ) ;
#2619 = FACE_OUTER_BOUND ( 'NONE', #1240, .T. ) ;
#2620 = DIRECTION ( 'NONE',  ( 0.3420201433256691015, 0.9396926207859082059, -0.000000000000000000 ) ) ;
#2621 = DIRECTION ( 'NONE',  ( -0.000000000000000000, -0.000000000000000000, -1.000000000000000000 ) ) ;
#2622 = CARTESIAN_POINT ( 'NONE',  ( -5.000000000000002665, -2.960210660448999032E-15, -1.714499999999999913 ) ) ;
#2623 = VERTEX_POINT ( 'NONE', #3755 ) ;
#2624 =( LENGTH_UNIT ( ) NAMED_UNIT ( * ) SI_UNIT ( .MILLI., .METRE. ) );
#2625 = ORIENTED_EDGE ( 'NONE', *, *, #3428, .T. ) ;
#2626 = VERTEX_POINT ( 'NONE', #2215 ) ;
#2627 = DIRECTION ( 'NONE',  ( 1.000000000000000000, 3.222309318003977021E-15, -0.000000000000000000 ) ) ;
#2628 = FACE_OUTER_BOUND ( 'NONE', #3672, .T. ) ;
#2629 = CARTESIAN_POINT ( 'NONE',  ( -5.000000000000000888, 0.2539999999999961178, -0.8254999999999999005 ) ) ;
#2630 = VERTEX_POINT ( 'NONE', #646 ) ;
#2631 = EDGE_LOOP ( 'NONE', ( #2487, #3795, #1600, #2336 ) ) ;
#2632 = DIRECTION ( 'NONE',  ( -6.829619984160684276E-15, -1.000000000000000000, 0.000000000000000000 ) ) ;
#2633 = CARTESIAN_POINT ( 'NONE',  ( 4.999999999999997335, 0.4559410093742238823, 0.4445000000000002283 ) ) ;
#2634 = EDGE_LOOP ( 'NONE', ( #369, #2314, #59, #2876 ) ) ;
#2635 = CLOSED_SHELL ( 'NONE', ( #620, #1577, #583, #272, #1953, #2861, #1871, #2500, #1880, #490, #181, #3724, #1665, #3561 ) ) ;
#2636 = CARTESIAN_POINT ( 'NONE',  ( 4.064316894675506830, 1.693626883595273247, 0.8255000000000000115 ) ) ;
#2637 = DIRECTION ( 'NONE',  ( -0.3420201433256691570, 0.9396926207859083169, 0.000000000000000000 ) ) ;
#2638 = EDGE_CURVE ( 'NONE', #3228, #2430, #3454, .T. ) ;
#2639 = EDGE_CURVE ( 'NONE', #1487, #549, #1564, .T. ) ;
#2640 = CIRCLE ( 'NONE', #2490, 0.4559410093742302106 ) ;
#2641 = PLANE ( 'NONE',  #934 ) ;
#2642 = DIRECTION ( 'NONE',  ( -0.000000000000000000, 0.000000000000000000, -1.000000000000000000 ) ) ;
#2643 = DIRECTION ( 'NONE',  ( 1.000000000000000000, 3.910807474849149088E-15, 0.000000000000000000 ) ) ;
#2644 = ORIENTED_EDGE ( 'NONE', *, *, #605, .T. ) ;
#2645 = PRODUCT_CONTEXT ( 'NONE', #3716, 'mechanical' ) ;
#2646 = VERTEX_POINT ( 'NONE', #2863 ) ;
#2647 = ORIENTED_EDGE ( 'NONE', *, *, #3656, .F. ) ;
#2648 = DIRECTION ( 'NONE',  ( -1.000000000000000000, 3.682639220575973738E-15, -0.000000000000000000 ) ) ;
#2649 = LINE ( 'NONE', #3695, #2599 ) ;
#2650 = DIRECTION ( 'NONE',  ( -0.000000000000000000, 1.000000000000000000, -0.000000000000000000 ) ) ;
#2651 = ORIENTED_EDGE ( 'NONE', *, *, #3067, .F. ) ;
#2652 = VECTOR ( 'NONE', #575, 1000.000000000000000 ) ;
#2653 = ORIENTED_EDGE ( 'NONE', *, *, #355, .F. ) ;
#2654 = CARTESIAN_POINT ( 'NONE',  ( -4.810237523656976322, 0.3868731164047179427, 0.8255000000000000115 ) ) ;
#2655 = SURFACE_STYLE_USAGE ( .BOTH. , #126 ) ;
#2656 = AXIS2_PLACEMENT_3D ( 'NONE', #2395, #2985, #2728 ) ;
#2657 = ORIENTED_EDGE ( 'NONE', *, *, #2913, .F. ) ;
#2658 = DIRECTION ( 'NONE',  ( 1.000000000000000000, 3.222309318003977021E-15, -0.000000000000000000 ) ) ;
#2659 = CARTESIAN_POINT ( 'NONE',  ( -5.750000000000002665, -2.710505431213761085E-17, -1.714499999999999913 ) ) ;
#2660 = VECTOR ( 'NONE', #837, 1000.000000000000000 ) ;
#2661 = EDGE_CURVE ( 'NONE', #3244, #2421, #2547, .T. ) ;
#2662 = DIRECTION ( 'NONE',  ( -0.000000000000000000, -0.000000000000000000, -1.000000000000000000 ) ) ;
#2663 = DIRECTION ( 'NONE',  ( -0.000000000000000000, 1.000000000000000000, -0.000000000000000000 ) ) ;
#2664 = PRESENTATION_LAYER_ASSIGNMENT (  '', '', ( #2060 ) ) ;
#2665 = VERTEX_POINT ( 'NONE', #1908 ) ;
#2666 = PRESENTATION_LAYER_ASSIGNMENT (  '', '', ( #2997 ) ) ;
#2667 = VECTOR ( 'NONE', #988, 1000.000000000000000 ) ;
#2668 = VERTEX_POINT ( 'NONE', #3819 ) ;
#2669 = ADVANCED_FACE ( 'NONE', ( #959 ), #3414, .F. ) ;
#2670 = LINE ( 'NONE', #748, #2939 ) ;
#2671 = CARTESIAN_POINT ( 'NONE',  ( -5.000000000000000888, 0.2539999999999951741, -1.714499999999999913 ) ) ;
#2672 = CARTESIAN_POINT ( 'NONE',  ( 4.302998820355127485, 1.780499999999993532, 0.8255000000000000115 ) ) ;
#2673 = ORIENTED_EDGE ( 'NONE', *, *, #1520, .T. ) ;
#2674 = VERTEX_POINT ( 'NONE', #919 ) ;
#2675 = AXIS2_PLACEMENT_3D ( 'NONE', #2235, #3508, #1313 ) ;
#2676 = DIRECTION ( 'NONE',  ( -1.000000000000000000, 0.000000000000000000, 0.000000000000000000 ) ) ;
#2677 = FILL_AREA_STYLE_COLOUR ( '', #1128 ) ;
#2678 = VERTEX_POINT ( 'NONE', #2503 ) ;
#2679 = PLANE ( 'NONE',  #18 ) ;
#2680 = CARTESIAN_POINT ( 'NONE',  ( 3.403500000000000192, 2.080500000000000682, -0.8254999999999999005 ) ) ;
#2681 = DIRECTION ( 'NONE',  ( 1.000000000000000000, 0.000000000000000000, 0.000000000000000000 ) ) ;
#2682 = DIRECTION ( 'NONE',  ( -0.000000000000000000, -0.000000000000000000, -1.000000000000000000 ) ) ;
#2683 = EDGE_LOOP ( 'NONE', ( #929, #2468, #2186, #9, #1129 ) ) ;
#2684 = ORIENTED_EDGE ( 'NONE', *, *, #1217, .F. ) ;
#2685 = LINE ( 'NONE', #178, #1482 ) ;
#2686 = EDGE_CURVE ( 'NONE', #2999, #2892, #938, .T. ) ;
#2687 = DIRECTION ( 'NONE',  ( -0.000000000000000000, -0.000000000000000000, -1.000000000000000000 ) ) ;
#2688 = EDGE_CURVE ( 'NONE', #2309, #3203, #1541, .T. ) ;
#2689 = ORIENTED_EDGE ( 'NONE', *, *, #1961, .T. ) ;
#2690 = EDGE_CURVE ( 'NONE', #1723, #3435, #2196, .T. ) ;
#2691 = ORIENTED_EDGE ( 'NONE', *, *, #2342, .T. ) ;
#2692 = FACE_OUTER_BOUND ( 'NONE', #3440, .T. ) ;
#2693 = ORIENTED_EDGE ( 'NONE', *, *, #3324, .F. ) ;
#2694 = EDGE_CURVE ( 'NONE', #4071, #1984, #3431, .T. ) ;
#2695 = DIRECTION ( 'NONE',  ( -0.000000000000000000, -0.000000000000000000, -1.000000000000000000 ) ) ;
#2696 = DIRECTION ( 'NONE',  ( 0.000000000000000000, 0.000000000000000000, 1.000000000000000000 ) ) ;
#2697 = CIRCLE ( 'NONE', #2969, 0.4559410093742276016 ) ;
#2698 = FACE_OUTER_BOUND ( 'NONE', #2012, .T. ) ;
#2699 = CARTESIAN_POINT ( 'NONE',  ( -3.874554418332485373, 2.080499999999998018, 0.8255000000000000115 ) ) ;
#2700 = EDGE_LOOP ( 'NONE', ( #123, #1842, #3514, #381 ) ) ;
#2701 = ORIENTED_EDGE ( 'NONE', *, *, #2426, .F. ) ;
#2702 = CARTESIAN_POINT ( 'NONE',  ( 3.874554418332484484, 1.624558990625769139, 1.714500000000000357 ) ) ;
#2703 = CARTESIAN_POINT ( 'NONE',  ( -4.302998820355127485, 1.780499999999992422, -1.714499999999999913 ) ) ;
#2704 = VERTEX_POINT ( 'NONE', #3137 ) ;
#2705 = ADVANCED_FACE ( 'NONE', ( #3470 ), #3155, .F. ) ;
#2706 = EDGE_LOOP ( 'NONE', ( #1658, #3783, #1634, #3876 ) ) ;
#2707 = DIRECTION ( 'NONE',  ( 0.000000000000000000, 0.000000000000000000, 1.000000000000000000 ) ) ;
#2708 = CARTESIAN_POINT ( 'NONE',  ( -2.128980829383888551, 3.507000000000000117, -1.933577189573473465 ) ) ;
#2709 = VERTEX_POINT ( 'NONE', #3573 ) ;
#2710 = MECHANICAL_DESIGN_GEOMETRIC_PRESENTATION_REPRESENTATION (  '', ( #589 ), #1456 ) ;
#2711 = CARTESIAN_POINT ( 'NONE',  ( -3.874554418332484929, 1.624558990625769139, -0.4445000000000000062 ) ) ;
#2712 = LINE ( 'NONE', #1475, #1140 ) ;
#2713 = CARTESIAN_POINT ( 'NONE',  ( -5.750000000000000000, 0.2539999999999990044, 0.8255000000000000115 ) ) ;
#2714 = VECTOR ( 'NONE', #2219, 1000.000000000000114 ) ;
#2715 = CARTESIAN_POINT ( 'NONE',  ( 3.874554418332483596, 1.624558990625769139, -1.714499999999999913 ) ) ;
#2716 = DIRECTION ( 'NONE',  ( -0.000000000000000000, -0.000000000000000000, 1.000000000000000000 ) ) ;
#2717 = ORIENTED_EDGE ( 'NONE', *, *, #531, .F. ) ;
#2718 = AXIS2_PLACEMENT_3D ( 'NONE', #603, #1289, #294 ) ;
#2719 = ORIENTED_EDGE ( 'NONE', *, *, #2402, .T. ) ;
#2720 = VECTOR ( 'NONE', #2014, 1000.000000000000000 ) ;
#2721 = CARTESIAN_POINT ( 'NONE',  ( -3.403499999999998860, 2.080500000000000238, 2.925000000000001599 ) ) ;
#2722 = STYLED_ITEM ( 'NONE', ( #911 ), #694 ) ;
#2723 = DIRECTION ( 'NONE',  ( 0.000000000000000000, 0.000000000000000000, 1.000000000000000000 ) ) ;
#2724 = ORIENTED_EDGE ( 'NONE', *, *, #844, .F. ) ;
#2725 = AXIS2_PLACEMENT_3D ( 'NONE', #1305, #685, #1742 ) ;
#2726 = ORIENTED_EDGE ( 'NONE', *, *, #2097, .T. ) ;
#2727 = DIRECTION ( 'NONE',  ( -1.000000000000000000, 0.000000000000000000, 0.000000000000000000 ) ) ;
#2728 = DIRECTION ( 'NONE',  ( -0.3420201433256691570, -0.9396926207859083169, 0.000000000000000000 ) ) ;
#2729 = ORIENTED_EDGE ( 'NONE', *, *, #408, .F. ) ;
#2730 = CIRCLE ( 'NONE', #3200, 0.3012640406271755444 ) ;
#2731 = VECTOR ( 'NONE', #1012, 1000.000000000000000 ) ;
#2732 = DIRECTION ( 'NONE',  ( -3.830847676115450841E-15, -1.000000000000000000, 0.000000000000000000 ) ) ;
#2733 = DIRECTION ( 'NONE',  ( -0.000000000000000000, -0.000000000000000000, -1.000000000000000000 ) ) ;
#2734 = LINE ( 'NONE', #875, #135 ) ;
#2735 = EDGE_CURVE ( 'NONE', #1580, #1214, #3590, .T. ) ;
#2736 = ADVANCED_FACE ( 'NONE', ( #693 ), #2641, .T. ) ;
#2737 = DIRECTION ( 'NONE',  ( 0.000000000000000000, 0.000000000000000000, 1.000000000000000000 ) ) ;
#2738 = DIRECTION ( 'NONE',  ( 1.000000000000000000, 3.910807474849149088E-15, 0.000000000000000000 ) ) ;
#2739 = CARTESIAN_POINT ( 'NONE',  ( 4.571555597977357444, 0.2999999999999999334, 1.714500000000000357 ) ) ;
#2740 = ORIENTED_EDGE ( 'NONE', *, *, #914, .F. ) ;
#2741 = ORIENTED_EDGE ( 'NONE', *, *, #1420, .T. ) ;
#2742 = UNCERTAINTY_MEASURE_WITH_UNIT (LENGTH_MEASURE( 1.000000000000000082E-05 ), #708, 'distance_accuracy_value', 'NONE');
#2743 = DIRECTION ( 'NONE',  ( -1.000000000000000000, 0.000000000000000000, 0.000000000000000000 ) ) ;
#2744 = DIRECTION ( 'NONE',  ( 0.000000000000000000, 1.000000000000000000, 0.000000000000000000 ) ) ;
#2745 = ORIENTED_EDGE ( 'NONE', *, *, #2260, .T. ) ;
#2746 = ORIENTED_EDGE ( 'NONE', *, *, #548, .T. ) ;
#2747 = LINE ( 'NONE', #2412, #2193 ) ;
#2748 = DIRECTION ( 'NONE',  ( -1.000000000000000000, 0.000000000000000000, 0.000000000000000000 ) ) ;
#2749 = EDGE_LOOP ( 'NONE', ( #1662, #972, #773, #3335 ) ) ;
#2750 = DIRECTION ( 'NONE',  ( 1.000000000000000000, -3.830847676115450841E-15, 0.000000000000000000 ) ) ;
#2751 = CARTESIAN_POINT ( 'NONE',  ( 3.874554418332483596, 1.826499999999998902, -1.714499999999999913 ) ) ;
#2752 = DIRECTION ( 'NONE',  ( -1.000000000000000000, 0.000000000000000000, 0.000000000000000000 ) ) ;
#2753 = ADVANCED_FACE ( 'NONE', ( #736 ), #3868, .T. ) ;
#2754 = EDGE_CURVE ( 'NONE', #2704, #2709, #1691, .T. ) ;
#2755 = DIRECTION ( 'NONE',  ( 3.910807474849149877E-15, 1.000000000000000000, -0.000000000000000000 ) ) ;
#2756 = PLANE ( 'NONE',  #2397 ) ;
#2757 = DIRECTION ( 'NONE',  ( 1.000000000000000000, -3.682639220575972949E-15, 0.000000000000000000 ) ) ;
#2758 = DIRECTION ( 'NONE',  ( 1.000000000000000000, -3.682639220575972949E-15, 0.000000000000000000 ) ) ;
#2759 = DIRECTION ( 'NONE',  ( -0.3420201433256681023, 0.9396926207859086499, -0.000000000000000000 ) ) ;
#2760 = DIRECTION ( 'NONE',  ( 0.000000000000000000, 0.000000000000000000, 1.000000000000000000 ) ) ;
#2761 = ORIENTED_EDGE ( 'NONE', *, *, #2832, .F. ) ;
#2762 = EDGE_LOOP ( 'NONE', ( #216, #2056, #2585, #3139 ) ) ;
#2763 = CARTESIAN_POINT ( 'NONE',  ( -5.000000000000000888, 0.2539999999999961178, -1.714499999999999913 ) ) ;
#2764 = CARTESIAN_POINT ( 'NONE',  ( 3.874554418332484040, 1.826499999999998902, 0.4445000000000002283 ) ) ;
#2765 = EDGE_CURVE ( 'NONE', #831, #240, #419, .T. ) ;
#2766 = ORIENTED_EDGE ( 'NONE', *, *, #3626, .F. ) ;
#2767 = CARTESIAN_POINT ( 'NONE',  ( 4.571555597977357444, 0.2999999999999999334, 0.4445000000000002283 ) ) ;
#2768 = DIRECTION ( 'NONE',  ( -0.3420201433256689905, -0.9396926207859083169, 0.000000000000000000 ) ) ;
#2769 = CARTESIAN_POINT ( 'NONE',  ( 5.749999999999999112, 0.2539999999999982272, -1.714499999999999913 ) ) ;
#2770 = CIRCLE ( 'NONE', #1850, 0.2019410093742298740 ) ;
#2771 = CARTESIAN_POINT ( 'NONE',  ( 3.403499999999999304, 2.080500000000000238, -2.925000000000001599 ) ) ;
#2772 = DIRECTION ( 'NONE',  ( 1.000000000000000000, 0.000000000000000000, -0.000000000000000000 ) ) ;
#2773 = CARTESIAN_POINT ( 'NONE',  ( -3.874554418332484929, 1.826499999999998902, 0.8255000000000000115 ) ) ;
#2774 = VECTOR ( 'NONE', #344, 1000.000000000000000 ) ;
#2775 = ADVANCED_FACE ( 'NONE', ( #2596 ), #374, .F. ) ;
#2776 = ORIENTED_EDGE ( 'NONE', *, *, #3246, .T. ) ;
#2777 = VECTOR ( 'NONE', #1762, 1000.000000000000000 ) ;
#2778 = CARTESIAN_POINT ( 'NONE',  ( 4.064316894675506830, 1.693626883595273247, 0.8255000000000000115 ) ) ;
#2779 = VECTOR ( 'NONE', #2844, 1000.000000000000000 ) ;
#2780 = CARTESIAN_POINT ( 'NONE',  ( 3.874554418332484040, 1.624558990625769139, 0.8255000000000000115 ) ) ;
#2781 = ORIENTED_EDGE ( 'NONE', *, *, #3549, .T. ) ;
#2782 = EDGE_CURVE ( 'NONE', #730, #1984, #1626, .T. ) ;
#2783 = ORIENTED_EDGE ( 'NONE', *, *, #3907, .T. ) ;
#2784 = CARTESIAN_POINT ( 'NONE',  ( 5.750000000000000000, 0.2539999999999982272, 0.8255000000000000115 ) ) ;
#2785 = DIRECTION ( 'NONE',  ( -3.910807474849149877E-15, 1.000000000000000000, 0.000000000000000000 ) ) ;
#2786 = ORIENTED_EDGE ( 'NONE', *, *, #1451, .F. ) ;
#2787 = AXIS2_PLACEMENT_3D ( 'NONE', #796, #2344, #3983 ) ;
#2788 = VECTOR ( 'NONE', #3321, 1000.000000000000000 ) ;
#2789 = VERTEX_POINT ( 'NONE', #998 ) ;
#2790 = AXIS2_PLACEMENT_3D ( 'NONE', #3380, #1160, #1858 ) ;
#2791 = SURFACE_SIDE_STYLE ('',( #1533 ) ) ;
#2792 = LINE ( 'NONE', #3709, #3330 ) ;
#2793 = CARTESIAN_POINT ( 'NONE',  ( 3.403500000000000192, 1.826500000000000457, -0.4445000000000000062 ) ) ;
#2794 = CIRCLE ( 'NONE', #1088, 0.2019410093742298740 ) ;
#2795 = VECTOR ( 'NONE', #2627, 1000.000000000000000 ) ;
#2796 = CARTESIAN_POINT ( 'NONE',  ( 3.874554418332483596, 1.624558990625769139, -1.714499999999999913 ) ) ;
#2797 = CARTESIAN_POINT ( 'NONE',  ( 4.999999999999997335, 0.4559410093742238823, 0.8255000000000000115 ) ) ;
#2798 = DIRECTION ( 'NONE',  ( -0.000000000000000000, -0.000000000000000000, -1.000000000000000000 ) ) ;
#2799 = VECTOR ( 'NONE', #2038, 1000.000000000000114 ) ;
#2800 = LINE ( 'NONE', #3487, #788 ) ;
#2801 = LINE ( 'NONE', #901, #289 ) ;
#2802 = CARTESIAN_POINT ( 'NONE',  ( -3.403499999999998860, 2.080500000000000238, 2.925000000000001599 ) ) ;
#2803 = VERTEX_POINT ( 'NONE', #2258 ) ;
#2804 = ORIENTED_EDGE ( 'NONE', *, *, #3089, .F. ) ;
#2805 = EDGE_CURVE ( 'NONE', #2626, #1329, #600, .T. ) ;
#2806 = EDGE_CURVE ( 'NONE', #2936, #2630, #1799, .T. ) ;
#2807 = DIRECTION ( 'NONE',  ( -0.000000000000000000, -0.000000000000000000, -1.000000000000000000 ) ) ;
#2808 = CARTESIAN_POINT ( 'NONE',  ( 5.749999999999999112, 0.2539999999999982272, -1.714499999999999913 ) ) ;
#2809 = ADVANCED_FACE ( 'NONE', ( #1377 ), #40, .F. ) ;
#2810 = VERTEX_POINT ( 'NONE', #667 ) ;
#2811 = ORIENTED_EDGE ( 'NONE', *, *, #1517, .F. ) ;
#2812 = DIRECTION ( 'NONE',  ( -0.000000000000000000, -0.000000000000000000, -1.000000000000000000 ) ) ;
#2813 = ORIENTED_EDGE ( 'NONE', *, *, #1973, .F. ) ;
#2814 = ADVANCED_FACE ( 'NONE', ( #3197 ), #3239, .F. ) ;
#2815 = EDGE_CURVE ( 'NONE', #2709, #188, #1930, .T. ) ;
#2816 = CARTESIAN_POINT ( 'NONE',  ( -5.000000000000000888, 0.2539999999999951741, -0.4445000000000000062 ) ) ;
#2817 = DIRECTION ( 'NONE',  ( -1.000000000000000000, 3.222309318003976232E-15, 0.000000000000000000 ) ) ;
#2818 = DIRECTION ( 'NONE',  ( 1.000000000000000000, 0.000000000000000000, -2.224004456380521410E-16 ) ) ;
#2819 = ADVANCED_FACE ( 'NONE', ( #2619 ), #1047, .F. ) ;
#2820 = DIRECTION ( 'NONE',  ( -1.000000000000000000, 3.222309318003976232E-15, 0.000000000000000000 ) ) ;
#2821 = UNCERTAINTY_MEASURE_WITH_UNIT (LENGTH_MEASURE( 1.000000000000000082E-05 ), #391, 'distance_accuracy_value', 'NONE');
#2822 = CARTESIAN_POINT ( 'NONE',  ( -5.750000000000000000, 0.2539999999999990044, 0.8255000000000000115 ) ) ;
#2823 = CARTESIAN_POINT ( 'NONE',  ( -2.128980829383888551, 3.507000000000000117, -2.234841230200649065 ) ) ;
#2824 = VERTEX_POINT ( 'NONE', #360 ) ;
#2825 = CARTESIAN_POINT ( 'NONE',  ( -4.064316894675507719, 1.693626883595273247, -0.8254999999999999005 ) ) ;
#2826 = EDGE_LOOP ( 'NONE', ( #2425, #2544, #1084, #2536 ) ) ;
#2827 = VERTEX_POINT ( 'NONE', #719 ) ;
#2828 = AXIS2_PLACEMENT_3D ( 'NONE', #879, #3429, #3073 ) ;
#2829 = DIRECTION ( 'NONE',  ( 1.000000000000000000, 0.000000000000000000, 0.000000000000000000 ) ) ;
#2830 = DIRECTION ( 'NONE',  ( 1.662443331144440790E-15, -1.000000000000000000, 0.000000000000000000 ) ) ;
#2831 = ORIENTED_EDGE ( 'NONE', *, *, #3828, .F. ) ;
#2832 = EDGE_CURVE ( 'NONE', #1387, #3648, #4089, .T. ) ;
#2833 = EDGE_LOOP ( 'NONE', ( #3610, #741, #1594, #3460 ) ) ;
#2834 = LINE ( 'NONE', #598, #1537 ) ;
#2835 = DIRECTION ( 'NONE',  ( -0.000000000000000000, -0.000000000000000000, -1.000000000000000000 ) ) ;
#2836 = EDGE_CURVE ( 'NONE', #2348, #2249, #3822, .T. ) ;
#2837 = ORIENTED_EDGE ( 'NONE', *, *, #3299, .T. ) ;
#2838 = DIRECTION ( 'NONE',  ( -1.000000000000000000, 0.000000000000000000, 0.000000000000000000 ) ) ;
#2839 = PLANE ( 'NONE',  #286 ) ;
#2840 = CARTESIAN_POINT ( 'NONE',  ( 3.403499999999999748, 2.080500000000000682, -1.714499999999999913 ) ) ;
#2841 = FACE_OUTER_BOUND ( 'NONE', #2614, .T. ) ;
#2842 = CYLINDRICAL_SURFACE ( 'NONE', #160, 0.2019410093742285695 ) ;
#2844 = DIRECTION ( 'NONE',  ( -0.000000000000000000, -0.000000000000000000, -1.000000000000000000 ) ) ;
#2843 = VECTOR ( 'NONE', #470, 1000.000000000000000 ) ;
#2845 = ORIENTED_EDGE ( 'NONE', *, *, #1032, .F. ) ;
#2846 = CARTESIAN_POINT ( 'NONE',  ( 4.810237523656975434, 0.3868731164047196636, 0.8255000000000000115 ) ) ;
#2847 = EDGE_LOOP ( 'NONE', ( #450, #124, #1756, #3737 ) ) ;
#2848 = AXIS2_PLACEMENT_3D ( 'NONE', #1568, #2760, #4090 ) ;
#2849 = ORIENTED_EDGE ( 'NONE', *, *, #1777, .F. ) ;
#2850 = DIRECTION ( 'NONE',  ( -0.000000000000000000, -0.000000000000000000, -1.000000000000000000 ) ) ;
#2851 = DIRECTION ( 'NONE',  ( 0.3420201433256681023, -0.9396926207859086499, 0.000000000000000000 ) ) ;
#2852 = EDGE_LOOP ( 'NONE', ( #4087, #1298 ) ) ;
#2853 = VECTOR ( 'NONE', #3489, 1000.000000000000114 ) ;
#2854 = VERTEX_POINT ( 'NONE', #1630 ) ;
#2855 = AXIS2_PLACEMENT_3D ( 'NONE', #3632, #3946, #210 ) ;
#2856 = SURFACE_SIDE_STYLE ('',( #3883 ) ) ;
#2857 = DIRECTION ( 'NONE',  ( -0.000000000000000000, -0.000000000000000000, -1.000000000000000000 ) ) ;
#2858 = EDGE_LOOP ( 'NONE', ( #4053, #2849, #3618, #3187 ) ) ;
#2859 = VECTOR ( 'NONE', #302, 1000.000000000000000 ) ;
#2860 = FACE_OUTER_BOUND ( 'NONE', #3937, .T. ) ;
#2861 = ADVANCED_FACE ( 'NONE', ( #3473 ), #982, .F. ) ;
#2862 = EDGE_CURVE ( 'NONE', #2896, #664, #632, .T. ) ;
#2863 = CARTESIAN_POINT ( 'NONE',  ( 3.403500000000000192, 1.826500000000000457, 0.8255000000000000115 ) ) ;
#2864 = EDGE_CURVE ( 'NONE', #2789, #3570, #1587, .T. ) ;
#2865 = CARTESIAN_POINT ( 'NONE',  ( 5.750000000000000888, -2.710505431213761085E-17, -1.714499999999999913 ) ) ;
#2866 = AXIS2_PLACEMENT_3D ( 'NONE', #2797, #4066, #310 ) ;
#2867 = DIRECTION ( 'NONE',  ( -0.3420201433256691570, 0.9396926207859083169, 0.000000000000000000 ) ) ;
#2868 = VECTOR ( 'NONE', #3396, 1000.000000000000114 ) ;
#2869 = PLANE ( 'NONE',  #336 ) ;
#2870 = VERTEX_POINT ( 'NONE', #1976 ) ;
#2871 = DIRECTION ( 'NONE',  ( -1.000000000000000000, -1.662443331144440592E-15, -0.000000000000000000 ) ) ;
#2872 = ORIENTED_EDGE ( 'NONE', *, *, #108, .F. ) ;
#2873 = VERTEX_POINT ( 'NONE', #1567 ) ;
#2874 = CARTESIAN_POINT ( 'NONE',  ( 3.403499999999999748, 1.826500000000000457, -1.714499999999999913 ) ) ;
#2875 = CARTESIAN_POINT ( 'NONE',  ( 4.064316894675505942, 1.693626883595273247, -1.714499999999999913 ) ) ;
#2876 = ORIENTED_EDGE ( 'NONE', *, *, #2350, .T. ) ;
#2877 = VERTEX_POINT ( 'NONE', #2823 ) ;
#2878 = FACE_OUTER_BOUND ( 'NONE', #3898, .T. ) ;
#2879 = PRESENTATION_STYLE_ASSIGNMENT (( #2925 ) ) ;
#2880 = EDGE_LOOP ( 'NONE', ( #3544, #2308, #2951, #4032 ) ) ;
#2881 = EDGE_CURVE ( 'NONE', #2668, #3341, #380, .T. ) ;
#2882 =( NAMED_UNIT ( * ) PLANE_ANGLE_UNIT ( ) SI_UNIT ( $, .RADIAN. ) );
#2883 = CARTESIAN_POINT ( 'NONE',  ( -3.874554418332484929, 1.826499999999998902, -0.8254999999999999005 ) ) ;
#2884 = CARTESIAN_POINT ( 'NONE',  ( -5.000000000000000888, 0.2539999999999961178, -0.4445000000000000062 ) ) ;
#2885 = EDGE_CURVE ( 'NONE', #205, #1732, #68, .T. ) ;
#2886 = EDGE_CURVE ( 'NONE', #927, #486, #25, .T. ) ;
#2887 = CARTESIAN_POINT ( 'NONE',  ( 3.403500000000000636, 2.080500000000000682, 2.095500000000000362 ) ) ;
#2888 = CARTESIAN_POINT ( 'NONE',  ( 5.000000000000000888, -2.960210660448999032E-15, -1.714499999999999913 ) ) ;
#2889 = CARTESIAN_POINT ( 'NONE',  ( 5.000000000000000888, -2.960210660448999032E-15, -0.4445000000000000062 ) ) ;
#2890 = LINE ( 'NONE', #3243, #597 ) ;
#2891 = ORIENTED_EDGE ( 'NONE', *, *, #793, .T. ) ;
#2892 = VERTEX_POINT ( 'NONE', #1337 ) ;
#2893 = DIRECTION ( 'NONE',  ( -1.000000000000000000, 0.000000000000000000, 0.000000000000000000 ) ) ;
#2894 = PLANE ( 'NONE',  #540 ) ;
#2895 = LINE ( 'NONE', #54, #137 ) ;
#2896 = VERTEX_POINT ( 'NONE', #3202 ) ;
#2897 = VECTOR ( 'NONE', #1543, 1000.000000000000000 ) ;
#2898 = ORIENTED_EDGE ( 'NONE', *, *, #2123, .F. ) ;
#2899 = FILL_AREA_STYLE ('',( #3522 ) ) ;
#2900 = CARTESIAN_POINT ( 'NONE',  ( 5.000000000000000888, -2.960210660448999032E-15, -0.8254999999999999005 ) ) ;
#2901 = ORIENTED_EDGE ( 'NONE', *, *, #2902, .F. ) ;
#2902 = EDGE_CURVE ( 'NONE', #458, #1551, #44, .T. ) ;
#2903 = EDGE_CURVE ( 'NONE', #1649, #2007, #3536, .T. ) ;
#2904 = DIRECTION ( 'NONE',  ( -3.682639220575972949E-15, -1.000000000000000000, 0.000000000000000000 ) ) ;
#2905 = DIRECTION ( 'NONE',  ( -0.000000000000000000, 0.000000000000000000, -1.000000000000000000 ) ) ;
#2906 = DIRECTION ( 'NONE',  ( 0.000000000000000000, 1.000000000000000000, 0.000000000000000000 ) ) ;
#2907 = CARTESIAN_POINT ( 'NONE',  ( 5.749999999999999112, 0.2539999999999982272, -1.714499999999999913 ) ) ;
#2908 = DIRECTION ( 'NONE',  ( 1.000000000000000000, -3.910807474849149088E-15, -0.000000000000000000 ) ) ;
#2909 = DIRECTION ( 'NONE',  ( 1.000000000000000000, -3.222309318003977021E-15, 0.000000000000000000 ) ) ;
#2910 = EDGE_CURVE ( 'NONE', #3038, #1684, #1314, .T. ) ;
#2911 = AXIS2_PLACEMENT_3D ( 'NONE', #1165, #1107, #95 ) ;
#2912 = EDGE_LOOP ( 'NONE', ( #501, #2651, #2296, #361, #305, #3803, #3313, #1490, #2290, #1688, #1571, #2967 ) ) ;
#2913 = EDGE_CURVE ( 'NONE', #1732, #640, #2601, .T. ) ;
#2914 = ORIENTED_EDGE ( 'NONE', *, *, #658, .F. ) ;
#2915 = VECTOR ( 'NONE', #3297, 1000.000000000000000 ) ;
#2916 = PLANE ( 'NONE',  #3271 ) ;
#2917 = CYLINDRICAL_SURFACE ( 'NONE', #3127, 0.2019410093742298740 ) ;
#2918 = DIRECTION ( 'NONE',  ( -0.000000000000000000, -0.000000000000000000, -1.000000000000000000 ) ) ;
#2919 = EDGE_CURVE ( 'NONE', #458, #2192, #1030, .T. ) ;
#2920 = ORIENTED_EDGE ( 'NONE', *, *, #478, .F. ) ;
#2921 = AXIS2_PLACEMENT_3D ( 'NONE', #445, #2980, #140 ) ;
#2922 = ADVANCED_FACE ( 'NONE', ( #3781 ), #649, .T. ) ;
#2923 = ORIENTED_EDGE ( 'NONE', *, *, #3426, .T. ) ;
#2924 = AXIS2_PLACEMENT_3D ( 'NONE', #3619, #2976, #1381 ) ;
#2925 = SURFACE_STYLE_USAGE ( .BOTH. , #1042 ) ;
#2926 = ORIENTED_EDGE ( 'NONE', *, *, #1167, .F. ) ;
#2927 = AXIS2_PLACEMENT_3D ( 'NONE', #1832, #3092, #2154 ) ;
#2928 = AXIS2_PLACEMENT_3D ( 'NONE', #2520, #931, #3106 ) ;
#2929 = CARTESIAN_POINT ( 'NONE',  ( 3.874554418332483596, 2.080499999999998906, -2.095499999999999918 ) ) ;
#2930 = DIRECTION ( 'NONE',  ( 1.000000000000000000, -3.830847676115450841E-15, 0.000000000000000000 ) ) ;
#2931 = DIRECTION ( 'NONE',  ( 0.000000000000000000, 0.9902680687415703620, 0.1391731009600657432 ) ) ;
#2932 = AXIS2_PLACEMENT_3D ( 'NONE', #4033, #3124, #3403 ) ;
#2933 = CARTESIAN_POINT ( 'NONE',  ( 4.302998820355126597, 1.780499999999993532, -1.714499999999999913 ) ) ;
#2934 = DIRECTION ( 'NONE',  ( -1.000000000000000000, -6.829619984160705575E-15, 0.000000000000000000 ) ) ;
#2935 = CARTESIAN_POINT ( 'NONE',  ( 3.403499999999999748, 2.080500000000000682, -1.714499999999999913 ) ) ;
#2936 = VERTEX_POINT ( 'NONE', #2203 ) ;
#2937 = ORIENTED_EDGE ( 'NONE', *, *, #1156, .F. ) ;
#2938 = VECTOR ( 'NONE', #43, 1000.000000000000000 ) ;
#2939 = VECTOR ( 'NONE', #1679, 1000.000000000000000 ) ;
#2940 = VERTEX_POINT ( 'NONE', #335 ) ;
#2941 = DIRECTION ( 'NONE',  ( -1.000000000000000000, 0.000000000000000000, 0.000000000000000000 ) ) ;
#2942 = DIRECTION ( 'NONE',  ( 1.000000000000000000, -3.830847676115450841E-15, 0.000000000000000000 ) ) ;
#2943 = DIRECTION ( 'NONE',  ( -6.829619984160684276E-15, -1.000000000000000000, 0.000000000000000000 ) ) ;
#2944 = EDGE_LOOP ( 'NONE', ( #1402, #308, #4017, #2513 ) ) ;
#2945 = AXIS2_PLACEMENT_3D ( 'NONE', #1910, #3177, #942 ) ;
#2946 = EDGE_CURVE ( 'NONE', #2824, #832, #2058, .T. ) ;
#2947 = ADVANCED_FACE ( 'NONE', ( #3158 ), #2869, .F. ) ;
#2948 = VERTEX_POINT ( 'NONE', #854 ) ;
#2949 = SURFACE_SIDE_STYLE ('',( #1352 ) ) ;
#2950 = CARTESIAN_POINT ( 'NONE',  ( 3.403499999999999304, 2.080500000000000238, -2.925000000000001599 ) ) ;
#2951 = ORIENTED_EDGE ( 'NONE', *, *, #3016, .F. ) ;
#2952 = PLANE ( 'NONE',  #3525 ) ;
#2953 = CARTESIAN_POINT ( 'NONE',  ( 4.064316894675505942, 1.693626883595273247, -0.4445000000000000062 ) ) ;
#2954 = DIRECTION ( 'NONE',  ( 0.000000000000000000, 0.000000000000000000, 1.000000000000000000 ) ) ;
#2955 = DIRECTION ( 'NONE',  ( -0.000000000000000000, -0.000000000000000000, -1.000000000000000000 ) ) ;
#2956 = PLANE ( 'NONE',  #887 ) ;
#2957 = ORIENTED_EDGE ( 'NONE', *, *, #1663, .T. ) ;
#2958 = ORIENTED_EDGE ( 'NONE', *, *, #2475, .F. ) ;
#2959 = ORIENTED_EDGE ( 'NONE', *, *, #1115, .F. ) ;
#2960 = CARTESIAN_POINT ( 'NONE',  ( -4.302998820355126597, 1.780499999999992422, 2.095500000000000362 ) ) ;
#2961 = CYLINDRICAL_SURFACE ( 'NONE', #2393, 0.2019410093742298740 ) ;
#2962 = DIRECTION ( 'NONE',  ( 0.000000000000000000, 0.000000000000000000, 1.000000000000000000 ) ) ;
#2963 = ORIENTED_EDGE ( 'NONE', *, *, #482, .F. ) ;
#2964 = ORIENTED_EDGE ( 'NONE', *, *, #531, .T. ) ;
#2965 = LINE ( 'NONE', #2356, #3526 ) ;
#2966 = CARTESIAN_POINT ( 'NONE',  ( -5.000000000000002665, -2.960210660448999032E-15, -2.095499999999999918 ) ) ;
#2967 = ORIENTED_EDGE ( 'NONE', *, *, #578, .F. ) ;
#2968 = EDGE_CURVE ( 'NONE', #905, #908, #2110, .T. ) ;
#2969 = AXIS2_PLACEMENT_3D ( 'NONE', #2216, #274, #3717 ) ;
#2970 = DIRECTION ( 'NONE',  ( 4.603299025719963228E-15, -1.000000000000000000, 0.000000000000000000 ) ) ;
#2971 = CARTESIAN_POINT ( 'NONE',  ( 5.750000000000001776, -2.710505431213761085E-17, 2.095500000000000362 ) ) ;
#2972 = ADVANCED_FACE ( 'NONE', ( #399 ), #515, .T. ) ;
#2973 = FACE_OUTER_BOUND ( 'NONE', #1262, .T. ) ;
#2974 = CARTESIAN_POINT ( 'NONE',  ( -2.128980829383888551, 3.606999999999999762, -1.632313148946297865 ) ) ;
#2975 = ORIENTED_EDGE ( 'NONE', *, *, #1425, .F. ) ;
#2976 = DIRECTION ( 'NONE',  ( 0.000000000000000000, 0.000000000000000000, 1.000000000000000000 ) ) ;
#2977 = VERTEX_POINT ( 'NONE', #797 ) ;
#2978 = LINE ( 'NONE', #3582, #1020 ) ;
#2979 = PLANE ( 'NONE',  #1870 ) ;
#2980 = DIRECTION ( 'NONE',  ( -0.000000000000000000, -0.000000000000000000, -1.000000000000000000 ) ) ;
#2981 = ORIENTED_EDGE ( 'NONE', *, *, #716, .T. ) ;
#2982 = VECTOR ( 'NONE', #476, 1000.000000000000000 ) ;
#2983 = VERTEX_POINT ( 'NONE', #819 ) ;
#2984 = DIRECTION ( 'NONE',  ( 1.000000000000000000, 0.000000000000000000, 0.000000000000000000 ) ) ;
#2985 = DIRECTION ( 'NONE',  ( -0.9396926207859083169, 0.3420201433256691570, 0.000000000000000000 ) ) ;
#2986 = AXIS2_PLACEMENT_3D ( 'NONE', #1737, #1097, #770 ) ;
#2987 = ORIENTED_EDGE ( 'NONE', *, *, #1627, .F. ) ;
#2988 = CIRCLE ( 'NONE', #3113, 0.4559410093742276016 ) ;
#2989 = DIRECTION ( 'NONE',  ( -0.3420201433256689905, -0.9396926207859083169, 0.000000000000000000 ) ) ;
#2990 = AXIS2_PLACEMENT_3D ( 'NONE', #1250, #1274, #2533 ) ;
#2991 = EDGE_CURVE ( 'NONE', #700, #3038, #1861, .T. ) ;
#2992 = EDGE_CURVE ( 'NONE', #1057, #2999, #2075, .T. ) ;
#2993 = CARTESIAN_POINT ( 'NONE',  ( 5.000000000000001776, -2.960210660448999032E-15, 2.095500000000000362 ) ) ;
#2994 = CARTESIAN_POINT ( 'NONE',  ( 5.000000000000001776, -2.960210660448999032E-15, 1.714500000000000357 ) ) ;
#2995 = EDGE_CURVE ( 'NONE', #3436, #743, #4020, .T. ) ;
#2996 = ORIENTED_EDGE ( 'NONE', *, *, #75, .F. ) ;
#2997 = STYLED_ITEM ( 'NONE', ( #352 ), #562 ) ;
#2998 = CIRCLE ( 'NONE', #414, 0.4559410093742288783 ) ;
#2999 = VERTEX_POINT ( 'NONE', #211 ) ;
#3000 = CARTESIAN_POINT ( 'NONE',  ( 3.403499999999999304, 2.080500000000000238, -2.925000000000001599 ) ) ;
#3001 = CARTESIAN_POINT ( 'NONE',  ( 3.874554418332484040, 2.080499999999998906, 0.4445000000000002283 ) ) ;
#3002 = CARTESIAN_POINT ( 'NONE',  ( 4.810237523656975434, 0.3868731164047196636, 0.8255000000000000115 ) ) ;
#3003 = ORIENTED_EDGE ( 'NONE', *, *, #2045, .T. ) ;
#3004 = AXIS2_PLACEMENT_3D ( 'NONE', #880, #2135, #3485 ) ;
#3005 = VECTOR ( 'NONE', #3621, 1000.000000000000114 ) ;
#3006 = ORIENTED_EDGE ( 'NONE', *, *, #659, .F. ) ;
#3007 = VECTOR ( 'NONE', #1671, 1000.000000000000000 ) ;
#3008 = DIRECTION ( 'NONE',  ( -0.000000000000000000, -0.000000000000000000, -1.000000000000000000 ) ) ;
#3009 = ORIENTED_EDGE ( 'NONE', *, *, #606, .F. ) ;
#3010 = FACE_OUTER_BOUND ( 'NONE', #660, .T. ) ;
#3011 = DIRECTION ( 'NONE',  ( -0.000000000000000000, -0.000000000000000000, -1.000000000000000000 ) ) ;
#3012 = FACE_OUTER_BOUND ( 'NONE', #3923, .T. ) ;
#3013 = CYLINDRICAL_SURFACE ( 'NONE', #3233, 0.4559410093742302106 ) ;
#3014 = LINE ( 'NONE', #517, #3731 ) ;
#3015 = EDGE_LOOP ( 'NONE', ( #923, #518, #3684, #3577 ) ) ;
#3016 = EDGE_CURVE ( 'NONE', #4095, #436, #1788, .T. ) ;
#3017 = ADVANCED_FACE ( 'NONE', ( #3012 ), #1144, .F. ) ;
#3018 = ORIENTED_EDGE ( 'NONE', *, *, #818, .F. ) ;
#3019 = DIRECTION ( 'NONE',  ( 0.3420201433256691015, -0.9396926207859082059, 0.000000000000000000 ) ) ;
#3020 = CARTESIAN_POINT ( 'NONE',  ( -3.874554418332484929, 2.080499999999998018, 1.714500000000000357 ) ) ;
#3021 = VERTEX_POINT ( 'NONE', #3984 ) ;
#3022 = ORIENTED_EDGE ( 'NONE', *, *, #2910, .F. ) ;
#3024 = VECTOR ( 'NONE', #1932, 1000.000000000000000 ) ;
#3023 = DIRECTION ( 'NONE',  ( -0.000000000000000000, -0.000000000000000000, -1.000000000000000000 ) ) ;
#3025 = FACE_OUTER_BOUND ( 'NONE', #1171, .T. ) ;
#3026 = EDGE_LOOP ( 'NONE', ( #1136, #13, #3920, #511 ) ) ;
#3027 = FILL_AREA_STYLE ('',( #3945 ) ) ;
#3028 = CARTESIAN_POINT ( 'NONE',  ( -3.252207791442874196, 3.157000000000000028, 2.773707791442877379 ) ) ;
#3029 = CARTESIAN_POINT ( 'NONE',  ( -3.403500000000001524, 1.826500000000000457, -1.714499999999999913 ) ) ;
#3030 = CLOSED_SHELL ( 'NONE', ( #1291, #2554, #2947, #2262, #2972, #2445, #634, #654, #1347, #1472, #375, #3377, #2548, #2775 ) ) ;
#3031 = DIRECTION ( 'NONE',  ( 1.000000000000000000, 0.000000000000000000, 0.000000000000000000 ) ) ;
#3032 = DIRECTION ( 'NONE',  ( 1.000000000000000000, -6.829619984160685065E-15, 0.000000000000000000 ) ) ;
#3033 = ORIENTED_EDGE ( 'NONE', *, *, #3215, .T. ) ;
#3034 = ORIENTED_EDGE ( 'NONE', *, *, #2968, .T. ) ;
#3035 = CARTESIAN_POINT ( 'NONE',  ( 3.874554418332484040, 2.080499999999998906, -0.4445000000000000062 ) ) ;
#3036 = EDGE_CURVE ( 'NONE', #56, #3881, #392, .T. ) ;
#3037 = CARTESIAN_POINT ( 'NONE',  ( -5.750000000000001776, -2.710505431213761085E-17, 0.8255000000000000115 ) ) ;
#3038 = VERTEX_POINT ( 'NONE', #3387 ) ;
#3039 = ORIENTED_EDGE ( 'NONE', *, *, #3746, .F. ) ;
#3040 = EDGE_CURVE ( 'NONE', #2448, #1639, #193, .T. ) ;
#3041 = FACE_OUTER_BOUND ( 'NONE', #1898, .T. ) ;
#3042 = CYLINDRICAL_SURFACE ( 'NONE', #1066, 0.3012640406271755444 ) ;
#3043 = EDGE_CURVE ( 'NONE', #3699, #3341, #2379, .T. ) ;
#3044 = VERTEX_POINT ( 'NONE', #3049 ) ;
#3045 = VECTOR ( 'NONE', #3411, 1000.000000000000000 ) ;
#3046 = FACE_OUTER_BOUND ( 'NONE', #3932, .T. ) ;
#3047 = CIRCLE ( 'NONE', #2047, 0.2019410093742285695 ) ;
#3048 = FACE_OUTER_BOUND ( 'NONE', #1280, .T. ) ;
#3049 = CARTESIAN_POINT ( 'NONE',  ( 4.571555597977356555, 0.2999999999999999334, -0.4445000000000000062 ) ) ;
#3050 = COLOUR_RGB ( '',0.7921568627450980005, 0.8196078431372548767, 0.9333333333333333481 ) ;
#3051 = PRODUCT_RELATED_PRODUCT_CATEGORY ( 'part', '', ( #3771 ) ) ;
#3052 = EDGE_CURVE ( 'NONE', #1110, #3244, #1493, .T. ) ;
#3053 = CYLINDRICAL_SURFACE ( 'NONE', #2102, 0.4559410093742276016 ) ;
#3054 = DIRECTION ( 'NONE',  ( 1.000000000000000000, -6.829619984160685065E-15, 0.000000000000000000 ) ) ;
#3055 = ORIENTED_EDGE ( 'NONE', *, *, #3043, .F. ) ;
#3056 = VECTOR ( 'NONE', #4, 1000.000000000000000 ) ;
#3057 = EDGE_LOOP ( 'NONE', ( #38, #1897, #2000, #1191 ) ) ;
#3058 = COLOUR_RGB ( '',0.7921568627450980005, 0.8196078431372548767, 0.9333333333333333481 ) ;
#3059 = CARTESIAN_POINT ( 'NONE',  ( 4.810237523656975434, 0.3868731164047196636, 0.4445000000000002283 ) ) ;
#3060 = CARTESIAN_POINT ( 'NONE',  ( -3.403500000000000192, 1.826500000000000457, -2.925000000000000711 ) ) ;
#3061 = VERTEX_POINT ( 'NONE', #2361 ) ;
#3062 = AXIS2_PLACEMENT_3D ( 'NONE', #3726, #1235, #925 ) ;
#3063 = ORIENTED_EDGE ( 'NONE', *, *, #2160, .T. ) ;
#3064 = FACE_OUTER_BOUND ( 'NONE', #430, .T. ) ;
#3065 = ORIENTED_EDGE ( 'NONE', *, *, #1714, .F. ) ;
#3066 = EDGE_CURVE ( 'NONE', #56, #710, #172, .T. ) ;
#3067 = EDGE_CURVE ( 'NONE', #1639, #552, #2401, .T. ) ;
#3068 = CIRCLE ( 'NONE', #1544, 0.3012640406271755444 ) ;
#3069 = VECTOR ( 'NONE', #2444, 1000.000000000000000 ) ;
#3070 = DIRECTION ( 'NONE',  ( 0.000000000000000000, 1.000000000000000000, 0.000000000000000000 ) ) ;
#3071 = DIRECTION ( 'NONE',  ( -0.000000000000000000, -0.000000000000000000, -1.000000000000000000 ) ) ;
#3072 = DIRECTION ( 'NONE',  ( -0.3420201433256689905, -0.9396926207859083169, 0.000000000000000000 ) ) ;
#3073 = DIRECTION ( 'NONE',  ( 0.000000000000000000, -0.9902680687415703620, -0.1391731009600657432 ) ) ;
#3074 = PLANE ( 'NONE',  #2008 ) ;
#3075 = FACE_OUTER_BOUND ( 'NONE', #3500, .T. ) ;
#3076 = DIRECTION ( 'NONE',  ( 1.000000000000000000, -3.910807474849149088E-15, -0.000000000000000000 ) ) ;
#3077 = EDGE_CURVE ( 'NONE', #3372, #1942, #3175, .T. ) ;
#3078 = DIRECTION ( 'NONE',  ( -1.000000000000000000, -1.662443331144440592E-15, -0.000000000000000000 ) ) ;
#3079 = DIRECTION ( 'NONE',  ( -1.000000000000000000, 3.830847676115450052E-15, 0.000000000000000000 ) ) ;
#3080 = ORIENTED_EDGE ( 'NONE', *, *, #2616, .F. ) ;
#3081 = EDGE_LOOP ( 'NONE', ( #1423, #1039, #1133, #1341 ) ) ;
#3082 = PLANE ( 'NONE',  #3062 ) ;
#3083 = CARTESIAN_POINT ( 'NONE',  ( 5.000000000000000888, -2.960210660448999032E-15, -0.4445000000000000062 ) ) ;
#3084 = VERTEX_POINT ( 'NONE', #1455 ) ;
#3085 = DIRECTION ( 'NONE',  ( 0.7071067811865475727, -0.7071067811865475727, 0.000000000000000000 ) ) ;
#3086 = DIRECTION ( 'NONE',  ( -1.000000000000000000, 0.000000000000000000, 0.000000000000000000 ) ) ;
#3087 = LINE ( 'NONE', #1511, #3045 ) ;
#3088 = EDGE_CURVE ( 'NONE', #1569, #2448, #2734, .T. ) ;
#3089 = EDGE_CURVE ( 'NONE', #3364, #3228, #2417, .T. ) ;
#3090 = DIRECTION ( 'NONE',  ( -0.000000000000000000, -0.000000000000000000, -1.000000000000000000 ) ) ;
#3091 = CARTESIAN_POINT ( 'NONE',  ( 3.874554418332484040, 2.080499999999998906, 0.8255000000000000115 ) ) ;
#3092 = DIRECTION ( 'NONE',  ( -3.830847676115450841E-15, -1.000000000000000000, 0.000000000000000000 ) ) ;
#3093 = EDGE_CURVE ( 'NONE', #159, #298, #798, .T. ) ;
#3094 = VECTOR ( 'NONE', #2549, 1000.000000000000000 ) ;
#3095 = LINE ( 'NONE', #1209, #3692 ) ;
#3096 = DIRECTION ( 'NONE',  ( -0.000000000000000000, -0.000000000000000000, -1.000000000000000000 ) ) ;
#3097 = CARTESIAN_POINT ( 'NONE',  ( 5.750000000000001776, -2.710505431213761085E-17, 0.8255000000000000115 ) ) ;
#3098 = EDGE_LOOP ( 'NONE', ( #2029, #1388, #635, #2183 ) ) ;
#3099 = VERTEX_POINT ( 'NONE', #1242 ) ;
#3100 = EDGE_CURVE ( 'NONE', #136, #3559, #2543, .T. ) ;
#3101 = DIRECTION ( 'NONE',  ( -0.000000000000000000, -0.000000000000000000, -1.000000000000000000 ) ) ;
#3102 = CARTESIAN_POINT ( 'NONE',  ( 5.000000000000000888, -2.960210660448999032E-15, -1.714499999999999913 ) ) ;
#3103 = ORIENTED_EDGE ( 'NONE', *, *, #1650, .T. ) ;
#3104 = ORIENTED_EDGE ( 'NONE', *, *, #1451, .T. ) ;
#3105 = FILL_AREA_STYLE_COLOUR ( '', #1998 ) ;
#3106 = DIRECTION ( 'NONE',  ( -1.000000000000000000, 0.000000000000000000, 0.000000000000000000 ) ) ;
#3107 = CARTESIAN_POINT ( 'NONE',  ( -5.750000000000002665, -2.710505431213761085E-17, -0.4445000000000000062 ) ) ;
#3108 = COLOUR_RGB ( '',0.7921568627450980005, 0.8196078431372548767, 0.9333333333333333481 ) ;
#3109 = AXIS2_PLACEMENT_3D ( 'NONE', #2367, #3358, #488 ) ;
#3110 = CARTESIAN_POINT ( 'NONE',  ( -3.403500000000000636, 1.826500000000000457, 2.095500000000000362 ) ) ;
#3111 = DIRECTION ( 'NONE',  ( -3.222309318003976232E-15, 1.000000000000000000, 0.000000000000000000 ) ) ;
#3112 = FACE_OUTER_BOUND ( 'NONE', #3081, .T. ) ;
#3113 = AXIS2_PLACEMENT_3D ( 'NONE', #3623, #2962, #3293 ) ;
#3114 = EDGE_CURVE ( 'NONE', #3502, #3044, #1202, .T. ) ;
#3115 = EDGE_CURVE ( 'NONE', #3116, #1639, #599, .T. ) ;
#3116 = VERTEX_POINT ( 'NONE', #1905 ) ;
#3117 = EDGE_CURVE ( 'NONE', #436, #782, #246, .T. ) ;
#3118 = LINE ( 'NONE', #1273, #1879 ) ;
#3119 = VECTOR ( 'NONE', #3072, 1000.000000000000114 ) ;
#3120 = CARTESIAN_POINT ( 'NONE',  ( -5.000000000000000000, 0.2539999999999961178, 2.095500000000000362 ) ) ;
#3121 = VERTEX_POINT ( 'NONE', #3733 ) ;
#3122 = VECTOR ( 'NONE', #3386, 1000.000000000000000 ) ;
#3123 = ORIENTED_EDGE ( 'NONE', *, *, #2024, .F. ) ;
#3124 = DIRECTION ( 'NONE',  ( 0.000000000000000000, 0.000000000000000000, 1.000000000000000000 ) ) ;
#3125 = LINE ( 'NONE', #2208, #4103 ) ;
#3126 = EDGE_LOOP ( 'NONE', ( #1704, #3065, #3524, #3849 ) ) ;
#3127 = AXIS2_PLACEMENT_3D ( 'NONE', #948, #3562, #3541 ) ;
#3128 = VERTEX_POINT ( 'NONE', #3131 ) ;
#3129 = VECTOR ( 'NONE', #3622, 1000.000000000000000 ) ;
#3130 =( NAMED_UNIT ( * ) SI_UNIT ( $, .STERADIAN. ) SOLID_ANGLE_UNIT ( ) );
#3131 = CARTESIAN_POINT ( 'NONE',  ( -4.302998820355127485, 1.780499999999992422, -0.8254999999999999005 ) ) ;
#3132 = ORIENTED_EDGE ( 'NONE', *, *, #48, .F. ) ;
#3133 = VECTOR ( 'NONE', #1288, 1000.000000000000000 ) ;
#3134 = CIRCLE ( 'NONE', #2459, 0.2019410093742285695 ) ;
#3135 = CARTESIAN_POINT ( 'NONE',  ( -5.750000000000001776, -2.710505431213761085E-17, 2.095500000000000362 ) ) ;
#3136 = FACE_OUTER_BOUND ( 'NONE', #3914, .T. ) ;
#3137 = CARTESIAN_POINT ( 'NONE',  ( -5.000000000000000888, 0.2539999999999951741, -0.4445000000000000062 ) ) ;
#3138 = VECTOR ( 'NONE', #2759, 1000.000000000000114 ) ;
#3139 = ORIENTED_EDGE ( 'NONE', *, *, #410, .T. ) ;
#3140 = DIRECTION ( 'NONE',  ( -1.000000000000000000, 0.000000000000000000, 0.000000000000000000 ) ) ;
#3141 = EDGE_CURVE ( 'NONE', #1403, #1653, #265, .T. ) ;
#3142 = DIRECTION ( 'NONE',  ( -0.000000000000000000, -0.000000000000000000, -1.000000000000000000 ) ) ;
#3143 = EDGE_CURVE ( 'NONE', #2646, #552, #290, .T. ) ;
#3144 = ORIENTED_EDGE ( 'NONE', *, *, #203, .T. ) ;
#3145 = ORIENTED_EDGE ( 'NONE', *, *, #3728, .F. ) ;
#3146 = CARTESIAN_POINT ( 'NONE',  ( 3.874554418332484484, 1.624558990625769139, 2.095500000000000362 ) ) ;
#3147 = CARTESIAN_POINT ( 'NONE',  ( 5.000000000000000000, 0.2539999999999969504, 0.8255000000000000115 ) ) ;
#3148 = ORIENTED_EDGE ( 'NONE', *, *, #3141, .T. ) ;
#3149 = ORIENTED_EDGE ( 'NONE', *, *, #2024, .T. ) ;
#3150 = DIRECTION ( 'NONE',  ( -0.000000000000000000, -0.000000000000000000, -1.000000000000000000 ) ) ;
#3151 = CARTESIAN_POINT ( 'NONE',  ( 4.302998820355127485, 1.780499999999993532, 0.8255000000000000115 ) ) ;
#3152 = ORIENTED_EDGE ( 'NONE', *, *, #4086, .F. ) ;
#3153 = FACE_OUTER_BOUND ( 'NONE', #953, .T. ) ;
#3154 = CARTESIAN_POINT ( 'NONE',  ( 3.403499999999999748, 1.826500000000000457, -1.714499999999999913 ) ) ;
#3155 = PLANE ( 'NONE',  #2187 ) ;
#3156 = CARTESIAN_POINT ( 'NONE',  ( 3.403500000000000636, 2.080500000000000682, 2.095500000000000362 ) ) ;
#3157 = DIRECTION ( 'NONE',  ( 0.9396926207859083169, 0.3420201433256691570, -0.000000000000000000 ) ) ;
#3158 = FACE_OUTER_BOUND ( 'NONE', #433, .T. ) ;
#3159 = DIRECTION ( 'NONE',  ( -0.000000000000000000, -0.000000000000000000, -1.000000000000000000 ) ) ;
#3160 = ORIENTED_EDGE ( 'NONE', *, *, #3300, .T. ) ;
#3161 = EDGE_LOOP ( 'NONE', ( #3740, #2937, #3892, #973 ) ) ;
#3162 = LINE ( 'NONE', #1615, #882 ) ;
#3163 = CARTESIAN_POINT ( 'NONE',  ( 4.302998820355126597, 1.780499999999993532, -1.714499999999999913 ) ) ;
#3164 = ORIENTED_EDGE ( 'NONE', *, *, #3247, .F. ) ;
#3165 = EDGE_CURVE ( 'NONE', #262, #458, #3087, .T. ) ;
#3166 = ADVANCED_FACE ( 'NONE', ( #932 ), #2521, .T. ) ;
#3167 = VERTEX_POINT ( 'NONE', #2458 ) ;
#3168 = EDGE_CURVE ( 'NONE', #2940, #1232, #896, .T. ) ;
#3169 = CARTESIAN_POINT ( 'NONE',  ( -3.403499999999998860, 2.080500000000000238, 2.925000000000001599 ) ) ;
#3170 = CARTESIAN_POINT ( 'NONE',  ( -5.750000000000001776, -2.710505431213761085E-17, 2.095500000000000362 ) ) ;
#3171 = VERTEX_POINT ( 'NONE', #3483 ) ;
#3172 = FACE_OUTER_BOUND ( 'NONE', #2369, .T. ) ;
#3173 = DIRECTION ( 'NONE',  ( 1.662443331144440790E-15, -1.000000000000000000, 0.000000000000000000 ) ) ;
#3174 = PLANE ( 'NONE',  #2718 ) ;
#3175 = CIRCLE ( 'NONE', #2437, 0.2019410093742298740 ) ;
#3176 = PLANE ( 'NONE',  #4021 ) ;
#3177 = DIRECTION ( 'NONE',  ( 0.000000000000000000, 0.000000000000000000, 1.000000000000000000 ) ) ;
#3179 = DIRECTION ( 'NONE',  ( -0.000000000000000000, -0.000000000000000000, -1.000000000000000000 ) ) ;
#3178 = AXIS2_PLACEMENT_3D ( 'NONE', #1038, #429, #2851 ) ;
#3180 = ORIENTED_EDGE ( 'NONE', *, *, #2862, .F. ) ;
#3181 = DIRECTION ( 'NONE',  ( -0.000000000000000000, -0.000000000000000000, -1.000000000000000000 ) ) ;
#3182 = ORIENTED_EDGE ( 'NONE', *, *, #3302, .F. ) ;
#3183 = PRESENTATION_LAYER_ASSIGNMENT (  '', '', ( #1259 ) ) ;
#3184 = VERTEX_POINT ( 'NONE', #912 ) ;
#3185 = CARTESIAN_POINT ( 'NONE',  ( -5.750000000000000888, 0.2539999999999990044, -2.095499999999999918 ) ) ;
#3186 = DIRECTION ( 'NONE',  ( 4.603299025719963228E-15, -1.000000000000000000, 0.000000000000000000 ) ) ;
#3187 = ORIENTED_EDGE ( 'NONE', *, *, #1779, .T. ) ;
#3188 = AXIS2_PLACEMENT_3D ( 'NONE', #749, #1406, #3939 ) ;
#3189 = ORIENTED_EDGE ( 'NONE', *, *, #913, .T. ) ;
#3190 =( LENGTH_UNIT ( ) NAMED_UNIT ( * ) SI_UNIT ( .MILLI., .METRE. ) );
#3191 = DIRECTION ( 'NONE',  ( -2.224004456380521410E-16, -0.000000000000000000, -1.000000000000000000 ) ) ;
#3192 = ORIENTED_EDGE ( 'NONE', *, *, #1562, .F. ) ;
#3193 = MECHANICAL_DESIGN_GEOMETRIC_PRESENTATION_REPRESENTATION (  '', ( #2997 ), #1204 ) ;
#3194 = EDGE_CURVE ( 'NONE', #2429, #2245, #3815, .T. ) ;
#3195 = EDGE_CURVE ( 'NONE', #2810, #519, #1225, .T. ) ;
#3196 = CARTESIAN_POINT ( 'NONE',  ( 3.403500000000000192, 2.080500000000000682, 0.4445000000000002283 ) ) ;
#3197 = FACE_OUTER_BOUND ( 'NONE', #976, .T. ) ;
#3198 = LINE ( 'NONE', #358, #1233 ) ;
#3199 = UNCERTAINTY_MEASURE_WITH_UNIT (LENGTH_MEASURE( 1.000000000000000082E-05 ), #2624, 'distance_accuracy_value', 'NONE');
#3200 = AXIS2_PLACEMENT_3D ( 'NONE', #1438, #538, #3329 ) ;
#3201 = DIRECTION ( 'NONE',  ( 6.829619984160705575E-15, -1.000000000000000000, 0.000000000000000000 ) ) ;
#3202 = CARTESIAN_POINT ( 'NONE',  ( 4.999999999999999112, 0.2539999999999954516, -0.4445000000000000062 ) ) ;
#3203 = VERTEX_POINT ( 'NONE', #1844 ) ;
#3204 = CARTESIAN_POINT ( 'NONE',  ( -3.403500000000001524, 1.826500000000000457, -2.095499999999999918 ) ) ;
#3205 = ORIENTED_EDGE ( 'NONE', *, *, #2995, .T. ) ;
#3206 = EDGE_LOOP ( 'NONE', ( #4010, #2776, #532, #2923, #226, #2210, #3642, #858, #2017, #80, #2516, #2689 ) ) ;
#3207 = CARTESIAN_POINT ( 'NONE',  ( -3.403500000000001080, 1.826500000000000457, -0.4445000000000000062 ) ) ;
#3208 = LINE ( 'NONE', #53, #1272 ) ;
#3209 = PLANE ( 'NONE',  #328 ) ;
#3210 = ORIENTED_EDGE ( 'NONE', *, *, #2358, .T. ) ;
#3211 = EDGE_CURVE ( 'NONE', #1387, #1855, #624, .T. ) ;
#3212 = EDGE_LOOP ( 'NONE', ( #3394, #1072, #3182, #447 ) ) ;
#3213 = FILL_AREA_STYLE_COLOUR ( '', #3108 ) ;
#3214 = VERTEX_POINT ( 'NONE', #2793 ) ;
#3215 = EDGE_CURVE ( 'NONE', #188, #1885, #1887, .T. ) ;
#3216 = SURFACE_STYLE_FILL_AREA ( #1948 ) ;
#3217 = DIRECTION ( 'NONE',  ( 1.000000000000000000, 1.662443331144440790E-15, 0.000000000000000000 ) ) ;
#3218 = CARTESIAN_POINT ( 'NONE',  ( 3.403500000000000636, 2.080500000000000682, 2.095500000000000362 ) ) ;
#3219 = EDGE_CURVE ( 'NONE', #3807, #3808, #3443, .T. ) ;
#3220 = EDGE_CURVE ( 'NONE', #1759, #2623, #307, .T. ) ;
#3221 = CARTESIAN_POINT ( 'NONE',  ( 5.000000000000000888, -2.960210660448999032E-15, -0.4445000000000000062 ) ) ;
#3222 = VECTOR ( 'NONE', #3090, 1000.000000000000000 ) ;
#3223 = CARTESIAN_POINT ( 'NONE',  ( -3.874554418332485373, 1.826499999999998902, -1.714499999999999913 ) ) ;
#3224 = CARTESIAN_POINT ( 'NONE',  ( 4.064316894675505942, 1.693626883595273247, -0.8254999999999999005 ) ) ;
#3225 = ADVANCED_FACE ( 'NONE', ( #557 ), #1579, .F. ) ;
#3226 = CARTESIAN_POINT ( 'NONE',  ( -0.5004116246074304941, 5.908796166835442953, -2.386968061224981508 ) ) ;
#3227 = ORIENTED_EDGE ( 'NONE', *, *, #2885, .F. ) ;
#3228 = VERTEX_POINT ( 'NONE', #2565 ) ;
#3229 = CARTESIAN_POINT ( 'NONE',  ( 3.874554418332484040, 1.624558990625769139, 0.8255000000000000115 ) ) ;
#3230 = CARTESIAN_POINT ( 'NONE',  ( -4.302998820355126597, 1.780499999999992422, 2.095500000000000362 ) ) ;
#3231 = CARTESIAN_POINT ( 'NONE',  ( 4.999999999999996447, 0.4559410093742238823, -1.714499999999999913 ) ) ;
#3232 = ORIENTED_EDGE ( 'NONE', *, *, #3409, .T. ) ;
#3233 = AXIS2_PLACEMENT_3D ( 'NONE', #2715, #2362, #2404 ) ;
#3234 = ORIENTED_EDGE ( 'NONE', *, *, #3552, .T. ) ;
#3235 = DIRECTION ( 'NONE',  ( -0.000000000000000000, -0.000000000000000000, -1.000000000000000000 ) ) ;
#3236 =( NAMED_UNIT ( * ) SI_UNIT ( $, .STERADIAN. ) SOLID_ANGLE_UNIT ( ) );
#3237 = EDGE_LOOP ( 'NONE', ( #2845, #201, #1519, #3039, #1884, #2563, #416, #3439, #3164, #1819, #3022, #3760 ) ) ;
#3238 = CARTESIAN_POINT ( 'NONE',  ( -3.403500000000001080, 2.080500000000000238, 0.8255000000000000115 ) ) ;
#3239 = PLANE ( 'NONE',  #1200 ) ;
#3240 = DIRECTION ( 'NONE',  ( -0.000000000000000000, -0.000000000000000000, -1.000000000000000000 ) ) ;
#3241 = DIRECTION ( 'NONE',  ( 6.829619984160685065E-15, 1.000000000000000000, 0.000000000000000000 ) ) ;
#3242 = DIRECTION ( 'NONE',  ( 0.000000000000000000, 0.000000000000000000, -1.000000000000000000 ) ) ;
#3243 = CARTESIAN_POINT ( 'NONE',  ( -4.064316894675507719, 1.693626883595273247, -1.714499999999999913 ) ) ;
#3244 = VERTEX_POINT ( 'NONE', #709 ) ;
#3245 = EDGE_CURVE ( 'NONE', #698, #2289, #1306, .T. ) ;
#3246 = EDGE_CURVE ( 'NONE', #1838, #3502, #2770, .T. ) ;
#3247 = EDGE_CURVE ( 'NONE', #751, #2429, #3922, .T. ) ;
#3248 = ORIENTED_EDGE ( 'NONE', *, *, #2991, .T. ) ;
#3249 = CIRCLE ( 'NONE', #3643, 0.4559410093742276016 ) ;
#3250 = CARTESIAN_POINT ( 'NONE',  ( 3.874554418332484484, 2.080499999999998906, 2.095500000000000362 ) ) ;
#3251 = FACE_OUTER_BOUND ( 'NONE', #1801, .T. ) ;
#3252 = CYLINDRICAL_SURFACE ( 'NONE', #3973, 0.2019410093742285695 ) ;
#3253 = ORIENTED_EDGE ( 'NONE', *, *, #3828, .T. ) ;
#3254 = ORIENTED_EDGE ( 'NONE', *, *, #2197, .T. ) ;
#3255 = DIRECTION ( 'NONE',  ( 1.000000000000000000, 0.000000000000000000, 0.000000000000000000 ) ) ;
#3256 = VERTEX_POINT ( 'NONE', #663 ) ;
#3257 = VECTOR ( 'NONE', #1668, 1000.000000000000000 ) ;
#3258 = VECTOR ( 'NONE', #1749, 1000.000000000000000 ) ;
#3259 = EDGE_CURVE ( 'NONE', #722, #3021, #993, .T. ) ;
#3260 = DIRECTION ( 'NONE',  ( -1.000000000000000000, -3.910807474849149877E-15, 0.000000000000000000 ) ) ;
#3261 = VECTOR ( 'NONE', #2648, 1000.000000000000000 ) ;
#3262 = LINE ( 'NONE', #3818, #483 ) ;
#3263 = CARTESIAN_POINT ( 'NONE',  ( 4.999999999999996447, 0.4559410093742238823, -2.095499999999999918 ) ) ;
#3264 = VECTOR ( 'NONE', #32, 1000.000000000000000 ) ;
#3265 = CARTESIAN_POINT ( 'NONE',  ( -3.252207791442874196, 3.157000000000000028, -2.773707791442874715 ) ) ;
#3266 = DIRECTION ( 'NONE',  ( 0.000000000000000000, -1.000000000000000000, 0.000000000000000000 ) ) ;
#3267 = ORIENTED_EDGE ( 'NONE', *, *, #3677, .T. ) ;
#3268 =( NAMED_UNIT ( * ) PLANE_ANGLE_UNIT ( ) SI_UNIT ( $, .RADIAN. ) );
#3269 = EDGE_LOOP ( 'NONE', ( #3903, #587, #2392, #2005 ) ) ;
#3270 = VECTOR ( 'NONE', #397, 1000.000000000000000 ) ;
#3271 = AXIS2_PLACEMENT_3D ( 'NONE', #1036, #3851, #99 ) ;
#3272 = EDGE_LOOP ( 'NONE', ( #766, #1968, #1216, #3034 ) ) ;
#3273 = LINE ( 'NONE', #3207, #1875 ) ;
#3274 = EDGE_CURVE ( 'NONE', #1904, #424, #1522, .T. ) ;
#3275 = PLANE ( 'NONE',  #3661 ) ;
#3276 = LINE ( 'NONE', #2584, #1192 ) ;
#3277 = VERTEX_POINT ( 'NONE', #3884 ) ;
#3278 = AXIS2_PLACEMENT_3D ( 'NONE', #275, #3472, #2217 ) ;
#3279 = EDGE_LOOP ( 'NONE', ( #27, #1062, #3567, #3512 ) ) ;
#3280 = DIRECTION ( 'NONE',  ( -0.000000000000000000, 1.000000000000000000, -0.000000000000000000 ) ) ;
#3281 =( LENGTH_UNIT ( ) NAMED_UNIT ( * ) SI_UNIT ( .MILLI., .METRE. ) );
#3282 = ORIENTED_EDGE ( 'NONE', *, *, #1096, .F. ) ;
#3283 = DIRECTION ( 'NONE',  ( -0.000000000000000000, -0.000000000000000000, -1.000000000000000000 ) ) ;
#3284 = DIRECTION ( 'NONE',  ( -1.000000000000000000, 3.830847676115450052E-15, 0.000000000000000000 ) ) ;
#3285 = VECTOR ( 'NONE', #2112, 1000.000000000000000 ) ;
#3286 = DIRECTION ( 'NONE',  ( -3.910807474849149877E-15, 1.000000000000000000, 0.000000000000000000 ) ) ;
#3287 = CARTESIAN_POINT ( 'NONE',  ( -3.874554418332485817, 2.080499999999998018, -1.714499999999999913 ) ) ;
#3288 = ORIENTED_EDGE ( 'NONE', *, *, #1926, .F. ) ;
#3289 = APPLICATION_PROTOCOL_DEFINITION ( 'draft international standard', 'automotive_design', 1998, #1515 ) ;
#3290 = EDGE_LOOP ( 'NONE', ( #2364, #3900, #3812, #2355, #758, #2386, #1620, #1194, #525, #724, #3662, #3517 ) ) ;
#3291 = DIRECTION ( 'NONE',  ( 1.000000000000000000, 3.222309318003977021E-15, -0.000000000000000000 ) ) ;
#3292 = FACE_OUTER_BOUND ( 'NONE', #35, .T. ) ;
#3293 = DIRECTION ( 'NONE',  ( 1.000000000000000000, 0.000000000000000000, 0.000000000000000000 ) ) ;
#3294 = VERTEX_POINT ( 'NONE', #2228 ) ;
#3295 = ORIENTED_EDGE ( 'NONE', *, *, #1115, .T. ) ;
#3296 = DIRECTION ( 'NONE',  ( -1.000000000000000000, 0.000000000000000000, 0.000000000000000000 ) ) ;
#3297 = DIRECTION ( 'NONE',  ( -0.000000000000000000, -0.000000000000000000, -1.000000000000000000 ) ) ;
#3298 = ORIENTED_EDGE ( 'NONE', *, *, #3954, .T. ) ;
#3299 = EDGE_CURVE ( 'NONE', #12, #458, #2253, .T. ) ;
#3300 = EDGE_CURVE ( 'NONE', #240, #3256, #3501, .T. ) ;
#3301 = VECTOR ( 'NONE', #2465, 1000.000000000000000 ) ;
#3302 = EDGE_CURVE ( 'NONE', #2810, #1767, #57, .T. ) ;
#3303 = CARTESIAN_POINT ( 'NONE',  ( -4.810237523656976322, 0.3868731164047179427, 2.095500000000000362 ) ) ;
#3304 = DIRECTION ( 'NONE',  ( 1.000000000000000000, 0.000000000000000000, 0.000000000000000000 ) ) ;
#3305 = DIRECTION ( 'NONE',  ( 0.000000000000000000, 0.9902680687415703620, -0.1391731009600657432 ) ) ;
#3306 = MANIFOLD_SOLID_BREP ( 'LPattern1[1]', #2161 ) ;
#3307 = CARTESIAN_POINT ( 'NONE',  ( 4.302998820355127485, 1.780499999999993532, 2.095500000000000362 ) ) ;
#3308 = VERTEX_POINT ( 'NONE', #1327 ) ;
#3309 = ORIENTED_EDGE ( 'NONE', *, *, #3607, .T. ) ;
#3310 = CARTESIAN_POINT ( 'NONE',  ( 4.999999999999999112, 0.2539999999999969504, -1.714499999999999913 ) ) ;
#3311 = CARTESIAN_POINT ( 'NONE',  ( -3.403500000000001080, 1.826500000000000457, -0.4445000000000000062 ) ) ;
#3312 = DIRECTION ( 'NONE',  ( -0.000000000000000000, -0.000000000000000000, -1.000000000000000000 ) ) ;
#3313 = ORIENTED_EDGE ( 'NONE', *, *, #3447, .F. ) ;
#3314 = VECTOR ( 'NONE', #1866, 1000.000000000000114 ) ;
#3315 = ORIENTED_EDGE ( 'NONE', *, *, #2661, .F. ) ;
#3316 = LINE ( 'NONE', #469, #2456 ) ;
#3317 = LINE ( 'NONE', #2357, #1591 ) ;
#3318 = VECTOR ( 'NONE', #2687, 1000.000000000000000 ) ;
#3319 = ORIENTED_EDGE ( 'NONE', *, *, #2992, .F. ) ;
#3320 = CIRCLE ( 'NONE', #1795, 0.2019410093742298740 ) ;
#3321 = DIRECTION ( 'NONE',  ( -0.000000000000000000, -0.000000000000000000, -1.000000000000000000 ) ) ;
#3322 = AXIS2_PLACEMENT_3D ( 'NONE', #2420, #1584, #1849 ) ;
#3323 = LINE ( 'NONE', #1434, #3327 ) ;
#3324 = EDGE_CURVE ( 'NONE', #2205, #1459, #1659, .T. ) ;
#3325 = CARTESIAN_POINT ( 'NONE',  ( -5.000000000000002665, -2.960210660448999032E-15, -0.4445000000000000062 ) ) ;
#3326 = ADVANCED_FACE ( 'NONE', ( #435 ), #1390, .F. ) ;
#3327 = VECTOR ( 'NONE', #2695, 1000.000000000000000 ) ;
#3328 = CARTESIAN_POINT ( 'NONE',  ( 3.403499999999999748, 1.826500000000000457, -1.714499999999999913 ) ) ;
#3329 = DIRECTION ( 'NONE',  ( 0.000000000000000000, 0.000000000000000000, 1.000000000000000000 ) ) ;
#3330 = VECTOR ( 'NONE', #3410, 1000.000000000000000 ) ;
#3331 = ORIENTED_EDGE ( 'NONE', *, *, #2864, .T. ) ;
#3332 = SURFACE_STYLE_USAGE ( .BOTH. , #742 ) ;
#3333 = AXIS2_PLACEMENT_3D ( 'NONE', #3734, #2755, #626 ) ;
#3334 = CIRCLE ( 'NONE', #2264, 0.2019410093742298740 ) ;
#3335 = ORIENTED_EDGE ( 'NONE', *, *, #2173, .T. ) ;
#3336 = CARTESIAN_POINT ( 'NONE',  ( -4.064316894675506830, 1.693626883595273247, 2.095500000000000362 ) ) ;
#3337 = DIRECTION ( 'NONE',  ( -0.1378445374916289490, 0.9808148484639890308, -0.1378445374916288657 ) ) ;
#3338 = ORIENTED_EDGE ( 'NONE', *, *, #1058, .F. ) ;
#3339 = AXIS2_PLACEMENT_3D ( 'NONE', #3352, #3032, #1478 ) ;
#3340 = VECTOR ( 'NONE', #543, 1000.000000000000000 ) ;
#3341 = VERTEX_POINT ( 'NONE', #2966 ) ;
#3342 = CIRCLE ( 'NONE', #1751, 0.4559410093742276016 ) ;
#3343 = CARTESIAN_POINT ( 'NONE',  ( 5.750000000000001776, -2.710505431213761085E-17, 1.714500000000000357 ) ) ;
#3344 = FACE_OUTER_BOUND ( 'NONE', #3237, .T. ) ;
#3345 = ORIENTED_EDGE ( 'NONE', *, *, #1446, .F. ) ;
#3346 = MANIFOLD_SOLID_BREP ( 'LPattern1[2]', #2562 ) ;
#3347 = CARTESIAN_POINT ( 'NONE',  ( -3.403500000000001080, 2.080500000000000238, 0.8255000000000000115 ) ) ;
#3348 = DIRECTION ( 'NONE',  ( -0.000000000000000000, -0.000000000000000000, -1.000000000000000000 ) ) ;
#3349 = DIRECTION ( 'NONE',  ( -0.000000000000000000, -0.000000000000000000, -1.000000000000000000 ) ) ;
#3350 = EDGE_CURVE ( 'NONE', #3808, #676, #3317, .T. ) ;
#3351 = CARTESIAN_POINT ( 'NONE',  ( 4.999999999999997335, 0.4559410093742238823, 0.4445000000000002283 ) ) ;
#3352 = CARTESIAN_POINT ( 'NONE',  ( -5.750000000000000000, 0.2539999999999990044, 2.095500000000000362 ) ) ;
#3353 = ORIENTED_EDGE ( 'NONE', *, *, #966, .F. ) ;
#3354 = EDGE_CURVE ( 'NONE', #2421, #400, #3862, .T. ) ;
#3355 = ORIENTED_EDGE ( 'NONE', *, *, #2006, .F. ) ;
#3356 = EDGE_CURVE ( 'NONE', #1487, #905, #2413, .T. ) ;
#3357 = CARTESIAN_POINT ( 'NONE',  ( 4.999999999999999112, 0.2539999999999969504, -2.095499999999999918 ) ) ;
#3358 = DIRECTION ( 'NONE',  ( -0.000000000000000000, -0.000000000000000000, -1.000000000000000000 ) ) ;
#3359 = MANIFOLD_SOLID_BREP ( 'Boss-Extrude4[1]', #978 ) ;
#3360 = VERTEX_POINT ( 'NONE', #1468 ) ;
#3361 = ORIENTED_EDGE ( 'NONE', *, *, #3958, .F. ) ;
#3362 = DIRECTION ( 'NONE',  ( -1.000000000000000000, 0.000000000000000000, 0.000000000000000000 ) ) ;
#3363 = SURFACE_SIDE_STYLE ('',( #1743 ) ) ;
#3364 = VERTEX_POINT ( 'NONE', #449 ) ;
#3365 = FACE_OUTER_BOUND ( 'NONE', #841, .T. ) ;
#3366 = CARTESIAN_POINT ( 'NONE',  ( -5.000000000000000000, 0.2539999999999961178, 1.714500000000000357 ) ) ;
#3367 = DIRECTION ( 'NONE',  ( -0.000000000000000000, -0.000000000000000000, -1.000000000000000000 ) ) ;
#3368 = CLOSED_SHELL ( 'NONE', ( #2329, #4077, #1680, #576, #266, #3446, #3225, #1706, #1186, #2473, #3859, #2374, #1548, #1374 ) ) ;
#3369 = PLANE ( 'NONE',  #3566 ) ;
#3370 = CARTESIAN_POINT ( 'NONE',  ( -4.302998820355126597, 1.780499999999992422, 0.4445000000000002283 ) ) ;
#3371 = VERTEX_POINT ( 'NONE', #2069 ) ;
#3372 = VERTEX_POINT ( 'NONE', #1138 ) ;
#3373 = UNCERTAINTY_MEASURE_WITH_UNIT (LENGTH_MEASURE( 1.000000000000000082E-05 ), #4039, 'distance_accuracy_value', 'NONE');
#3374 = CARTESIAN_POINT ( 'NONE',  ( 3.403499999999999748, 2.080500000000000682, -1.714499999999999913 ) ) ;
#3375 = ADVANCED_FACE ( 'NONE', ( #3344 ), #494, .T. ) ;
#3376 = DIRECTION ( 'NONE',  ( -0.000000000000000000, 1.000000000000000000, -0.000000000000000000 ) ) ;
#3377 = ADVANCED_FACE ( 'NONE', ( #3025 ), #187, .F. ) ;
#3378 = ORIENTED_EDGE ( 'NONE', *, *, #3778, .F. ) ;
#3379 = ORIENTED_EDGE ( 'NONE', *, *, #4002, .T. ) ;
#3380 = CARTESIAN_POINT ( 'NONE',  ( 4.064316894675505942, 1.693626883595273247, -1.714499999999999913 ) ) ;
#3381 = DIRECTION ( 'NONE',  ( -0.000000000000000000, -0.000000000000000000, -1.000000000000000000 ) ) ;
#3382 = VERTEX_POINT ( 'NONE', #1722 ) ;
#3383 =( GEOMETRIC_REPRESENTATION_CONTEXT ( 3 ) GLOBAL_UNCERTAINTY_ASSIGNED_CONTEXT ( ( #1293 ) ) GLOBAL_UNIT_ASSIGNED_CONTEXT ( ( #510, #1450, #2089 ) ) REPRESENTATION_CONTEXT ( 'NONE', 'WORKASPACE' ) );
#3384 = PLANE ( 'NONE',  #762 ) ;
#3385 = VECTOR ( 'NONE', #1917, 1000.000000000000000 ) ;
#3386 = DIRECTION ( 'NONE',  ( -0.000000000000000000, -0.000000000000000000, -1.000000000000000000 ) ) ;
#3387 = CARTESIAN_POINT ( 'NONE',  ( 4.064316894675505942, 1.693626883595273247, -0.8254999999999999005 ) ) ;
#3388 = VECTOR ( 'NONE', #4070, 1000.000000000000000 ) ;
#3389 = CARTESIAN_POINT ( 'NONE',  ( 3.403499999999999748, 1.826500000000000457, -2.095499999999999918 ) ) ;
#3390 = LINE ( 'NONE', #2699, #2603 ) ;
#3391 = LINE ( 'NONE', #3896, #280 ) ;
#3392 = ORIENTED_EDGE ( 'NONE', *, *, #2123, .T. ) ;
#3393 = VECTOR ( 'NONE', #3556, 1000.000000000000000 ) ;
#3394 = ORIENTED_EDGE ( 'NONE', *, *, #1446, .T. ) ;
#3395 = VECTOR ( 'NONE', #574, 1000.000000000000000 ) ;
#3396 = DIRECTION ( 'NONE',  ( 0.3420201433256691015, 0.9396926207859082059, -0.000000000000000000 ) ) ;
#3397 = VECTOR ( 'NONE', #1205, 1000.000000000000000 ) ;
#3398 = LINE ( 'NONE', #3097, #67 ) ;
#3399 = ORIENTED_EDGE ( 'NONE', *, *, #1835, .T. ) ;
#3400 = VECTOR ( 'NONE', #756, 1000.000000000000000 ) ;
#3401 = ADVANCED_FACE ( 'NONE', ( #775 ), #3042, .F. ) ;
#3402 = ORIENTED_EDGE ( 'NONE', *, *, #2946, .T. ) ;
#3403 = DIRECTION ( 'NONE',  ( 1.000000000000000000, 0.000000000000000000, -0.000000000000000000 ) ) ;
#3404 = CARTESIAN_POINT ( 'NONE',  ( -4.064316894675506830, 1.693626883595273247, 0.4445000000000002283 ) ) ;
#3405 = ORIENTED_EDGE ( 'NONE', *, *, #2638, .F. ) ;
#3406 = EDGE_CURVE ( 'NONE', #3099, #2983, #1793, .T. ) ;
#3407 = VECTOR ( 'NONE', #2643, 1000.000000000000000 ) ;
#3408 = SURFACE_STYLE_USAGE ( .BOTH. , #2791 ) ;
#3409 = EDGE_CURVE ( 'NONE', #3167, #1759, #225, .T. ) ;
#3410 = DIRECTION ( 'NONE',  ( -1.000000000000000000, -4.603299025719962440E-15, 0.000000000000000000 ) ) ;
#3411 = DIRECTION ( 'NONE',  ( 0.1378445374916288935, -0.9808148484639890308, -0.1378445374916289212 ) ) ;
#3412 = FACE_OUTER_BOUND ( 'NONE', #621, .T. ) ;
#3413 = LINE ( 'NONE', #1848, #1210 ) ;
#3414 = PLANE ( 'NONE',  #2927 ) ;
#3415 = DIRECTION ( 'NONE',  ( 1.000000000000000000, 0.000000000000000000, 0.000000000000000000 ) ) ;
#3416 = CARTESIAN_POINT ( 'NONE',  ( 4.999999999999997335, 0.4559410093742238823, 1.714500000000000357 ) ) ;
#3417 = DIRECTION ( 'NONE',  ( 0.000000000000000000, -0.000000000000000000, 1.000000000000000000 ) ) ;
#3418 = ORIENTED_EDGE ( 'NONE', *, *, #1217, .T. ) ;
#3419 = ORIENTED_EDGE ( 'NONE', *, *, #2806, .T. ) ;
#3420 = DIRECTION ( 'NONE',  ( -1.000000000000000000, 0.000000000000000000, 0.000000000000000000 ) ) ;
#3421 = DIRECTION ( 'NONE',  ( -1.000000000000000000, -1.662443331144440592E-15, -0.000000000000000000 ) ) ;
#3422 = ORIENTED_EDGE ( 'NONE', *, *, #1631, .T. ) ;
#3423 = LINE ( 'NONE', #1843, #2398 ) ;
#3424 = DIRECTION ( 'NONE',  ( -0.000000000000000000, -0.000000000000000000, -1.000000000000000000 ) ) ;
#3425 = CARTESIAN_POINT ( 'NONE',  ( 5.749999999999999112, 0.2539999999999982272, -0.8254999999999999005 ) ) ;
#3426 = EDGE_CURVE ( 'NONE', #3044, #205, #3249, .T. ) ;
#3427 = ADVANCED_FACE ( 'NONE', ( #4094 ), #1822, .F. ) ;
#3428 = EDGE_CURVE ( 'NONE', #1033, #2205, #3047, .T. ) ;
#3429 = DIRECTION ( 'NONE',  ( 1.892729469321525820E-16, -0.1391731009600657432, 0.9902680687415703620 ) ) ;
#3430 = CARTESIAN_POINT ( 'NONE',  ( -3.403500000000001080, 1.826500000000000457, -0.4445000000000000062 ) ) ;
#3431 = LINE ( 'NONE', #2482, #3715 ) ;
#3432 = LINE ( 'NONE', #883, #1505 ) ;
#3433 = FACE_OUTER_BOUND ( 'NONE', #1966, .T. ) ;
#3434 = CARTESIAN_POINT ( 'NONE',  ( 3.403500000000000636, 2.080500000000000238, 2.925000000000000266 ) ) ;
#3435 = VERTEX_POINT ( 'NONE', #2163 ) ;
#3436 = VERTEX_POINT ( 'NONE', #259 ) ;
#3437 = DIRECTION ( 'NONE',  ( -1.000000000000000000, 0.000000000000000000, 0.000000000000000000 ) ) ;
#3438 = CARTESIAN_POINT ( 'NONE',  ( 5.000000000000000000, 0.2539999999999969504, 0.4445000000000002283 ) ) ;
#3439 = ORIENTED_EDGE ( 'NONE', *, *, #3194, .F. ) ;
#3440 = EDGE_LOOP ( 'NONE', ( #1373, #3355, #2107, #3160 ) ) ;
#3441 = DIRECTION ( 'NONE',  ( -1.000000000000000000, 0.000000000000000000, 0.000000000000000000 ) ) ;
#3442 = FACE_OUTER_BOUND ( 'NONE', #3885, .T. ) ;
#3443 = LINE ( 'NONE', #3151, #1393 ) ;
#3444 = VECTOR ( 'NONE', #3523, 1000.000000000000000 ) ;
#3445 = VECTOR ( 'NONE', #3421, 1000.000000000000000 ) ;
#3446 = ADVANCED_FACE ( 'NONE', ( #3705 ), #2145, .F. ) ;
#3447 = EDGE_CURVE ( 'NONE', #2873, #1101, #3789, .T. ) ;
#3448 = LINE ( 'NONE', #1025, #276 ) ;
#3449 = CARTESIAN_POINT ( 'NONE',  ( 3.403499999999999748, 1.826500000000000457, -2.095499999999999918 ) ) ;
#3450 = DIRECTION ( 'NONE',  ( -0.3420201433256681023, 0.9396926207859086499, -0.000000000000000000 ) ) ;
#3451 = VECTOR ( 'NONE', #3159, 1000.000000000000000 ) ;
#3452 = LINE ( 'NONE', #563, #2897 ) ;
#3453 = CYLINDRICAL_SURFACE ( 'NONE', #3534, 0.4559410093742276016 ) ;
#3454 = CIRCLE ( 'NONE', #4045, 0.2019410093742298740 ) ;
#3455 = CARTESIAN_POINT ( 'NONE',  ( -5.000000000000000888, 0.2539999999999951741, -2.095499999999999918 ) ) ;
#3456 = ORIENTED_EDGE ( 'NONE', *, *, #1845, .F. ) ;
#3457 = ORIENTED_EDGE ( 'NONE', *, *, #1218, .F. ) ;
#3458 = CARTESIAN_POINT ( 'NONE',  ( 4.810237523656974545, 0.3868731164047196636, -2.095499999999999918 ) ) ;
#3459 = DIRECTION ( 'NONE',  ( 0.9396926207859083169, -0.3420201433256690460, 0.000000000000000000 ) ) ;
#3460 = ORIENTED_EDGE ( 'NONE', *, *, #75, .T. ) ;
#3461 =( GEOMETRIC_REPRESENTATION_CONTEXT ( 3 ) GLOBAL_UNCERTAINTY_ASSIGNED_CONTEXT ( ( #2529 ) ) GLOBAL_UNIT_ASSIGNED_CONTEXT ( ( #3190, #3793, #1041 ) ) REPRESENTATION_CONTEXT ( 'NONE', 'WORKASPACE' ) );
#3462 = VERTEX_POINT ( 'NONE', #2126 ) ;
#3463 = LINE ( 'NONE', #2751, #3122 ) ;
#3464 = CARTESIAN_POINT ( 'NONE',  ( 5.000000000000001776, -2.960210660448999032E-15, 2.095500000000000362 ) ) ;
#3465 = VERTEX_POINT ( 'NONE', #2764 ) ;
#3466 = VECTOR ( 'NONE', #3266, 1000.000000000000000 ) ;
#3467 = VECTOR ( 'NONE', #52, 1000.000000000000000 ) ;
#3468 = CARTESIAN_POINT ( 'NONE',  ( 4.999999999999999112, 0.2539999999999969504, -0.4445000000000000062 ) ) ;
#3469 = PLANE ( 'NONE',  #3004 ) ;
#3470 = FACE_OUTER_BOUND ( 'NONE', #2494, .T. ) ;
#3471 = EDGE_LOOP ( 'NONE', ( #2783, #1823, #3893, #1243, #4068, #3481, #3539, #1114, #3392, #1903, #2222, #288 ) ) ;
#3472 = DIRECTION ( 'NONE',  ( 1.892729469321525820E-16, 0.1391731009600657432, 0.9902680687415703620 ) ) ;
#3473 = FACE_OUTER_BOUND ( 'NONE', #4096, .T. ) ;
#3474 = DIRECTION ( 'NONE',  ( 1.000000000000000000, 1.662443331144440790E-15, 0.000000000000000000 ) ) ;
#3475 = ORIENTED_EDGE ( 'NONE', *, *, #2045, .F. ) ;
#3476 = EDGE_CURVE ( 'NONE', #1569, #3116, #592, .T. ) ;
#3477 = EDGE_CURVE ( 'NONE', #205, #751, #869, .T. ) ;
#3478 = ORIENTED_EDGE ( 'NONE', *, *, #895, .F. ) ;
#3479 = FACE_OUTER_BOUND ( 'NONE', #3015, .T. ) ;
#3480 = LINE ( 'NONE', #638, #202 ) ;
#3481 = ORIENTED_EDGE ( 'NONE', *, *, #966, .T. ) ;
#3482 = ORIENTED_EDGE ( 'NONE', *, *, #2754, .F. ) ;
#3483 = CARTESIAN_POINT ( 'NONE',  ( -5.750000000000002665, -2.710505431213761085E-17, -1.714499999999999913 ) ) ;
#3484 = ORIENTED_EDGE ( 'NONE', *, *, #3165, .T. ) ;
#3485 = DIRECTION ( 'NONE',  ( 1.000000000000000000, 0.000000000000000000, -0.000000000000000000 ) ) ;
#3486 = DIRECTION ( 'NONE',  ( -2.224004456380521410E-16, 0.000000000000000000, -1.000000000000000000 ) ) ;
#3487 = CARTESIAN_POINT ( 'NONE',  ( -5.750000000000000888, 0.2539999999999990044, -0.8254999999999999005 ) ) ;
#3488 = CARTESIAN_POINT ( 'NONE',  ( -5.750000000000000888, 0.2539999999999990044, -1.714499999999999913 ) ) ;
#3489 = DIRECTION ( 'NONE',  ( 0.3420201433256691015, -0.9396926207859082059, 0.000000000000000000 ) ) ;
#3490 = ORIENTED_EDGE ( 'NONE', *, *, #2423, .F. ) ;
#3491 = FACE_OUTER_BOUND ( 'NONE', #1508, .T. ) ;
#3492 = EDGE_LOOP ( 'NONE', ( #1556, #3180, #2729, #7 ) ) ;
#3493 = VECTOR ( 'NONE', #2305, 1000.000000000000000 ) ;
#3494 = VERTEX_POINT ( 'NONE', #242 ) ;
#3495 = ADVANCED_FACE ( 'NONE', ( #1178 ), #1196, .F. ) ;
#3496 = EDGE_CURVE ( 'NONE', #347, #3294, #1859, .T. ) ;
#3497 = DIRECTION ( 'NONE',  ( -1.000000000000000000, -4.603299025719962440E-15, 0.000000000000000000 ) ) ;
#3498 = DIRECTION ( 'NONE',  ( -1.000000000000000000, 0.000000000000000000, 0.000000000000000000 ) ) ;
#3499 = ORIENTED_EDGE ( 'NONE', *, *, #3245, .T. ) ;
#3500 = EDGE_LOOP ( 'NONE', ( #2959, #3018, #893, #2238 ) ) ;
#3501 = LINE ( 'NONE', #1622, #2576 ) ;
#3502 = VERTEX_POINT ( 'NONE', #1507 ) ;
#3503 = LINE ( 'NONE', #3798, #3864 ) ;
#3504 = LINE ( 'NONE', #2546, #1351 ) ;
#3505 = DIRECTION ( 'NONE',  ( 0.000000000000000000, -0.000000000000000000, -1.000000000000000000 ) ) ;
#3506 = VECTOR ( 'NONE', #535, 1000.000000000000000 ) ;
#3507 = PLANE ( 'NONE',  #122 ) ;
#3508 = DIRECTION ( 'NONE',  ( 0.000000000000000000, 0.000000000000000000, 1.000000000000000000 ) ) ;
#3510 = DIRECTION ( 'NONE',  ( -0.000000000000000000, -0.000000000000000000, -1.000000000000000000 ) ) ;
#3509 = VECTOR ( 'NONE', #121, 1000.000000000000000 ) ;
#3511 = DIRECTION ( 'NONE',  ( -3.222309318003976232E-15, 1.000000000000000000, 0.000000000000000000 ) ) ;
#3512 = ORIENTED_EDGE ( 'NONE', *, *, #3066, .T. ) ;
#3513 = VECTOR ( 'NONE', #1231, 1000.000000000000000 ) ;
#3514 = ORIENTED_EDGE ( 'NONE', *, *, #1046, .F. ) ;
#3515 = DIRECTION ( 'NONE',  ( -0.3420201433256691570, 0.9396926207859083169, 0.000000000000000000 ) ) ;
#3516 = CYLINDRICAL_SURFACE ( 'NONE', #461, 0.2019410093742285695 ) ;
#3517 = ORIENTED_EDGE ( 'NONE', *, *, #2385, .F. ) ;
#3518 = VECTOR ( 'NONE', #2236, 1000.000000000000000 ) ;
#3519 = EDGE_CURVE ( 'NONE', #1127, #2892, #551, .T. ) ;
#3520 = ORIENTED_EDGE ( 'NONE', *, *, #154, .F. ) ;
#3521 = AXIS2_PLACEMENT_3D ( 'NONE', #1865, #3424, #1535 ) ;
#3522 = FILL_AREA_STYLE_COLOUR ( '', #2593 ) ;
#3523 = DIRECTION ( 'NONE',  ( 1.000000000000000000, 3.910807474849149088E-15, 0.000000000000000000 ) ) ;
#3524 = ORIENTED_EDGE ( 'NONE', *, *, #130, .F. ) ;
#3525 = AXIS2_PLACEMENT_3D ( 'NONE', #957, #417, #1287 ) ;
#3526 = VECTOR ( 'NONE', #3280, 1000.000000000000000 ) ;
#3527 = EDGE_CURVE ( 'NONE', #1057, #1127, #1256, .T. ) ;
#3528 =( NAMED_UNIT ( * ) SI_UNIT ( $, .STERADIAN. ) SOLID_ANGLE_UNIT ( ) );
#3529 = CARTESIAN_POINT ( 'NONE',  ( 5.000000000000000000, 0.2539999999999969504, 2.095500000000000362 ) ) ;
#3530 = DIRECTION ( 'NONE',  ( 1.000000000000000000, 0.000000000000000000, 0.000000000000000000 ) ) ;
#3531 = VECTOR ( 'NONE', #1831, 1000.000000000000000 ) ;
#3532 = AXIS2_PLACEMENT_3D ( 'NONE', #3229, #2020, #2941 ) ;
#3533 = FACE_OUTER_BOUND ( 'NONE', #492, .T. ) ;
#3534 = AXIS2_PLACEMENT_3D ( 'NONE', #3738, #1521, #3140 ) ;
#3535 = CARTESIAN_POINT ( 'NONE',  ( -3.403500000000001080, 2.080500000000000238, -0.8254999999999999005 ) ) ;
#3536 = LINE ( 'NONE', #943, #3850 ) ;
#3537 = PLANE ( 'NONE',  #1597 ) ;
#3538 = ORIENTED_EDGE ( 'NONE', *, *, #2919, .T. ) ;
#3539 = ORIENTED_EDGE ( 'NONE', *, *, #3625, .T. ) ;
#3540 = DIRECTION ( 'NONE',  ( -0.3420201433256689905, -0.9396926207859083169, 0.000000000000000000 ) ) ;
#3541 = DIRECTION ( 'NONE',  ( -1.000000000000000000, 0.000000000000000000, 0.000000000000000000 ) ) ;
#3542 = FACE_OUTER_BOUND ( 'NONE', #197, .T. ) ;
#3543 = ORIENTED_EDGE ( 'NONE', *, *, #1727, .T. ) ;
#3544 = ORIENTED_EDGE ( 'NONE', *, *, #658, .T. ) ;
#3545 = DIRECTION ( 'NONE',  ( -0.000000000000000000, -0.000000000000000000, -1.000000000000000000 ) ) ;
#3546 = DIRECTION ( 'NONE',  ( 0.000000000000000000, 0.000000000000000000, 1.000000000000000000 ) ) ;
#3547 = EDGE_LOOP ( 'NONE', ( #650, #2745, #3148, #2781 ) ) ;
#3548 = CARTESIAN_POINT ( 'NONE',  ( -5.000000000000001776, -2.960210660448999032E-15, 0.8255000000000000115 ) ) ;
#3549 = EDGE_CURVE ( 'NONE', #1653, #607, #3125, .T. ) ;
#3550 = ADVANCED_FACE ( 'NONE', ( #1593 ), #891, .F. ) ;
#3551 = DIRECTION ( 'NONE',  ( 6.829619984160705575E-15, -1.000000000000000000, 0.000000000000000000 ) ) ;
#3552 = EDGE_CURVE ( 'NONE', #1942, #2983, #3480, .T. ) ;
#3553 = CARTESIAN_POINT ( 'NONE',  ( -3.874554418332484929, 1.624558990625769139, 0.4445000000000002283 ) ) ;
#3554 = CIRCLE ( 'NONE', #1771, 0.2019410093742285695 ) ;
#3555 = DIRECTION ( 'NONE',  ( -1.000000000000000000, -4.603299025719962440E-15, 0.000000000000000000 ) ) ;
#3556 = DIRECTION ( 'NONE',  ( -0.000000000000000000, -1.000000000000000000, -0.000000000000000000 ) ) ;
#3557 = DIRECTION ( 'NONE',  ( 1.000000000000000000, 0.000000000000000000, 0.000000000000000000 ) ) ;
#3558 = ORIENTED_EDGE ( 'NONE', *, *, #3609, .F. ) ;
#3559 = VERTEX_POINT ( 'NONE', #2808 ) ;
#3560 = CARTESIAN_POINT ( 'NONE',  ( 4.302998820355127485, 1.780499999999993532, 2.095500000000000362 ) ) ;
#3561 = ADVANCED_FACE ( 'NONE', ( #4075 ), #1236, .F. ) ;
#3562 = DIRECTION ( 'NONE',  ( -0.000000000000000000, -0.000000000000000000, -1.000000000000000000 ) ) ;
#3563 = DIRECTION ( 'NONE',  ( -0.000000000000000000, -0.000000000000000000, -1.000000000000000000 ) ) ;
#3564 = VECTOR ( 'NONE', #2955, 1000.000000000000000 ) ;
#3565 = VERTEX_POINT ( 'NONE', #2185 ) ;
#3566 = AXIS2_PLACEMENT_3D ( 'NONE', #2993, #3286, #456 ) ;
#3567 = ORIENTED_EDGE ( 'NONE', *, *, #3036, .F. ) ;
#3568 = DIRECTION ( 'NONE',  ( -0.000000000000000000, -0.000000000000000000, -1.000000000000000000 ) ) ;
#3569 = CARTESIAN_POINT ( 'NONE',  ( 3.874554418332484484, 1.826499999999998902, 2.095500000000000362 ) ) ;
#3570 = VERTEX_POINT ( 'NONE', #1902 ) ;
#3571 =( NAMED_UNIT ( * ) SI_UNIT ( $, .STERADIAN. ) SOLID_ANGLE_UNIT ( ) );
#3572 = CARTESIAN_POINT ( 'NONE',  ( 3.403499999999999304, 1.826500000000000457, -2.925000000000001599 ) ) ;
#3573 = CARTESIAN_POINT ( 'NONE',  ( -5.750000000000000888, 0.2539999999999990044, -0.4445000000000000062 ) ) ;
#3574 = EDGE_CURVE ( 'NONE', #2578, #1033, #2293, .T. ) ;
#3575 = LINE ( 'NONE', #2285, #3630 ) ;
#3576 = CARTESIAN_POINT ( 'NONE',  ( 3.403500000000000636, 1.826500000000000457, 2.095500000000000362 ) ) ;
#3577 = ORIENTED_EDGE ( 'NONE', *, *, #1424, .T. ) ;
#3578 = VECTOR ( 'NONE', #1599, 1000.000000000000114 ) ;
#3579 = ORIENTED_EDGE ( 'NONE', *, *, #608, .F. ) ;
#3580 = ORIENTED_EDGE ( 'NONE', *, *, #3406, .F. ) ;
#3581 = VECTOR ( 'NONE', #949, 1000.000000000000000 ) ;
#3582 = CARTESIAN_POINT ( 'NONE',  ( -4.064316894675507719, 1.693626883595273247, -0.4445000000000000062 ) ) ;
#3583 = DIRECTION ( 'NONE',  ( -3.682639220575972949E-15, -1.000000000000000000, 0.000000000000000000 ) ) ;
#3584 = CYLINDRICAL_SURFACE ( 'NONE', #2051, 0.4559410093742276016 ) ;
#3585 = VERTEX_POINT ( 'NONE', #1344 ) ;
#3586 = MECHANICAL_DESIGN_GEOMETRIC_PRESENTATION_REPRESENTATION (  '', ( #1259 ), #870 ) ;
#3587 = VERTEX_POINT ( 'NONE', #1368 ) ;
#3588 = CARTESIAN_POINT ( 'NONE',  ( -3.874554418332485373, 1.624558990625769139, -1.714499999999999913 ) ) ;
#3589 = ORIENTED_EDGE ( 'NONE', *, *, #2582, .T. ) ;
#3590 = CIRCLE ( 'NONE', #404, 0.4559410093742276016 ) ;
#3591 = PRESENTATION_LAYER_ASSIGNMENT (  '', '', ( #1269 ) ) ;
#3592 = DIRECTION ( 'NONE',  ( -1.000000000000000000, 0.000000000000000000, 0.000000000000000000 ) ) ;
#3593 = PRESENTATION_LAYER_ASSIGNMENT (  '', '', ( #2065 ) ) ;
#3594 = DIRECTION ( 'NONE',  ( -1.000000000000000000, 0.000000000000000000, 0.000000000000000000 ) ) ;
#3595 = AXIS2_PLACEMENT_3D ( 'NONE', #1901, #3879, #3515 ) ;
#3596 = CARTESIAN_POINT ( 'NONE',  ( -4.999999999999998224, 0.4559410093742238823, -1.714499999999999913 ) ) ;
#3597 = PLANE ( 'NONE',  #3869 ) ;
#3598 = VERTEX_POINT ( 'NONE', #2875 ) ;
#3599 = ADVANCED_FACE ( 'NONE', ( #11 ), #3516, .F. ) ;
#3600 = AXIS2_PLACEMENT_3D ( 'NONE', #21, #666, #1064 ) ;
#3601 = AXIS2_PLACEMENT_3D ( 'NONE', #2001, #2606, #1384 ) ;
#3602 = ORIENTED_EDGE ( 'NONE', *, *, #1058, .T. ) ;
#3603 = LINE ( 'NONE', #443, #547 ) ;
#3604 = DIRECTION ( 'NONE',  ( 1.000000000000000000, -3.682639220575972949E-15, 0.000000000000000000 ) ) ;
#3605 = ADVANCED_FACE ( 'NONE', ( #1637 ), #3252, .F. ) ;
#3606 = CYLINDRICAL_SURFACE ( 'NONE', #2921, 0.4559410093742276016 ) ;
#3607 = EDGE_CURVE ( 'NONE', #240, #1318, #1301, .T. ) ;
#3608 = EDGE_LOOP ( 'NONE', ( #117, #3957, #1050, #2368 ) ) ;
#3609 = EDGE_CURVE ( 'NONE', #859, #2348, #3708, .T. ) ;
#3610 = ORIENTED_EDGE ( 'NONE', *, *, #794, .T. ) ;
#3611 = DIRECTION ( 'NONE',  ( -1.000000000000000000, 0.000000000000000000, 0.000000000000000000 ) ) ;
#3612 = DIRECTION ( 'NONE',  ( 1.000000000000000000, -3.910807474849149088E-15, -0.000000000000000000 ) ) ;
#3613 = ORIENTED_EDGE ( 'NONE', *, *, #2478, .T. ) ;
#3614 = PLANE ( 'NONE',  #2328 ) ;
#3615 = LINE ( 'NONE', #2092, #3925 ) ;
#3616 = CARTESIAN_POINT ( 'NONE',  ( 4.064316894675506830, 1.693626883595273247, 1.714500000000000357 ) ) ;
#3617 = DIRECTION ( 'NONE',  ( -1.000000000000000000, 3.910807474849149877E-15, 0.000000000000000000 ) ) ;
#3618 = ORIENTED_EDGE ( 'NONE', *, *, #913, .F. ) ;
#3619 = CARTESIAN_POINT ( 'NONE',  ( 0.000000000000000000, 0.000000000000000000, 0.000000000000000000 ) ) ;
#3620 = EDGE_LOOP ( 'NONE', ( #933, #2987, #2901, #3538 ) ) ;
#3621 = DIRECTION ( 'NONE',  ( -0.3420201433256681023, 0.9396926207859086499, -0.000000000000000000 ) ) ;
#3622 = DIRECTION ( 'NONE',  ( -0.000000000000000000, -0.000000000000000000, -1.000000000000000000 ) ) ;
#3623 = CARTESIAN_POINT ( 'NONE',  ( 4.999999999999997335, 0.4559410093742238823, 1.714500000000000357 ) ) ;
#3624 = ORIENTED_EDGE ( 'NONE', *, *, #2160, .F. ) ;
#3625 = EDGE_CURVE ( 'NONE', #3961, #924, #737, .T. ) ;
#3626 = EDGE_CURVE ( 'NONE', #136, #2789, #989, .T. ) ;
#3627 = ORIENTED_EDGE ( 'NONE', *, *, #3043, .T. ) ;
#3628 = DIRECTION ( 'NONE',  ( -0.000000000000000000, 0.000000000000000000, -1.000000000000000000 ) ) ;
#3629 = ORIENTED_EDGE ( 'NONE', *, *, #2423, .T. ) ;
#3630 = VECTOR ( 'NONE', #1607, 1000.000000000000000 ) ;
#3631 = PRESENTATION_STYLE_ASSIGNMENT (( #1724 ) ) ;
#3632 = CARTESIAN_POINT ( 'NONE',  ( 3.874554418332484040, 1.624558990625769139, 0.8255000000000000115 ) ) ;
#3633 = DIRECTION ( 'NONE',  ( -0.000000000000000000, -0.000000000000000000, -1.000000000000000000 ) ) ;
#3634 = DIRECTION ( 'NONE',  ( 1.000000000000000000, -3.222309318003977021E-15, 0.000000000000000000 ) ) ;
#3635 = DIRECTION ( 'NONE',  ( 0.3420201433256681023, -0.9396926207859086499, 0.000000000000000000 ) ) ;
#3636 = ORIENTED_EDGE ( 'NONE', *, *, #1520, .F. ) ;
#3637 = ORIENTED_EDGE ( 'NONE', *, *, #706, .T. ) ;
#3638 = DIRECTION ( 'NONE',  ( -0.000000000000000000, -0.000000000000000000, -1.000000000000000000 ) ) ;
#3639 = VECTOR ( 'NONE', #498, 1000.000000000000000 ) ;
#3640 = EDGE_CURVE ( 'NONE', #1329, #144, #3810, .T. ) ;
#3641 = LINE ( 'NONE', #165, #3318 ) ;
#3642 = ORIENTED_EDGE ( 'NONE', *, *, #408, .T. ) ;
#3643 = AXIS2_PLACEMENT_3D ( 'NONE', #2432, #3727, #2492 ) ;
#3644 = ORIENTED_EDGE ( 'NONE', *, *, #1547, .F. ) ;
#3645 = CARTESIAN_POINT ( 'NONE',  ( 3.874554418332484040, 1.624558990625769139, 0.4445000000000002283 ) ) ;
#3646 =( LENGTH_UNIT ( ) NAMED_UNIT ( * ) SI_UNIT ( .MILLI., .METRE. ) );
#3647 = VECTOR ( 'NONE', #2871, 1000.000000000000000 ) ;
#3648 = VERTEX_POINT ( 'NONE', #971 ) ;
#3649 = EDGE_CURVE ( 'NONE', #2359, #2668, #2895, .T. ) ;
#3650 = ADVANCED_FACE ( 'NONE', ( #1682 ), #3209, .F. ) ;
#3651 = CARTESIAN_POINT ( 'NONE',  ( -3.403500000000000636, 1.826500000000000457, 1.714500000000000357 ) ) ;
#3652 = AXIS2_PLACEMENT_3D ( 'NONE', #3906, #1359, #3551 ) ;
#3653 = CARTESIAN_POINT ( 'NONE',  ( -4.999999999999998224, 0.4559410093742238823, -0.4445000000000000062 ) ) ;
#3654 = DIRECTION ( 'NONE',  ( -0.000000000000000000, -0.000000000000000000, -1.000000000000000000 ) ) ;
#3655 = EDGE_CURVE ( 'NONE', #2277, #262, #1983, .T. ) ;
#3656 = EDGE_CURVE ( 'NONE', #865, #3171, #2224, .T. ) ;
#3657 = DIRECTION ( 'NONE',  ( -1.892729469321525820E-16, -0.1391731009600657432, -0.9902680687415703620 ) ) ;
#3658 = LINE ( 'NONE', #1126, #1416 ) ;
#3659 = VECTOR ( 'NONE', #125, 1000.000000000000000 ) ;
#3660 = EDGE_LOOP ( 'NONE', ( #1701, #1380, #2254, #304 ) ) ;
#3661 = AXIS2_PLACEMENT_3D ( 'NONE', #2021, #428, #2942 ) ;
#3662 = ORIENTED_EDGE ( 'NONE', *, *, #3168, .F. ) ;
#3663 = CYLINDRICAL_SURFACE ( 'NONE', #1215, 0.2019410093742303181 ) ;
#3664 = LINE ( 'NONE', #3993, #930 ) ;
#3665 = ORIENTED_EDGE ( 'NONE', *, *, #2832, .T. ) ;
#3666 = VECTOR ( 'NONE', #696, 1000.000000000000114 ) ;
#3667 = AXIS2_PLACEMENT_3D ( 'NONE', #1824, #3085, #244 ) ;
#3668 = ORIENTED_EDGE ( 'NONE', *, *, #1517, .T. ) ;
#3669 = CIRCLE ( 'NONE', #2076, 0.3012640406271755444 ) ;
#3670 = DIRECTION ( 'NONE',  ( -0.000000000000000000, -0.000000000000000000, -1.000000000000000000 ) ) ;
#3671 = CARTESIAN_POINT ( 'NONE',  ( -5.000000000000001776, -2.960210660448999032E-15, 0.4445000000000002283 ) ) ;
#3672 = EDGE_LOOP ( 'NONE', ( #1043, #2453, #3482, #1697 ) ) ;
#3673 =( NAMED_UNIT ( * ) PLANE_ANGLE_UNIT ( ) SI_UNIT ( $, .RADIAN. ) );
#3674 = CARTESIAN_POINT ( 'NONE',  ( 5.000000000000001776, -2.960210660448999032E-15, 0.4445000000000002283 ) ) ;
#3675 = DIRECTION ( 'NONE',  ( -0.000000000000000000, -0.000000000000000000, -1.000000000000000000 ) ) ;
#3676 = ADVANCED_FACE ( 'NONE', ( #2313 ), #3584, .T. ) ;
#3677 = EDGE_CURVE ( 'NONE', #106, #722, #3276, .T. ) ;
#3678 = CARTESIAN_POINT ( 'NONE',  ( 4.999999999999997335, 0.4559410093742238823, 0.8255000000000000115 ) ) ;
#3679 = CARTESIAN_POINT ( 'NONE',  ( 4.810237523656975434, 0.3868731164047196636, 1.714500000000000357 ) ) ;
#3680 = ORIENTED_EDGE ( 'NONE', *, *, #2910, .T. ) ;
#3681 = ORIENTED_EDGE ( 'NONE', *, *, #2690, .F. ) ;
#3682 = PLANE ( 'NONE',  #1023 ) ;
#3683 = CARTESIAN_POINT ( 'NONE',  ( -3.874554418332484929, 1.624558990625769139, -0.4445000000000000062 ) ) ;
#3684 = ORIENTED_EDGE ( 'NONE', *, *, #1950, .F. ) ;
#3685 = ORIENTED_EDGE ( 'NONE', *, *, #608, .T. ) ;
#3686 = CARTESIAN_POINT ( 'NONE',  ( 3.874554418332484484, 1.826499999999998902, 1.714500000000000357 ) ) ;
#3687 = ORIENTED_EDGE ( 'NONE', *, *, #2886, .T. ) ;
#3688 = ADVANCED_FACE ( 'NONE', ( #3542 ), #386, .F. ) ;
#3689 =( NAMED_UNIT ( * ) SI_UNIT ( $, .STERADIAN. ) SOLID_ANGLE_UNIT ( ) );
#3690 = DIRECTION ( 'NONE',  ( -1.000000000000000000, -1.662443331144440592E-15, -0.000000000000000000 ) ) ;
#3691 = DIRECTION ( 'NONE',  ( 0.3420201433256691015, 0.9396926207859082059, -0.000000000000000000 ) ) ;
#3692 = VECTOR ( 'NONE', #3076, 1000.000000000000000 ) ;
#3693 = CARTESIAN_POINT ( 'NONE',  ( -4.302998820355126597, 1.780499999999992422, 0.8255000000000000115 ) ) ;
#3694 = DIRECTION ( 'NONE',  ( 0.000000000000000000, 0.000000000000000000, 1.000000000000000000 ) ) ;
#3695 = CARTESIAN_POINT ( 'NONE',  ( -5.000000000000001776, -2.960210660448999032E-15, 2.095500000000000362 ) ) ;
#3696 = ORIENTED_EDGE ( 'NONE', *, *, #3698, .T. ) ;
#3697 = ADVANCED_FACE ( 'NONE', ( #2608 ), #3880, .F. ) ;
#3698 = EDGE_CURVE ( 'NONE', #504, #2310, #1428, .T. ) ;
#3699 = VERTEX_POINT ( 'NONE', #787 ) ;
#3700 = CARTESIAN_POINT ( 'NONE',  ( -4.999999999999997335, 0.4559410093742238823, 0.4445000000000002283 ) ) ;
#3701 = CARTESIAN_POINT ( 'NONE',  ( -4.571555597977358332, 0.2999999999999999334, -0.4445000000000000062 ) ) ;
#3702 = EDGE_LOOP ( 'NONE', ( #886, #3744, #1613, #1857 ) ) ;
#3703 = ORIENTED_EDGE ( 'NONE', *, *, #3725, .T. ) ;
#3704 = CARTESIAN_POINT ( 'NONE',  ( -3.874554418332484929, 1.826499999999998902, -0.4445000000000000062 ) ) ;
#3705 = FACE_OUTER_BOUND ( 'NONE', #572, .T. ) ;
#3706 = ORIENTED_EDGE ( 'NONE', *, *, #248, .T. ) ;
#3707 = DIRECTION ( 'NONE',  ( -0.000000000000000000, -0.000000000000000000, -1.000000000000000000 ) ) ;
#3708 = CIRCLE ( 'NONE', #2179, 0.2019410093742285695 ) ;
#3709 = CARTESIAN_POINT ( 'NONE',  ( -3.403500000000001080, 2.080500000000000238, -0.8254999999999999005 ) ) ;
#3710 = CARTESIAN_POINT ( 'NONE',  ( -3.874554418332484484, 1.624558990625769139, 2.095500000000000362 ) ) ;
#3711 = VECTOR ( 'NONE', #3337, 1000.000000000000000 ) ;
#3712 = CARTESIAN_POINT ( 'NONE',  ( 5.000000000000000000, 0.2539999999999969504, 1.714500000000000357 ) ) ;
#3713 = FACE_OUTER_BOUND ( 'NONE', #30, .T. ) ;
#3714 = DIRECTION ( 'NONE',  ( 1.000000000000000000, 0.000000000000000000, -0.000000000000000000 ) ) ;
#3715 = VECTOR ( 'NONE', #3450, 1000.000000000000114 ) ;
#3716 = APPLICATION_CONTEXT ( 'automotive_design' ) ;
#3717 = DIRECTION ( 'NONE',  ( -1.000000000000000000, 0.000000000000000000, 0.000000000000000000 ) ) ;
#3718 = DIRECTION ( 'NONE',  ( 0.000000000000000000, -1.000000000000000000, 0.000000000000000000 ) ) ;
#3719 = CIRCLE ( 'NONE', #4049, 0.2019410093742298740 ) ;
#3720 = FACE_OUTER_BOUND ( 'NONE', #1234, .T. ) ;
#3721 = ORIENTED_EDGE ( 'NONE', *, *, #729, .T. ) ;
#3722 = VECTOR ( 'NONE', #2105, 1000.000000000000000 ) ;
#3723 = ORIENTED_EDGE ( 'NONE', *, *, #3350, .F. ) ;
#3724 = ADVANCED_FACE ( 'NONE', ( #1113 ), #180, .F. ) ;
#3725 = EDGE_CURVE ( 'NONE', #2277, #12, #830, .T. ) ;
#3726 = CARTESIAN_POINT ( 'NONE',  ( -3.403500000000001524, 2.080500000000000238, -1.714499999999999913 ) ) ;
#3727 = DIRECTION ( 'NONE',  ( 0.000000000000000000, 0.000000000000000000, 1.000000000000000000 ) ) ;
#3728 = EDGE_CURVE ( 'NONE', #3462, #2090, #3641, .T. ) ;
#3729 = ORIENTED_EDGE ( 'NONE', *, *, #2902, .T. ) ;
#3730 = CIRCLE ( 'NONE', #2866, 0.4559410093742276016 ) ;
#3731 = VECTOR ( 'NONE', #2716, 1000.000000000000000 ) ;
#3732 = DIRECTION ( 'NONE',  ( -1.000000000000000000, 0.000000000000000000, 0.000000000000000000 ) ) ;
#3733 = CARTESIAN_POINT ( 'NONE',  ( -4.571555597977357444, 0.2999999999999999334, 1.714500000000000357 ) ) ;
#3734 = CARTESIAN_POINT ( 'NONE',  ( -5.000000000000002665, -2.960210660448999032E-15, -0.4445000000000000062 ) ) ;
#3735 = FACE_OUTER_BOUND ( 'NONE', #3206, .T. ) ;
#3736 = CARTESIAN_POINT ( 'NONE',  ( 3.874554418332484040, 1.826499999999998902, -0.4445000000000000062 ) ) ;
#3737 = ORIENTED_EDGE ( 'NONE', *, *, #1350, .T. ) ;
#3738 = CARTESIAN_POINT ( 'NONE',  ( -4.999999999999997335, 0.4559410093742238823, 2.095500000000000362 ) ) ;
#3739 = CARTESIAN_POINT ( 'NONE',  ( -3.403500000000000192, 2.080500000000000238, -2.925000000000000711 ) ) ;
#3740 = ORIENTED_EDGE ( 'NONE', *, *, #2638, .T. ) ;
#3741 = ORIENTED_EDGE ( 'NONE', *, *, #3801, .T. ) ;
#3742 = CARTESIAN_POINT ( 'NONE',  ( -3.874554418332484929, 1.826499999999998902, 0.8255000000000000115 ) ) ;
#3743 = DIRECTION ( 'NONE',  ( -1.000000000000000000, -3.910807474849149877E-15, 0.000000000000000000 ) ) ;
#3744 = ORIENTED_EDGE ( 'NONE', *, *, #2688, .F. ) ;
#3745 = ADVANCED_FACE ( 'NONE', ( #3955 ), #2040, .F. ) ;
#3746 = EDGE_CURVE ( 'NONE', #1984, #3371, #803, .T. ) ;
#3747 = ORIENTED_EDGE ( 'NONE', *, *, #4025, .T. ) ;
#3748 = VECTOR ( 'NONE', #112, 1000.000000000000000 ) ;
#3749 = DIRECTION ( 'NONE',  ( -6.829619984160684276E-15, -1.000000000000000000, 0.000000000000000000 ) ) ;
#3750 = LINE ( 'NONE', #306, #604 ) ;
#3751 = CARTESIAN_POINT ( 'NONE',  ( -4.999999999999997335, 0.4559410093742238823, 0.8255000000000000115 ) ) ;
#3752 = LINE ( 'NONE', #2816, #313 ) ;
#3753 = DIRECTION ( 'NONE',  ( 3.910807474849149877E-15, 1.000000000000000000, -0.000000000000000000 ) ) ;
#3754 = CIRCLE ( 'NONE', #2424, 0.2019410093742298740 ) ;
#3755 = CARTESIAN_POINT ( 'NONE',  ( 3.403500000000000192, 1.826500000000000457, -0.8254999999999999005 ) ) ;
#3756 = CIRCLE ( 'NONE', #1971, 0.4559410093742276016 ) ;
#3757 = ORIENTED_EDGE ( 'NONE', *, *, #2004, .T. ) ;
#3758 = DIRECTION ( 'NONE',  ( 0.000000000000000000, 0.000000000000000000, 1.000000000000000000 ) ) ;
#3759 = LINE ( 'NONE', #2802, #3513 ) ;
#3760 = ORIENTED_EDGE ( 'NONE', *, *, #2991, .F. ) ;
#3761 = ORIENTED_EDGE ( 'NONE', *, *, #3519, .F. ) ;
#3762 = LINE ( 'NONE', #528, #4054 ) ;
#3763 = DIRECTION ( 'NONE',  ( -0.000000000000000000, -0.000000000000000000, -1.000000000000000000 ) ) ;
#3764 = ORIENTED_EDGE ( 'NONE', *, *, #3088, .T. ) ;
#3765 = ORIENTED_EDGE ( 'NONE', *, *, #3549, .F. ) ;
#3766 = DIRECTION ( 'NONE',  ( 6.829619984160685065E-15, 1.000000000000000000, 0.000000000000000000 ) ) ;
#3767 = CARTESIAN_POINT ( 'NONE',  ( -4.999999999999997335, 0.4559410093742238823, 0.4445000000000002283 ) ) ;
#3768 = EDGE_CURVE ( 'NONE', #956, #3360, #3664, .T. ) ;
#3769 = VECTOR ( 'NONE', #757, 1000.000000000000000 ) ;
#3770 = ORIENTED_EDGE ( 'NONE', *, *, #1728, .F. ) ;
#3771 = PRODUCT ( 'ACPL-C870-500E', 'ACPL-C870-500E', '', ( #2645 ) ) ;
#3772 = VECTOR ( 'NONE', #1527, 1000.000000000000000 ) ;
#3773 = PLANE ( 'NONE',  #2828 ) ;
#3774 = CARTESIAN_POINT ( 'NONE',  ( -3.403500000000000636, 2.080500000000000238, 2.095500000000000362 ) ) ;
#3775 = EDGE_CURVE ( 'NONE', #2309, #1723, #2335, .T. ) ;
#3776 = DIRECTION ( 'NONE',  ( -0.000000000000000000, 1.000000000000000000, -0.000000000000000000 ) ) ;
#3777 = VECTOR ( 'NONE', #3376, 1000.000000000000000 ) ;
#3778 = EDGE_CURVE ( 'NONE', #607, #3863, #1386, .T. ) ;
#3779 = ORIENTED_EDGE ( 'NONE', *, *, #590, .F. ) ;
#3780 = CARTESIAN_POINT ( 'NONE',  ( 5.000000000000000888, -2.960210660448999032E-15, -2.095499999999999918 ) ) ;
#3781 = FACE_OUTER_BOUND ( 'NONE', #239, .T. ) ;
#3782 = VECTOR ( 'NONE', #3242, 1000.000000000000000 ) ;
#3783 = ORIENTED_EDGE ( 'NONE', *, *, #2350, .F. ) ;
#3784 = CARTESIAN_POINT ( 'NONE',  ( -4.810237523656976322, 0.3868731164047179427, 0.8255000000000000115 ) ) ;
#3785 = ORIENTED_EDGE ( 'NONE', *, *, #1878, .F. ) ;
#3786 = CIRCLE ( 'NONE', #1534, 0.4559410093742302106 ) ;
#3787 = ORIENTED_EDGE ( 'NONE', *, *, #47, .T. ) ;
#3788 = CARTESIAN_POINT ( 'NONE',  ( -3.403500000000000636, 2.080500000000000238, 2.095500000000000362 ) ) ;
#3789 = LINE ( 'NONE', #3438, #3445 ) ;
#3790 = ORIENTED_EDGE ( 'NONE', *, *, #1016, .T. ) ;
#3791 = VECTOR ( 'NONE', #2850, 1000.000000000000000 ) ;
#3792 = ORIENTED_EDGE ( 'NONE', *, *, #820, .F. ) ;
#3793 =( NAMED_UNIT ( * ) PLANE_ANGLE_UNIT ( ) SI_UNIT ( $, .RADIAN. ) );
#3794 = CARTESIAN_POINT ( 'NONE',  ( 3.403500000000000192, 2.080500000000000682, 0.8255000000000000115 ) ) ;
#3795 = ORIENTED_EDGE ( 'NONE', *, *, #143, .F. ) ;
#3796 = AXIS2_PLACEMENT_3D ( 'NONE', #2419, #2363, #1109 ) ;
#3797 = CIRCLE ( 'NONE', #1619, 0.2019410093742285695 ) ;
#3798 = CARTESIAN_POINT ( 'NONE',  ( 5.000000000000000000, 0.2539999999999954516, 0.8255000000000000115 ) ) ;
#3799 = LINE ( 'NONE', #110, #3995 ) ;
#3800 = CARTESIAN_POINT ( 'NONE',  ( 3.403500000000000636, 1.826500000000000457, 2.095500000000000362 ) ) ;
#3801 = EDGE_CURVE ( 'NONE', #471, #834, #2389, .T. ) ;
#3802 = EDGE_CURVE ( 'NONE', #1387, #2277, #846, .T. ) ;
#3803 = ORIENTED_EDGE ( 'NONE', *, *, #357, .F. ) ;
#3804 = CARTESIAN_POINT ( 'NONE',  ( -3.403500000000001524, 2.080500000000000238, -1.714499999999999913 ) ) ;
#3805 = DIRECTION ( 'NONE',  ( 1.000000000000000000, 3.910807474849149088E-15, 0.000000000000000000 ) ) ;
#3806 = CARTESIAN_POINT ( 'NONE',  ( -3.403500000000001080, 1.826500000000000457, 0.8255000000000000115 ) ) ;
#3807 = VERTEX_POINT ( 'NONE', #3002 ) ;
#3808 = VERTEX_POINT ( 'NONE', #2672 ) ;
#3809 = CARTESIAN_POINT ( 'NONE',  ( -3.403500000000001080, 1.826500000000000457, -0.8254999999999999005 ) ) ;
#3810 = LINE ( 'NONE', #2629, #3385 ) ;
#3811 = ORIENTED_EDGE ( 'NONE', *, *, #3117, .T. ) ;
#3812 = ORIENTED_EDGE ( 'NONE', *, *, #249, .F. ) ;
#3813 = EDGE_CURVE ( 'NONE', #1481, #730, #2022, .T. ) ;
#3814 = CARTESIAN_POINT ( 'NONE',  ( 3.403500000000000636, 1.826500000000000457, 2.095500000000000362 ) ) ;
#3815 = LINE ( 'NONE', #3425, #326 ) ;
#3816 = ORIENTED_EDGE ( 'NONE', *, *, #3979, .F. ) ;
#3817 = LINE ( 'NONE', #1331, #2455 ) ;
#3818 = CARTESIAN_POINT ( 'NONE',  ( 3.403500000000000636, 1.826500000000000457, 1.714500000000000357 ) ) ;
#3819 = CARTESIAN_POINT ( 'NONE',  ( -5.750000000000002665, -2.710505431213761085E-17, -2.095499999999999918 ) ) ;
#3820 = LINE ( 'NONE', #421, #909 ) ;
#3821 = LINE ( 'NONE', #1646, #3007 ) ;
#3822 = LINE ( 'NONE', #1295, #2779 ) ;
#3823 = CARTESIAN_POINT ( 'NONE',  ( 4.571555597977357444, 0.2999999999999999334, 2.095500000000000362 ) ) ;
#3824 = EDGE_CURVE ( 'NONE', #2104, #2421, #1718, .T. ) ;
#3825 = ORIENTED_EDGE ( 'NONE', *, *, #191, .T. ) ;
#3826 = VECTOR ( 'NONE', #960, 1000.000000000000000 ) ;
#3827 = VERTEX_POINT ( 'NONE', #3020 ) ;
#3828 = EDGE_CURVE ( 'NONE', #2096, #4073, #3971, .T. ) ;
#3829 =( LENGTH_UNIT ( ) NAMED_UNIT ( * ) SI_UNIT ( .MILLI., .METRE. ) );
#3830 = DIRECTION ( 'NONE',  ( -0.000000000000000000, -0.000000000000000000, -1.000000000000000000 ) ) ;
#3831 = DIRECTION ( 'NONE',  ( -1.000000000000000000, 0.000000000000000000, 0.000000000000000000 ) ) ;
#3832 = ORIENTED_EDGE ( 'NONE', *, *, #3960, .T. ) ;
#3833 = EDGE_CURVE ( 'NONE', #2096, #2877, #142, .T. ) ;
#3834 = ORIENTED_EDGE ( 'NONE', *, *, #1116, .T. ) ;
#3835 = FACE_OUTER_BOUND ( 'NONE', #318, .T. ) ;
#3836 = EDGE_LOOP ( 'NONE', ( #1447, #1363, #1944, #688 ) ) ;
#3837 = DIRECTION ( 'NONE',  ( -3.910807474849149877E-15, 1.000000000000000000, 0.000000000000000000 ) ) ;
#3838 = VECTOR ( 'NONE', #4064, 1000.000000000000000 ) ;
#3839 = PLANE ( 'NONE',  #2129 ) ;
#3840 = DIRECTION ( 'NONE',  ( 0.000000000000000000, 0.000000000000000000, 1.000000000000000000 ) ) ;
#3841 = VECTOR ( 'NONE', #3633, 1000.000000000000000 ) ;
#3842 = LINE ( 'NONE', #1001, #3493 ) ;
#3843 = FACE_OUTER_BOUND ( 'NONE', #2042, .T. ) ;
#3844 = DIRECTION ( 'NONE',  ( -1.000000000000000000, 0.000000000000000000, 0.000000000000000000 ) ) ;
#3845 = ORIENTED_EDGE ( 'NONE', *, *, #1268, .T. ) ;
#3846 = CARTESIAN_POINT ( 'NONE',  ( -5.750000000000000000, 0.2539999999999990044, 2.095500000000000362 ) ) ;
#3847 = ORIENTED_EDGE ( 'NONE', *, *, #2611, .F. ) ;
#3848 = AXIS2_PLACEMENT_3D ( 'NONE', #2157, #2744, #3417 ) ;
#3849 = ORIENTED_EDGE ( 'NONE', *, *, #3778, .T. ) ;
#3850 = VECTOR ( 'NONE', #2218, 1000.000000000000114 ) ;
#3851 = DIRECTION ( 'NONE',  ( -0.000000000000000000, 0.000000000000000000, -1.000000000000000000 ) ) ;
#3852 = LINE ( 'NONE', #2874, #3264 ) ;
#3853 = CARTESIAN_POINT ( 'NONE',  ( -3.403500000000000636, 2.080500000000000238, 2.095500000000000362 ) ) ;
#3854 = ORIENTED_EDGE ( 'NONE', *, *, #1238, .F. ) ;
#3855 = VECTOR ( 'NONE', #1358, 1000.000000000000000 ) ;
#3856 = EDGE_CURVE ( 'NONE', #1881, #2271, #530, .T. ) ;
#3857 = EDGE_CURVE ( 'NONE', #2537, #519, #2988, .T. ) ;
#3858 = ORIENTED_EDGE ( 'NONE', *, *, #3954, .F. ) ;
#3859 = ADVANCED_FACE ( 'NONE', ( #1076 ), #3606, .T. ) ;
#3860 = AXIS2_PLACEMENT_3D ( 'NONE', #2027, #3670, #3611 ) ;
#3861 = LINE ( 'NONE', #2297, #271 ) ;
#3862 = LINE ( 'NONE', #3671, #524 ) ;
#3863 = VERTEX_POINT ( 'NONE', #3060 ) ;
#3864 = VECTOR ( 'NONE', #1264, 1000.000000000000000 ) ;
#3865 = AXIS2_PLACEMENT_3D ( 'NONE', #2784, #1219, #2471 ) ;
#3866 = DIRECTION ( 'NONE',  ( -1.000000000000000000, -6.829619984160705575E-15, 0.000000000000000000 ) ) ;
#3867 = DIRECTION ( 'NONE',  ( -0.000000000000000000, -1.000000000000000000, -0.000000000000000000 ) ) ;
#3868 = PLANE ( 'NONE',  #2255 ) ;
#3869 = AXIS2_PLACEMENT_3D ( 'NONE', #2600, #1002, #3873 ) ;
#3870 = EDGE_CURVE ( 'NONE', #1653, #746, #1797, .T. ) ;
#3871 = CARTESIAN_POINT ( 'NONE',  ( -4.999999999999998224, 0.4559410093742238823, -0.4445000000000000062 ) ) ;
#3872 = VECTOR ( 'NONE', #3096, 1000.000000000000000 ) ;
#3873 = DIRECTION ( 'NONE',  ( -0.000000000000000000, 0.000000000000000000, -1.000000000000000000 ) ) ;
#3874 = DIRECTION ( 'NONE',  ( -6.829619984160704786E-15, 1.000000000000000000, -0.000000000000000000 ) ) ;
#3875 = EDGE_CURVE ( 'NONE', #3808, #1569, #2588, .T. ) ;
#3876 = ORIENTED_EDGE ( 'NONE', *, *, #1425, .T. ) ;
#3877 = ORIENTED_EDGE ( 'NONE', *, *, #4005, .F. ) ;
#3878 = CARTESIAN_POINT ( 'NONE',  ( -3.874554418332485817, 2.080499999999998018, -1.714499999999999913 ) ) ;
#3879 = DIRECTION ( 'NONE',  ( 0.9396926207859083169, 0.3420201433256691570, -0.000000000000000000 ) ) ;
#3880 = PLANE ( 'NONE',  #3178 ) ;
#3881 = VERTEX_POINT ( 'NONE', #3701 ) ;
#3882 = ORIENTED_EDGE ( 'NONE', *, *, #661, .T. ) ;
#3883 = SURFACE_STYLE_FILL_AREA ( #104 ) ;
#3884 = CARTESIAN_POINT ( 'NONE',  ( -3.403500000000001080, 1.826500000000000457, 0.4445000000000002283 ) ) ;
#3885 = EDGE_LOOP ( 'NONE', ( #4031, #2239, #345, #217 ) ) ;
#3886 = EDGE_CURVE ( 'NONE', #188, #56, #2141, .T. ) ;
#3887 = FILL_AREA_STYLE ('',( #2282 ) ) ;
#3888 = PLANE ( 'NONE',  #1480 ) ;
#3889 = DIRECTION ( 'NONE',  ( -1.000000000000000000, 3.830847676115450052E-15, 0.000000000000000000 ) ) ;
#3890 = DIRECTION ( 'NONE',  ( -0.000000000000000000, -0.000000000000000000, -1.000000000000000000 ) ) ;
#3891 = DIRECTION ( 'NONE',  ( -0.000000000000000000, -0.000000000000000000, -1.000000000000000000 ) ) ;
#3892 = ORIENTED_EDGE ( 'NONE', *, *, #1663, .F. ) ;
#3893 = ORIENTED_EDGE ( 'NONE', *, *, #2690, .T. ) ;
#3894 = VERTEX_POINT ( 'NONE', #3455 ) ;
#3895 = CARTESIAN_POINT ( 'NONE',  ( 5.000000000000000888, -2.960210660448999032E-15, -0.8254999999999999005 ) ) ;
#3896 = CARTESIAN_POINT ( 'NONE',  ( 5.750000000000000000, 0.2539999999999982272, 0.4445000000000002283 ) ) ;
#3897 = CARTESIAN_POINT ( 'NONE',  ( -4.999999999999997335, 0.4559410093742238823, 0.8255000000000000115 ) ) ;
#3898 = EDGE_LOOP ( 'NONE', ( #1676, #2609 ) ) ;
#3899 = VECTOR ( 'NONE', #2094, 1000.000000000000000 ) ;
#3900 = ORIENTED_EDGE ( 'NONE', *, *, #3960, .F. ) ;
#3901 = CYLINDRICAL_SURFACE ( 'NONE', #2064, 0.4559410093742276016 ) ;
#3902 = CARTESIAN_POINT ( 'NONE',  ( -3.403500000000000636, 2.080500000000000238, 2.095500000000000362 ) ) ;
#3903 = ORIENTED_EDGE ( 'NONE', *, *, #1728, .T. ) ;
#3904 = DIRECTION ( 'NONE',  ( 1.000000000000000000, 0.000000000000000000, -1.911330405439408505E-16 ) ) ;
#3905 = LINE ( 'NONE', #3674, #2720 ) ;
#3906 = CARTESIAN_POINT ( 'NONE',  ( 5.750000000000000000, 0.2539999999999982272, 2.095500000000000362 ) ) ;
#3907 = EDGE_CURVE ( 'NONE', #1059, #2309, #3320, .T. ) ;
#3908 = EDGE_CURVE ( 'NONE', #3894, #2359, #4030, .T. ) ;
#3909 = LINE ( 'NONE', #1692, #1239 ) ;
#3910 = DIRECTION ( 'NONE',  ( 1.000000000000000000, 0.000000000000000000, 0.000000000000000000 ) ) ;
#3911 = EDGE_CURVE ( 'NONE', #1551, #83, #611, .T. ) ;
#3912 = ORIENTED_EDGE ( 'NONE', *, *, #3870, .T. ) ;
#3913 = SHAPE_DEFINITION_REPRESENTATION ( #1889, #88 ) ;
#3914 = EDGE_LOOP ( 'NONE', ( #2158, #2605, #1738, #2691 ) ) ;
#3915 = VERTEX_POINT ( 'NONE', #1502 ) ;
#3916 = LINE ( 'NONE', #767, #3996 ) ;
#3917 = CARTESIAN_POINT ( 'NONE',  ( 5.750000000000000000, 0.2539999999999982272, 2.095500000000000362 ) ) ;
#3918 = CARTESIAN_POINT ( 'NONE',  ( 4.302998820355126597, 1.780499999999993532, -0.4445000000000000062 ) ) ;
#3919 = ORIENTED_EDGE ( 'NONE', *, *, #3114, .F. ) ;
#3920 = ORIENTED_EDGE ( 'NONE', *, *, #729, .F. ) ;
#3921 = DIRECTION ( 'NONE',  ( -0.000000000000000000, -0.000000000000000000, -1.000000000000000000 ) ) ;
#3922 = LINE ( 'NONE', #2900, #861 ) ;
#3923 = EDGE_LOOP ( 'NONE', ( #1623, #903, #3624, #3499 ) ) ;
#3924 = AXIS2_PLACEMENT_3D ( 'NONE', #1610, #697, #1895 ) ;
#3925 = VECTOR ( 'NONE', #3348, 1000.000000000000000 ) ;
#3926 = CYLINDRICAL_SURFACE ( 'NONE', #2261, 0.4559410093742293224 ) ;
#3927 = MECHANICAL_DESIGN_GEOMETRIC_PRESENTATION_REPRESENTATION (  '', ( #2065 ), #677 ) ;
#3928 = FACE_OUTER_BOUND ( 'NONE', #2023, .T. ) ;
#3929 = VECTOR ( 'NONE', #2370, 1000.000000000000000 ) ;
#3930 = DIRECTION ( 'NONE',  ( 4.603299025719963228E-15, -1.000000000000000000, 0.000000000000000000 ) ) ;
#3931 = PLANE ( 'NONE',  #1150 ) ;
#3932 = EDGE_LOOP ( 'NONE', ( #3636, #802 ) ) ;
#3933 = EDGE_CURVE ( 'NONE', #924, #298, #1836, .T. ) ;
#3934 = EDGE_CURVE ( 'NONE', #3462, #4095, #1876, .T. ) ;
#3935 = VECTOR ( 'NONE', #2738, 1000.000000000000000 ) ;
#3936 = COLOUR_RGB ( '',0.7921568627450980005, 0.8196078431372548767, 0.9333333333333333481 ) ;
#3937 = EDGE_LOOP ( 'NONE', ( #3680, #789, #3919, #1154 ) ) ;
#3938 = LINE ( 'NONE', #1981, #2731 ) ;
#3939 = DIRECTION ( 'NONE',  ( -1.000000000000000000, -3.222309318003976232E-15, 0.000000000000000000 ) ) ;
#3940 = DIRECTION ( 'NONE',  ( -0.3420201433256681023, 0.9396926207859086499, -0.000000000000000000 ) ) ;
#3941 = ORIENTED_EDGE ( 'NONE', *, *, #2806, .F. ) ;
#3942 = ORIENTED_EDGE ( 'NONE', *, *, #3115, .F. ) ;
#3943 = CARTESIAN_POINT ( 'NONE',  ( 4.302998820355127485, 1.780499999999993532, 1.714500000000000357 ) ) ;
#3944 = ORIENTED_EDGE ( 'NONE', *, *, #3259, .T. ) ;
#3945 = FILL_AREA_STYLE_COLOUR ( '', #3936 ) ;
#3946 = DIRECTION ( 'NONE',  ( -0.000000000000000000, -0.000000000000000000, -1.000000000000000000 ) ) ;
#3947 = DIRECTION ( 'NONE',  ( -0.000000000000000000, -0.000000000000000000, -1.000000000000000000 ) ) ;
#3948 = EDGE_CURVE ( 'NONE', #1684, #751, #1400, .T. ) ;
#3949 = DIRECTION ( 'NONE',  ( -1.000000000000000000, 0.000000000000000000, 0.000000000000000000 ) ) ;
#3950 = CARTESIAN_POINT ( 'NONE',  ( -5.750000000000000888, 0.2539999999999990044, -1.714499999999999913 ) ) ;
#3951 = ORIENTED_EDGE ( 'NONE', *, *, #1116, .F. ) ;
#3952 = ORIENTED_EDGE ( 'NONE', *, *, #1067, .F. ) ;
#3953 = DIRECTION ( 'NONE',  ( -1.000000000000000000, 0.000000000000000000, 2.224004456380521410E-16 ) ) ;
#3954 = EDGE_CURVE ( 'NONE', #3494, #3585, #3398, .T. ) ;
#3955 = FACE_OUTER_BOUND ( 'NONE', #1322, .T. ) ;
#3956 = ORIENTED_EDGE ( 'NONE', *, *, #4080, .T. ) ;
#3957 = ORIENTED_EDGE ( 'NONE', *, *, #3088, .F. ) ;
#3958 = EDGE_CURVE ( 'NONE', #2353, #3494, #1190, .T. ) ;
#3959 = LINE ( 'NONE', #1703, #3929 ) ;
#3960 = EDGE_CURVE ( 'NONE', #3997, #2164, #2446, .T. ) ;
#3961 = VERTEX_POINT ( 'NONE', #3784 ) ;
#3962 = DIRECTION ( 'NONE',  ( 0.3420201433256681023, -0.9396926207859086499, 0.000000000000000000 ) ) ;
#3963 = DIRECTION ( 'NONE',  ( -1.000000000000000000, 0.000000000000000000, 0.000000000000000000 ) ) ;
#3964 = ADVANCED_FACE ( 'NONE', ( #3720, #2204 ), #2486, .T. ) ;
#3965 = FACE_OUTER_BOUND ( 'NONE', #3126, .T. ) ;
#3966 = FACE_OUTER_BOUND ( 'NONE', #2880, .T. ) ;
#3967 = ORIENTED_EDGE ( 'NONE', *, *, #3933, .T. ) ;
#3968 = ORIENTED_EDGE ( 'NONE', *, *, #1401, .T. ) ;
#3969 = CARTESIAN_POINT ( 'NONE',  ( -5.000000000000000000, 0.2539999999999951741, 0.8255000000000000115 ) ) ;
#3970 = VECTOR ( 'NONE', #2613, 1000.000000000000000 ) ;
#3971 = LINE ( 'NONE', #200, #3777 ) ;
#3972 = ORIENTED_EDGE ( 'NONE', *, *, #2251, .T. ) ;
#3973 = AXIS2_PLACEMENT_3D ( 'NONE', #1279, #1616, #367 ) ;
#3974 = ORIENTED_EDGE ( 'NONE', *, *, #3655, .F. ) ;
#3975 = CARTESIAN_POINT ( 'NONE',  ( 3.403500000000000636, 2.080500000000000682, 2.095500000000000362 ) ) ;
#3976 = SURFACE_STYLE_USAGE ( .BOTH. , #3363 ) ;
#3977 = AXIS2_PLACEMENT_3D ( 'NONE', #69, #6, #1896 ) ;
#3978 = ORIENTED_EDGE ( 'NONE', *, *, #4028, .T. ) ;
#3979 = EDGE_CURVE ( 'NONE', #2854, #2827, #1197, .T. ) ;
#3980 = ADVANCED_FACE ( 'NONE', ( #566 ), #522, .T. ) ;
#3981 = ADVANCED_FACE ( 'NONE', ( #2119 ), #1251, .F. ) ;
#3982 = VECTOR ( 'NONE', #628, 1000.000000000000000 ) ;
#3983 = DIRECTION ( 'NONE',  ( 0.000000000000000000, 0.000000000000000000, -1.000000000000000000 ) ) ;
#3984 = CARTESIAN_POINT ( 'NONE',  ( 5.000000000000001776, -2.960210660448999032E-15, 0.4445000000000002283 ) ) ;
#3985 = AXIS2_PLACEMENT_3D ( 'NONE', #438, #514, #3962 ) ;
#3986 = CARTESIAN_POINT ( 'NONE',  ( -3.403500000000000192, 1.826500000000000457, -2.925000000000000711 ) ) ;
#3987 = DIRECTION ( 'NONE',  ( -0.000000000000000000, 0.000000000000000000, -1.000000000000000000 ) ) ;
#3988 = VECTOR ( 'NONE', #2088, 1000.000000000000000 ) ;
#3989 = VERTEX_POINT ( 'NONE', #1549 ) ;
#3990 = ORIENTED_EDGE ( 'NONE', *, *, #1323, .F. ) ;
#3991 = EDGE_CURVE ( 'NONE', #1855, #83, #3759, .T. ) ;
#3992 = CARTESIAN_POINT ( 'NONE',  ( -3.403499999999998860, 1.826500000000000457, 2.925000000000001599 ) ) ;
#3993 = CARTESIAN_POINT ( 'NONE',  ( -3.403500000000001080, 2.080500000000000238, -0.4445000000000000062 ) ) ;
#3994 = ORIENTED_EDGE ( 'NONE', *, *, #3813, .F. ) ;
#3995 = VECTOR ( 'NONE', #1332, 1000.000000000000000 ) ;
#3996 = VECTOR ( 'NONE', #3540, 1000.000000000000114 ) ;
#3997 = VERTEX_POINT ( 'NONE', #1632 ) ;
#3998 = VECTOR ( 'NONE', #3718, 1000.000000000000000 ) ;
#3999 = CARTESIAN_POINT ( 'NONE',  ( 4.064316894675505942, 1.693626883595273247, -2.095499999999999918 ) ) ;
#4000 = FILL_AREA_STYLE ('',( #2677 ) ) ;
#4001 = EDGE_LOOP ( 'NONE', ( #1576, #1222, #1005, #3978 ) ) ;
#4002 = EDGE_CURVE ( 'NONE', #542, #674, #1031, .T. ) ;
#4003 = LINE ( 'NONE', #2659, #8 ) ;
#4004 = DIRECTION ( 'NONE',  ( -0.000000000000000000, -0.000000000000000000, -1.000000000000000000 ) ) ;
#4005 = EDGE_CURVE ( 'NONE', #2896, #1481, #2586, .T. ) ;
#4006 = FACE_OUTER_BOUND ( 'NONE', #1445, .T. ) ;
#4007 = CARTESIAN_POINT ( 'NONE',  ( 3.188964415826799570, 0.3000000000000001554, 2.710464415826798756 ) ) ;
#4008 = PLANE ( 'NONE',  #3322 ) ;
#4009 = ORIENTED_EDGE ( 'NONE', *, *, #2864, .F. ) ;
#4010 = ORIENTED_EDGE ( 'NONE', *, *, #4052, .T. ) ;
#4011 = DIRECTION ( 'NONE',  ( -1.000000000000000000, 0.000000000000000000, 1.911330405439408505E-16 ) ) ;
#4012 = DIRECTION ( 'NONE',  ( -1.000000000000000000, 0.000000000000000000, 0.000000000000000000 ) ) ;
#4013 = VERTEX_POINT ( 'NONE', #2552 ) ;
#4014 = ORIENTED_EDGE ( 'NONE', *, *, #864, .T. ) ;
#4015 = FACE_OUTER_BOUND ( 'NONE', #614, .T. ) ;
#4016 = DIRECTION ( 'NONE',  ( 1.000000000000000000, 1.662443331144440790E-15, 0.000000000000000000 ) ) ;
#4017 = ORIENTED_EDGE ( 'NONE', *, *, #3625, .F. ) ;
#4018 = DIRECTION ( 'NONE',  ( 0.000000000000000000, 0.000000000000000000, 1.000000000000000000 ) ) ;
#4019 = SURFACE_SIDE_STYLE ('',( #534 ) ) ;
#4020 = LINE ( 'NONE', #2093, #3119 ) ;
#4021 = AXIS2_PLACEMENT_3D ( 'NONE', #396, #2642, #738 ) ;
#4022 = FACE_OUTER_BOUND ( 'NONE', #2406, .T. ) ;
#4023 = PLANE ( 'NONE',  #2071 ) ;
#4024 = FACE_OUTER_BOUND ( 'NONE', #2275, .T. ) ;
#4025 = EDGE_CURVE ( 'NONE', #3807, #1015, #28, .T. ) ;
#4026 = ADVANCED_FACE ( 'NONE', ( #1611 ), #1296, .F. ) ;
#4027 = FACE_OUTER_BOUND ( 'NONE', #2634, .T. ) ;
#4028 = EDGE_CURVE ( 'NONE', #4013, #2537, #1275, .T. ) ;
#4029 = FACE_OUTER_BOUND ( 'NONE', #2683, .T. ) ;
#4030 = LINE ( 'NONE', #922, #1922 ) ;
#4031 = ORIENTED_EDGE ( 'NONE', *, *, #50, .T. ) ;
#4032 = ORIENTED_EDGE ( 'NONE', *, *, #2304, .T. ) ;
#4033 = CARTESIAN_POINT ( 'NONE',  ( -3.874554418332484484, 1.624558990625769139, 2.095500000000000362 ) ) ;
#4034 = DIRECTION ( 'NONE',  ( -1.000000000000000000, 3.682639220575973738E-15, -0.000000000000000000 ) ) ;
#4035 = ORIENTED_EDGE ( 'NONE', *, *, #2903, .T. ) ;
#4036 = VECTOR ( 'NONE', #2151, 1000.000000000000000 ) ;
#4037 = CARTESIAN_POINT ( 'NONE',  ( 3.874554418332484484, 1.826499999999998902, 2.095500000000000362 ) ) ;
#4038 = AXIS2_PLACEMENT_3D ( 'NONE', #2028, #1766, #2748 ) ;
#4039 =( LENGTH_UNIT ( ) NAMED_UNIT ( * ) SI_UNIT ( .MILLI., .METRE. ) );
#4040 = DIRECTION ( 'NONE',  ( -0.000000000000000000, -0.000000000000000000, -1.000000000000000000 ) ) ;
#4041 = VECTOR ( 'NONE', #465, 1000.000000000000000 ) ;
#4042 = CARTESIAN_POINT ( 'NONE',  ( 5.750000000000000888, -2.710505431213761085E-17, -0.4445000000000000062 ) ) ;
#4043 = CARTESIAN_POINT ( 'NONE',  ( -3.403500000000000192, 2.080500000000000238, -2.925000000000000711 ) ) ;
#4044 = DIRECTION ( 'NONE',  ( -0.000000000000000000, -0.000000000000000000, -1.000000000000000000 ) ) ;
#4045 = AXIS2_PLACEMENT_3D ( 'NONE', #270, #2462, #1267 ) ;
#4046 = PLANE ( 'NONE',  #1440 ) ;
#4047 = VECTOR ( 'NONE', #2733, 1000.000000000000000 ) ;
#4048 = CARTESIAN_POINT ( 'NONE',  ( 4.999999999999997335, 0.4559410093742238823, 0.8255000000000000115 ) ) ;
#4049 = AXIS2_PLACEMENT_3D ( 'NONE', #437, #2091, #835 ) ;
#4050 = EDGE_CURVE ( 'NONE', #184, #3648, #2267, .T. ) ;
#4051 = CARTESIAN_POINT ( 'NONE',  ( -2.128980829383888551, 3.606999999999999762, -1.933577189573473465 ) ) ;
#4052 = EDGE_CURVE ( 'NONE', #3214, #1838, #2237, .T. ) ;
#4053 = ORIENTED_EDGE ( 'NONE', *, *, #2616, .T. ) ;
#4054 = VECTOR ( 'NONE', #1177, 1000.000000000000114 ) ;
#4055 = ORIENTED_EDGE ( 'NONE', *, *, #2639, .F. ) ;
#4056 = CIRCLE ( 'NONE', #1412, 0.4559410093742302106 ) ;
#4057 = CARTESIAN_POINT ( 'NONE',  ( -4.571555597977358332, 0.2999999999999999334, -0.4445000000000000062 ) ) ;
#4058 = DIRECTION ( 'NONE',  ( -2.224004456380521410E-16, -0.000000000000000000, -1.000000000000000000 ) ) ;
#4059 = ORIENTED_EDGE ( 'NONE', *, *, #2052, .T. ) ;
#4060 = AXIS2_PLACEMENT_3D ( 'NONE', #1206, #2772, #1891 ) ;
#4061 = ORIENTED_EDGE ( 'NONE', *, *, #795, .F. ) ;
#4062 = VECTOR ( 'NONE', #3019, 1000.000000000000114 ) ;
#4063 = FILL_AREA_STYLE ('',( #2109 ) ) ;
#4064 = DIRECTION ( 'NONE',  ( -0.000000000000000000, -0.000000000000000000, -1.000000000000000000 ) ) ;
#4065 = CARTESIAN_POINT ( 'NONE',  ( 3.874554418332483596, 1.624558990625769139, -1.714499999999999913 ) ) ;
#4066 = DIRECTION ( 'NONE',  ( 0.000000000000000000, 0.000000000000000000, 1.000000000000000000 ) ) ;
#4067 = CARTESIAN_POINT ( 'NONE',  ( -3.403500000000001080, 2.080500000000000238, 0.8255000000000000115 ) ) ;
#4068 = ORIENTED_EDGE ( 'NONE', *, *, #3274, .T. ) ;
#4069 = CARTESIAN_POINT ( 'NONE',  ( -3.403500000000001524, 1.826500000000000457, -1.714499999999999913 ) ) ;
#4070 = DIRECTION ( 'NONE',  ( -0.000000000000000000, -0.000000000000000000, -1.000000000000000000 ) ) ;
#4071 = VERTEX_POINT ( 'NONE', #651 ) ;
#4072 = ADVANCED_FACE ( 'NONE', ( #3491 ), #3537, .F. ) ;
#4073 = VERTEX_POINT ( 'NONE', #2288 ) ;
#4074 = FACE_OUTER_BOUND ( 'NONE', #1258, .T. ) ;
#4075 = FACE_OUTER_BOUND ( 'NONE', #3290, .T. ) ;
#4076 = EDGE_LOOP ( 'NONE', ( #3295, #425, #910, #1938 ) ) ;
#4077 = ADVANCED_FACE ( 'NONE', ( #2575 ), #2535, .F. ) ;
#4078 = ORIENTED_EDGE ( 'NONE', *, *, #2358, .F. ) ;
#4079 = CIRCLE ( 'NONE', #1965, 0.4559410093742276016 ) ;
#4080 = EDGE_CURVE ( 'NONE', #2430, #2999, #1936, .T. ) ;
#4081 = CARTESIAN_POINT ( 'NONE',  ( -3.403500000000001080, 2.080500000000000238, -0.8254999999999999005 ) ) ;
#4082 = ORIENTED_EDGE ( 'NONE', *, *, #108, .T. ) ;
#4083 = CARTESIAN_POINT ( 'NONE',  ( 5.000000000000000000, 0.2539999999999954516, 2.095500000000000362 ) ) ;
#4084 = CARTESIAN_POINT ( 'NONE',  ( -3.874554418332484484, 1.624558990625769139, 1.714500000000000357 ) ) ;
#4085 = FACE_OUTER_BOUND ( 'NONE', #2410, .T. ) ;
#4086 = EDGE_CURVE ( 'NONE', #2433, #3228, #2890, .T. ) ;
#4087 = ORIENTED_EDGE ( 'NONE', *, *, #479, .T. ) ;
#4088 = DIRECTION ( 'NONE',  ( 1.000000000000000000, -3.222309318003977021E-15, 0.000000000000000000 ) ) ;
#4089 = LINE ( 'NONE', #2508, #3782 ) ;
#4090 = DIRECTION ( 'NONE',  ( 1.000000000000000000, 0.000000000000000000, 0.000000000000000000 ) ) ;
#4091 = ORIENTED_EDGE ( 'NONE', *, *, #1602, .F. ) ;
#4092 = ORIENTED_EDGE ( 'NONE', *, *, #842, .F. ) ;
#4093 = DIRECTION ( 'NONE',  ( 1.000000000000000000, 3.222309318003977021E-15, -0.000000000000000000 ) ) ;
#4094 = FACE_OUTER_BOUND ( 'NONE', #2749, .T. ) ;
#4095 = VERTEX_POINT ( 'NONE', #3846 ) ;
#4096 = EDGE_LOOP ( 'NONE', ( #1532, #97, #1720, #593 ) ) ;
#4097 = CARTESIAN_POINT ( 'NONE',  ( 4.064316894675506830, 1.693626883595273247, 2.095500000000000362 ) ) ;
#4098 = CARTESIAN_POINT ( 'NONE',  ( 4.064316894675505942, 1.693626883595273247, -0.4445000000000000062 ) ) ;
#4099 = VECTOR ( 'NONE', #2211, 1000.000000000000000 ) ;
#4100 = ORIENTED_EDGE ( 'NONE', *, *, #554, .T. ) ;
#4101 = EDGE_CURVE ( 'NONE', #2177, #3915, #1315, .T. ) ;
#4102 = EDGE_CURVE ( 'NONE', #1459, #2098, #964, .T. ) ;
#4103 = VECTOR ( 'NONE', #4058, 1000.000000000000000 ) ;
#4104 = DIRECTION ( 'NONE',  ( -1.000000000000000000, -1.662443331144440592E-15, -0.000000000000000000 ) ) ;
#4105 = CARTESIAN_POINT ( 'NONE',  ( 4.571555597977357444, 0.2999999999999999334, 0.8255000000000000115 ) ) ;
#4106 = DIRECTION ( 'NONE',  ( 0.3420201433256691015, 0.9396926207859082059, -0.000000000000000000 ) ) ;
ENDSEC;
END-ISO-10303-21;
